{
  "r_target": 18.710575271722774,
  "A": 18.710575271722774,
  "V0": -0.3069263468268473,
  "vpi_fit": 5.252839502435297,
  "vpi_scan": 5.4
}