timestamp_s,s1_dbm,s2_dbm,r,error,offset_V
0.593,-49.540,-66.478,7.02876,10.20341,0.78805
1.218,-44.382,-67.933,15.05010,2.18207,0.76410
1.623,-44.215,-68.815,16.98335,0.24882,0.76137
2.043,-44.171,-68.029,15.59255,1.63962,0.74338
2.675,-44.009,-67.989,15.81282,1.41935,0.72781
3.360,-43.863,-68.671,17.39438,-0.16221,0.72959
3.801,-43.860,-68.434,16.93143,0.30074,0.72629
4.233,-43.803,-69.149,18.50615,-1.27398,0.74027
4.674,-43.877,-68.876,17.78074,-0.54857,0.74629
5.112,-43.901,-68.837,17.65357,-0.42140,0.75091
5.548,-43.930,-69.141,18.22002,-0.98785,0.76175
5.978,-43.963,-69.347,18.58696,-1.35479,0.77661
6.636,-44.026,-69.393,18.55052,-1.31835,0.79108
7.237,-44.105,-67.757,15.22661,2.00556,0.76907
7.733,-43.957,-68.939,17.74564,-0.51347,0.77471
8.174,-43.982,-68.498,16.81840,0.41377,0.77017
8.602,-43.942,-68.041,16.02997,1.20220,0.75698
9.189,-43.878,-69.339,18.75254,-1.52037,0.77366
9.589,-43.950,-68.695,17.26737,-0.03520,0.77405
10.215,-43.946,-68.353,16.60791,0.62426,0.76720
10.703,-43.922,-68.995,17.93139,-0.69922,0.77487
11.254,-43.932,-68.946,17.81072,-0.57855,0.78122
11.684,-43.956,-69.243,18.37949,-1.14731,0.79380
12.271,-44.043,-69.268,18.24983,-1.01766,0.80497
12.664,-44.086,-69.286,18.19696,-0.96479,0.81556
13.201,-44.136,-67.948,15.50960,1.72257,0.79666
13.747,-44.012,-68.134,16.07341,1.15876,0.78394
14.189,-43.933,-68.626,17.16495,0.06722,0.78320
14.827,-43.947,-69.156,18.21463,-0.98246,0.79398
15.440,-43.980,-68.349,16.53639,0.69578,0.78635
15.845,-44.001,-68.179,16.17637,1.05580,0.77477
16.266,-43.992,-69.309,18.44269,-1.21052,0.78805
16.702,-44.012,-68.316,16.41436,0.81781,0.77907
17.144,-43.975,-68.883,17.59508,-0.36291,0.78306
17.684,-43.986,-69.482,18.82755,-1.59538,0.80056
18.314,-44.061,-69.287,18.25066,-1.01849,0.81174
18.919,-44.114,-69.064,17.67996,-0.44779,0.81665
19.536,-44.118,-68.247,16.08566,1.14651,0.80407
19.990,-44.038,-68.768,17.23939,-0.00722,0.80415
20.424,-44.037,-69.449,18.64621,-1.41404,0.81966
21.021,-44.111,-68.889,17.33374,-0.10156,0.82078
21.582,-44.115,-68.877,17.30143,-0.06926,0.82154
22.167,-44.132,-68.736,16.99051,0.24166,0.81889
22.717,-44.118,-69.185,17.92099,-0.68882,0.82644
23.331,-44.175,-68.837,17.10541,0.12676,0.82505
23.939,-44.196,-67.757,15.06714,2.16503,0.80130
24.362,-44.046,-68.411,16.52875,0.70342,0.79358
24.795,-44.020,-68.197,16.17505,1.05713,0.78198
25.232,-43.946,-68.106,16.14435,1.08782,0.77005
25.671,-43.894,-69.069,18.14436,-0.91219,0.78005
26.103,-43.962,-69.210,18.29760,-1.06543,0.79174
26.547,-44.008,-68.679,17.12149,0.11068,0.79053
26.980,-44.022,-69.749,19.33524,-2.10307,0.81361
27.420,-44.141,-68.768,17.03543,0.19674,0.81145
27.987,-44.144,-69.740,19.04629,-1.81412,0.83135
28.514,-44.264,-68.695,16.65514,0.57703,0.82502
28.953,-44.241,-68.443,16.22176,1.01041,0.81393
29.588,-44.170,-68.855,17.14873,0.08344,0.81302
30.043,-44.178,-68.720,16.86813,0.36404,0.80902
30.480,-44.161,-68.126,15.78397,1.44820,0.79313
30.918,-44.066,-67.898,15.54500,1.68717,0.77462
31.522,-43.958,-68.988,17.84497,-0.61280,0.78135
32.025,-43.994,-67.972,15.80909,1.42308,0.76573
32.445,-43.882,-68.518,17.05287,0.17930,0.76376
32.886,-43.865,-68.211,16.49397,0.73820,0.75566
33.464,-43.798,-69.029,18.26197,-1.02980,0.76696
34.085,-43.851,-68.394,16.87085,0.36132,0.76300
34.529,-43.826,-68.688,17.50259,-0.27042,0.76597
34.970,-43.816,-68.269,16.69758,0.53459,0.76010
35.696,-43.757,-69.486,19.33953,-2.10736,0.78322
36.175,-43.876,-69.283,18.63610,-1.40393,0.79863
36.601,-43.950,-69.425,18.78265,-1.55048,0.81564
37.052,-44.034,-68.426,16.58030,0.65187,0.80849
37.745,-43.986,-69.017,17.84559,-0.61342,0.81522
38.150,-44.031,-69.042,17.80663,-0.57446,0.82152
38.582,-44.046,-68.521,16.74081,0.49136,0.81613
39.197,-44.032,-68.416,16.56615,0.66602,0.80882
39.674,-44.006,-69.266,18.32391,-1.09174,0.82080
40.327,-44.078,-69.097,17.82243,-0.59026,0.82728
40.762,-44.108,-68.037,15.72011,1.51206,0.81069
41.204,-44.026,-68.516,16.76938,0.46279,0.80561
41.640,-43.981,-67.965,15.81890,1.41327,0.79010
42.187,-43.900,-67.896,15.84059,1.39158,0.77483
42.617,-43.820,-69.069,18.29986,-1.06769,0.78655
43.060,-43.890,-68.032,16.10955,1.12262,0.77423
43.601,-43.845,-69.471,19.11211,-1.87994,0.79486
44.043,-43.962,-69.460,18.83114,-1.59897,0.81240
44.482,-44.082,-69.051,17.71923,-0.48706,0.81775
44.916,-44.119,-69.322,18.20297,-0.97079,0.82840
45.354,-44.195,-68.310,16.06048,1.17169,0.81554
45.793,-44.149,-69.345,18.19030,-0.95813,0.82605
46.338,-44.199,-68.395,16.20882,1.02335,0.81483
46.780,-44.153,-68.227,15.98491,1.24726,0.80114
47.392,-44.068,-68.670,16.98700,0.24517,0.79845
47.983,-44.055,-68.255,16.21856,1.01361,0.78733
48.530,-43.997,-68.035,15.91850,1.31367,0.77292
48.970,-43.893,-68.080,16.19454,1.03763,0.76153
49.509,-43.837,-69.127,18.38684,-1.15467,0.77420
49.960,-43.911,-67.968,15.95462,1.27755,0.76018
50.580,-43.825,-68.134,16.42163,0.81054,0.75129
51.054,-43.752,-68.591,17.45564,-0.22347,0.75374
51.475,-43.748,-68.767,17.82127,-0.58910,0.76020
52.027,-43.772,-68.119,16.49513,0.73704,0.75212
52.471,-43.743,-68.610,17.51223,-0.28006,0.75519
53.025,-43.730,-68.928,18.19200,-0.95983,0.76572
53.452,-43.761,-69.105,18.50048,-1.26831,0.77964
53.890,-43.826,-69.629,19.50465,-2.27248,0.80457
54.464,-43.957,-68.875,17.61634,-0.38417,0.80879
55.067,-43.975,-69.508,18.90718,-1.67501,0.82717
55.692,-44.076,-68.965,17.55871,-0.32654,0.83075
56.189,-44.084,-69.212,18.04541,-0.81324,0.83967
56.819,-44.133,-69.004,17.52041,-0.28824,0.84283
57.280,-44.157,-69.402,18.29114,-1.05897,0.85445
57.719,-44.235,-68.553,16.43889,0.79328,0.84575
58.269,-44.171,-68.634,16.71631,0.51586,0.84009
58.704,-44.124,-67.989,15.60620,1.62597,0.82225
59.135,-44.056,-68.186,16.08856,1.14361,0.80970
59.587,-43.966,-69.025,17.90382,-0.67165,0.81707
60.152,-44.013,-68.197,16.18851,1.04367,0.80562
60.705,-43.962,-67.997,15.91180,1.32037,0.79113
61.110,-43.909,-68.514,16.99230,0.23987,0.78850
61.550,-43.895,-69.191,18.39848,-1.16631,0.80130
61.983,-43.964,-68.584,17.02344,0.20873,0.79901
62.415,-43.961,-69.139,18.14951,-0.91734,0.80907
62.860,-44.040,-69.165,18.04190,-0.80973,0.81796
63.465,-44.088,-68.390,16.40848,0.82370,0.80892
63.983,-44.050,-69.538,18.81161,-1.57944,0.82625
64.485,-44.166,-68.597,16.65566,0.57651,0.81992
65.110,-44.142,-68.377,16.28252,0.94965,0.80950
65.617,-44.082,-69.406,18.45837,-1.22620,0.82296
66.233,-44.165,-68.305,16.10634,1.12583,0.81060
66.768,-44.102,-68.635,16.85054,0.38163,0.80642
67.235,-44.070,-67.979,15.68369,1.54848,0.78943
67.668,-43.983,-68.939,17.69288,-0.46071,0.79448
68.109,-44.010,-69.228,18.23459,-1.00242,0.80548
68.545,-44.047,-67.857,15.50650,1.72567,0.78655
68.976,-43.947,-68.099,16.12916,1.10301,0.77444
69.429,-43.869,-69.004,18.06181,-0.82964,0.78355
69.858,-43.912,-68.881,17.71977,-0.48760,0.78890
70.296,-43.922,-69.066,18.08137,-0.84920,0.79821
70.939,-43.978,-68.980,17.78645,-0.55428,0.80430
71.382,-43.982,-68.604,17.02544,0.20673,0.80203
71.974,-43.956,-69.307,18.51587,-1.28370,0.81611
72.591,-44.028,-68.663,17.04924,0.18293,0.81411
73.026,-44.002,-69.601,19.05098,-1.81881,0.83406
73.597,-44.107,-68.611,16.79612,0.43606,0.82928
74.125,-44.073,-68.675,16.98650,0.24567,0.82658
74.669,-44.051,-68.537,16.76048,0.47169,0.82141
75.243,-44.025,-69.168,18.07761,-0.84544,0.83068
75.767,-44.068,-68.891,17.42525,-0.19307,0.83280
76.198,-44.067,-69.230,18.11978,-0.88761,0.84254
76.640,-44.132,-68.356,16.26329,0.96888,0.83191
77.188,-44.088,-68.650,16.90849,0.32368,0.82836
77.738,-44.074,-67.878,15.49592,1.73625,0.80931
78.167,-43.980,-68.817,17.45168,-0.21951,0.81172
78.605,-43.999,-68.982,17.74713,-0.51496,0.81737
79.041,-44.036,-67.739,15.31704,1.91513,0.79635
79.485,-43.934,-68.713,17.33725,-0.10507,0.79751
79.921,-43.948,-69.261,18.43523,-1.20305,0.81071
80.563,-44.049,-68.483,16.66146,0.57071,0.80444
81.117,-44.014,-68.266,16.31507,0.91710,0.79438
81.553,-43.968,-68.377,16.61253,0.61964,0.78758
82.107,-43.927,-68.545,17.01693,0.21524,0.78522
82.543,-43.917,-68.968,17.88655,-0.65437,0.79240
83.184,-43.977,-68.981,17.79172,-0.55954,0.79854
83.639,-44.005,-68.402,16.58887,0.64330,0.79148
84.192,-43.991,-69.030,17.86365,-0.63148,0.79841
84.732,-44.026,-68.257,16.27581,0.95636,0.78792
85.163,-43.992,-68.437,16.68273,0.54944,0.78189
85.605,-43.943,-69.049,18.00153,-0.76936,0.79033
86.205,-43.993,-68.042,15.93896,1.29321,0.77614
86.699,-43.908,-67.954,15.93269,1.29948,0.76188
87.136,-43.826,-68.453,17.03534,0.19684,0.75972
87.733,-43.819,-68.196,16.55228,0.67989,0.75226
88.251,-43.757,-69.247,18.81556,-1.58339,0.76964
88.672,-43.838,-69.088,18.30287,-1.07070,0.78138
89.224,-43.903,-68.521,17.01655,0.21562,0.77902
89.656,-43.867,-68.405,16.86159,0.37058,0.77495
90.198,-43.831,-68.377,16.87737,0.35481,0.77106
90.748,-43.782,-69.853,20.11761,-2.88544,0.80272
91.192,-43.942,-69.332,18.59915,-1.36698,0.81772
91.832,-44.007,-68.778,17.31885,-0.08668,0.81867
92.445,-44.013,-69.543,18.90114,-1.66897,0.83698
92.959,-44.087,-69.369,18.36787,-1.13569,0.84944
93.575,-44.196,-69.324,18.04787,-0.81569,0.85839
94.194,-44.242,-69.425,18.16142,-0.92925,0.86859
94.701,-44.285,-68.747,16.71541,0.51676,0.86292
95.236,-44.250,-67.940,15.29450,1.93767,0.84166
95.671,-44.140,-69.037,17.57451,-0.34234,0.84541
96.111,-44.162,-68.229,15.97099,1.26118,0.83158
96.541,-44.085,-67.977,15.65324,1.57893,0.81425
96.985,-44.000,-68.444,16.67982,0.55236,0.80819
97.562,-43.973,-69.208,18.26986,-1.03769,0.81958
98.185,-44.062,-69.308,18.29460,-1.06242,0.83123
98.740,-44.126,-68.925,17.37636,-0.14419,0.83282
99.172,-44.150,-68.000,15.57832,1.65385,0.81467
99.607,-44.054,-68.509,16.70132,0.53085,0.80885
100.043,-44.017,-68.452,16.66354,0.56863,0.80261
100.684,-44.001,-68.859,17.49494,-0.26277,0.80549
101.144,-44.025,-69.858,19.57438,-2.34221,0.83119
101.579,-44.189,-69.200,17.80629,-0.57412,0.83749
102.179,-44.217,-68.150,15.72708,1.50509,0.82097
102.677,-44.128,-69.598,18.77235,-1.54018,0.83787
103.318,-44.223,-69.292,17.92391,-0.69174,0.84546
103.771,-44.292,-67.832,15.02977,2.20240,0.82130
104.209,-44.154,-68.499,16.49086,0.74132,0.81316
104.641,-44.105,-68.229,16.07530,1.15687,0.80047
105.230,-44.028,-68.351,16.44878,0.78339,0.79187
105.641,-43.981,-69.132,18.09468,-0.86251,0.80134
106.272,-44.011,-68.881,17.51743,-0.28526,0.80447
106.886,-44.014,-67.921,15.67910,1.55307,0.78743
107.502,-43.922,-69.281,18.53317,-1.30100,0.80170
107.925,-43.990,-68.212,16.26068,0.97149,0.79104
108.361,-43.910,-68.138,16.27146,0.96071,0.78050
108.899,-43.820,-69.799,19.90503,-2.67286,0.80983
109.545,-43.975,-68.862,17.55249,-0.32032,0.81334
110.161,-43.993,-68.632,17.05776,0.17441,0.81143
110.567,-43.967,-69.628,19.18949,-1.95732,0.83291
110.975,-44.097,-69.107,17.80251,-0.57034,0.83916
111.416,-44.120,-69.237,18.02413,-0.79196,0.84785
111.849,-44.175,-68.991,17.41041,-0.17824,0.84981
112.296,-44.183,-69.691,18.85323,-1.62105,0.86760
112.728,-44.271,-68.587,16.43594,0.79623,0.85886
113.179,-44.249,-68.049,15.48921,1.74296,0.83974
113.600,-44.108,-68.470,16.52212,0.71006,0.83194
114.043,-44.074,-68.315,16.29470,0.93748,0.82166
114.682,-44.036,-69.077,17.86688,-0.63471,0.82862
115.138,-44.063,-69.027,17.70987,-0.47770,0.83386
115.584,-44.098,-67.863,15.42617,1.80601,0.81405
116.308,-44.006,-68.860,17.48623,-0.25406,0.81684
116.920,-44.060,-68.799,17.25664,-0.02447,0.81710
117.532,-44.054,-69.208,18.10213,-0.86996,0.82665
117.982,-44.140,-69.500,18.53487,-1.30270,0.84094
118.420,-44.226,-68.540,16.43057,0.80160,0.83215
118.864,-44.201,-69.465,18.33133,-1.09916,0.84421
119.289,-44.259,-68.841,16.94631,0.28586,0.84107
119.729,-44.245,-68.345,16.03253,1.19964,0.82791
120.302,-44.188,-69.291,17.99443,-0.76226,0.83627
120.715,-44.231,-69.251,17.82479,-0.59262,0.84277
121.309,-44.266,-69.129,17.50429,-0.27212,0.84576
121.709,-44.295,-68.913,17.01615,0.21602,0.84339
122.254,-44.277,-68.648,16.54067,0.69150,0.83580
122.683,-44.238,-68.522,16.37620,0.85597,0.82641
123.270,-44.169,-68.201,15.90845,1.32373,0.81189
123.669,-44.101,-67.934,15.54676,1.68541,0.79339
124.294,-43.993,-67.963,15.79468,1.43749,0.77762
124.761,-43.879,-68.113,16.28328,0.94889,0.76721
125.196,-43.823,-69.199,18.56849,-1.33632,0.78187
125.830,-43.898,-68.612,17.20767,0.02450,0.78160
126.450,-43.879,-69.508,19.11891,-1.88674,0.80231
126.953,-43.976,-68.932,17.69337,-0.46120,0.80737
127.391,-43.985,-68.174,16.19767,1.03451,0.79601
127.935,-43.931,-68.403,16.73437,0.49780,0.79055
128.373,-43.895,-70.172,20.59946,-3.36729,0.82750
128.998,-44.076,-68.676,16.98406,0.24811,0.82478
129.574,-44.035,-69.233,18.19158,-0.95941,0.83530
130.119,-44.103,-69.682,19.00774,-1.77557,0.85479
130.746,-44.201,-69.510,18.42760,-1.19543,0.86790
131.214,-44.290,-68.488,16.21292,1.01925,0.85672
131.674,-44.245,-67.914,15.25503,1.97714,0.83503
132.086,-44.102,-69.244,18.07484,-0.84266,0.84427
132.526,-44.172,-67.920,15.39609,1.83608,0.82413
133.077,-44.058,-69.083,17.83354,-0.60137,0.83072
133.512,-44.106,-69.046,17.66061,-0.42844,0.83542
133.947,-44.131,-67.582,14.87792,2.35425,0.80959
134.585,-43.986,-69.168,18.16010,-0.92793,0.81977
135.043,-44.069,-68.705,17.05267,0.17950,0.81781
135.682,-44.045,-68.639,16.97024,0.26193,0.81493
136.135,-44.047,-68.367,16.44453,0.78764,0.80629
136.786,-44.024,-69.501,18.78803,-1.55585,0.82336
137.335,-44.117,-69.810,19.25962,-2.02745,0.84561
137.784,-44.263,-69.522,18.32069,-1.08852,0.85755
138.219,-44.325,-68.301,15.80427,1.42790,0.84188
138.766,-44.266,-68.510,16.30198,0.93019,0.83168
139.195,-44.202,-69.172,17.72249,-0.49032,0.83706
139.759,-44.250,-68.256,15.85969,1.37248,0.82200
140.185,-44.161,-68.003,15.56436,1.66781,0.80370
140.783,-44.061,-68.337,16.35996,0.87222,0.79413
141.177,-44.000,-68.907,17.59349,-0.36132,0.79809
141.606,-44.015,-68.739,17.22706,0.00511,0.79804
142.044,-44.017,-69.194,18.14774,-0.91556,0.80808
142.703,-44.078,-68.060,15.81520,1.41698,0.79253
143.136,-43.960,-68.085,16.07912,1.15305,0.77988
143.685,-43.877,-68.742,17.50765,-0.27548,0.78290
144.260,-43.884,-69.779,19.71430,-2.48213,0.81014
144.672,-44.032,-69.273,18.28317,-1.05100,0.82167
145.219,-44.082,-69.166,17.95434,-0.72217,0.82959
145.796,-44.120,-68.926,17.39053,-0.15836,0.83133
146.341,-44.111,-68.319,16.23302,0.99915,0.82037
146.868,-44.042,-68.344,16.41113,0.82104,0.81136
147.297,-43.987,-68.730,17.26395,-0.03178,0.81171
147.735,-43.979,-69.035,17.89737,-0.66519,0.81901
148.169,-44.013,-68.765,17.28253,-0.05036,0.81956
148.770,-44.033,-68.628,16.97179,0.26038,0.81670
149.286,-44.017,-69.980,19.86836,-2.63619,0.84563
149.701,-44.173,-68.577,16.60336,0.62881,0.83873
150.133,-44.135,-69.248,18.01484,-0.78267,0.84732
150.583,-44.187,-68.467,16.36803,0.86414,0.83784
151.135,-44.149,-67.986,15.55267,1.67950,0.81941
151.565,-44.042,-68.182,16.10654,1.12563,0.80706
152.120,-43.971,-69.069,17.98550,-0.75333,0.81532
152.672,-44.036,-68.465,16.65229,0.57988,0.80896
153.202,-44.000,-68.887,17.55324,-0.32107,0.81248
153.644,-44.032,-68.302,16.35016,0.88201,0.80280
154.194,-43.981,-68.670,17.15672,0.07545,0.80198
154.809,-43.998,-69.344,18.50613,-1.27396,0.81596
155.284,-44.094,-68.426,16.46630,0.76587,0.80755
155.842,-44.039,-69.880,19.59216,-2.35999,0.83345
156.270,-44.199,-68.854,17.09057,0.14160,0.83189
156.733,-44.200,-68.331,16.09013,1.14204,0.81936
157.245,-44.142,-68.359,16.24909,0.98308,0.80858
157.858,-44.075,-68.867,17.36198,-0.12981,0.81000
158.345,-44.088,-69.030,17.66576,-0.43359,0.81476
158.899,-44.103,-67.886,15.45708,1.77509,0.79528
159.532,-43.997,-68.909,17.60318,-0.37101,0.79935
159.994,-44.021,-68.219,16.21277,1.01940,0.78817
160.419,-43.956,-68.911,17.69064,-0.45847,0.79320
160.965,-43.975,-67.964,15.82883,1.40334,0.77780
161.520,-43.870,-67.935,15.96765,1.26452,0.76392
161.948,-43.784,-69.368,19.01946,-1.78729,0.78353
162.673,-43.912,-68.682,17.31887,-0.08670,0.78449
163.314,-43.877,-69.021,18.08112,-0.84895,0.79380
163.710,-43.927,-68.264,16.47633,0.75584,0.78551
164.132,-43.876,-68.602,17.23000,0.00217,0.78548
164.689,-43.856,-69.282,18.67666,-1.44449,0.80133
165.234,-43.931,-68.995,17.91455,-0.68238,0.80882
165.779,-43.968,-69.128,18.11468,-0.88251,0.81850
166.206,-44.015,-69.440,18.67426,-1.44209,0.83433
166.896,-44.104,-69.371,18.33683,-1.10466,0.84645
167.413,-44.173,-69.579,18.63219,-1.40002,0.86181
167.853,-44.270,-69.011,17.26019,-0.02802,0.86212
168.290,-44.253,-68.530,16.36341,0.86876,0.85258
168.731,-44.222,-68.179,15.77079,1.46138,0.83655
169.165,-44.117,-69.464,18.50645,-1.27428,0.85053
169.600,-44.211,-68.327,16.06324,1.16893,0.83770
170.044,-44.138,-69.066,17.63598,-0.40381,0.84214
170.677,-44.165,-68.153,15.82668,1.40549,0.82671
171.134,-44.080,-67.800,15.34573,1.88644,0.80602
171.581,-43.971,-68.300,16.46084,0.77133,0.79755
172.119,-43.940,-68.102,16.14705,1.08513,0.78565
172.730,-43.886,-69.194,18.42571,-1.19354,0.79874
173.346,-43.979,-68.232,16.31778,0.91439,0.78871
173.759,-43.935,-69.808,19.66186,-2.42968,0.81537
174.362,-44.093,-69.006,17.60543,-0.37326,0.81946
174.855,-44.133,-68.416,16.37425,0.85793,0.81005
175.305,-44.101,-68.541,16.67317,0.55900,0.80392
175.733,-44.046,-69.513,18.76564,-1.53347,0.82074
176.166,-44.156,-69.136,17.74122,-0.50904,0.82633
176.609,-44.200,-68.758,16.90171,0.33046,0.82270
177.237,-44.180,-67.805,15.17912,2.05305,0.80018
177.703,-44.038,-68.760,17.22453,0.00764,0.80009
178.134,-44.038,-68.157,16.06741,1.16476,0.78731
178.575,-43.971,-68.344,16.54294,0.68923,0.77975
179.120,-43.920,-68.273,16.50625,0.72593,0.77178
179.672,-43.869,-68.611,17.26144,-0.02927,0.77211
180.114,-43.861,-68.272,16.61736,0.61481,0.76536
180.536,-43.814,-69.159,18.50297,-1.27080,0.77930
180.982,-43.879,-68.025,16.11805,1.11413,0.76708
181.419,-43.791,-68.530,17.25582,-0.02365,0.76734
182.050,-43.786,-68.695,17.59731,-0.36514,0.77134
182.508,-43.787,-69.118,18.47247,-1.24030,0.78495
182.948,-43.856,-69.929,20.12084,-2.88867,0.81665
183.394,-44.016,-68.817,17.37962,-0.14745,0.81827
183.996,-44.008,-68.653,17.07016,0.16201,0.81649
184.500,-43.993,-69.131,18.06794,-0.83577,0.82566
184.920,-44.046,-68.801,17.28765,-0.05548,0.82627
185.364,-44.053,-69.152,17.98649,-0.75432,0.83454
185.808,-44.106,-69.648,18.92932,-1.69715,0.85317
186.232,-44.214,-69.295,17.94832,-0.71615,0.86102
186.671,-44.253,-68.846,16.96865,0.26352,0.85813
187.212,-44.245,-68.794,16.88327,0.34890,0.85430
187.655,-44.244,-68.721,16.74308,0.48909,0.84894
188.095,-44.216,-68.061,15.56765,1.66452,0.83067
188.529,-44.115,-67.937,15.52801,1.70416,0.81198
188.965,-44.030,-67.994,15.78371,1.44846,0.79608
189.516,-43.943,-68.569,17.03466,0.19751,0.79392
189.953,-43.939,-68.063,16.07779,1.15438,0.78125
190.627,-43.863,-69.402,18.92160,-1.68943,0.79979
191.051,-43.973,-68.763,17.35754,-0.12537,0.80116
191.481,-44.007,-68.126,16.06822,1.16395,0.78839
192.087,-43.951,-68.546,16.97393,0.25824,0.78556
192.573,-43.935,-68.563,17.03695,0.19522,0.78342
193.213,-43.938,-69.093,18.10305,-0.87087,0.79297
193.669,-43.989,-69.369,18.57894,-1.34677,0.80775
194.261,-44.083,-69.450,18.55072,-1.31855,0.82222
194.664,-44.166,-69.169,17.78872,-0.55655,0.82832
195.195,-44.215,-68.988,17.32443,-0.09226,0.82933
195.636,-44.219,-68.248,15.90107,1.33110,0.81473
196.181,-44.129,-69.012,17.54593,-0.31376,0.81817
196.727,-44.153,-67.881,15.36033,1.87184,0.79763
197.169,-44.022,-68.817,17.36724,-0.13507,0.79912
197.602,-44.011,-69.187,18.14558,-0.91341,0.80914
198.042,-44.064,-68.887,17.42537,-0.19320,0.81126
198.469,-44.072,-68.925,17.48468,-0.25251,0.81403
198.924,-44.092,-68.542,16.69225,0.53992,0.80810
199.358,-44.056,-68.608,16.88810,0.34407,0.80433
199.973,-44.015,-68.799,17.34487,-0.11270,0.80556
200.586,-44.002,-68.573,16.92538,0.30680,0.80220
201.104,-43.989,-68.692,17.18626,0.04591,0.80169
201.545,-43.974,-68.637,17.10527,0.12690,0.80030
202.180,-43.936,-69.311,18.56801,-1.33583,0.81496
202.835,-43.994,-68.424,16.65247,0.57970,0.80860
203.290,-43.967,-69.663,19.26652,-2.03435,0.83092
203.967,-44.085,-68.455,16.53772,0.69445,0.82330
204.386,-44.044,-68.939,17.56770,-0.33553,0.82698
204.984,-44.036,-68.342,16.41845,0.81372,0.81805
205.386,-44.024,-68.123,16.03090,1.20128,0.80487
205.919,-43.945,-68.849,17.58766,-0.35549,0.80877
206.358,-43.970,-68.643,17.12570,0.10647,0.80761
206.798,-43.985,-67.869,15.63999,1.59218,0.79014
207.225,-43.892,-68.077,16.19051,1.04166,0.77871
207.663,-43.828,-68.845,17.81695,-0.58478,0.78512
208.106,-43.875,-67.924,15.93803,1.29414,0.77092
208.546,-43.813,-68.772,17.69907,-0.46690,0.77605
208.969,-43.844,-69.541,19.26794,-2.03577,0.79838
209.419,-43.982,-69.293,18.43116,-1.19899,0.81154
209.861,-44.061,-68.484,16.64019,0.59198,0.80504
210.298,-44.025,-68.310,16.37630,0.85587,0.79565
210.731,-43.990,-69.437,18.72191,-1.48974,0.81200
211.276,-44.076,-69.009,17.64589,-0.41371,0.81654
211.849,-44.112,-69.528,18.65359,-1.42142,0.83213
212.264,-44.226,-68.311,16.00412,1.22805,0.81866
212.696,-44.139,-68.259,16.06803,1.16414,0.80589
213.245,-44.065,-68.411,16.49402,0.73815,0.79779
213.770,-44.037,-68.996,17.69878,-0.46661,0.80291
214.235,-44.050,-68.716,17.11232,0.11986,0.80159
214.665,-44.038,-67.852,15.51362,1.71855,0.78273
215.226,-43.936,-68.953,17.81915,-0.58698,0.78918
215.763,-43.966,-68.984,17.82116,-0.58899,0.79564
216.199,-43.995,-68.305,16.42484,0.80734,0.78678
216.739,-43.929,-67.791,15.59851,1.63366,0.76885
217.187,-43.830,-68.635,17.38811,-0.15594,0.77057
217.784,-43.822,-69.597,19.44375,-2.21158,0.79483
218.194,-43.973,-68.687,17.20660,0.02557,0.79455
218.601,-43.943,-68.121,16.17716,1.05502,0.78298
219.043,-43.873,-68.405,16.85173,0.38044,0.77880
219.709,-43.855,-69.667,19.52630,-2.29413,0.80397
220.144,-43.972,-68.597,17.03094,0.20123,0.80176
220.573,-43.958,-68.563,16.99293,0.23924,0.79914
221.166,-43.931,-69.576,19.15196,-1.91979,0.82020
221.557,-44.039,-68.752,17.20579,0.02638,0.81991
222.202,-44.029,-68.773,17.26645,-0.03428,0.82029
222.761,-44.044,-69.114,17.92603,-0.69386,0.82790
223.305,-44.079,-69.387,18.42481,-1.19264,0.84099
223.748,-44.154,-68.242,16.00989,1.22228,0.82758
224.185,-44.075,-68.734,17.09704,0.13513,0.82610
224.735,-44.065,-68.927,17.50311,-0.27094,0.82907
225.165,-44.083,-68.912,17.43554,-0.20337,0.83130
225.610,-44.102,-69.038,17.65347,-0.42129,0.83592
226.049,-44.158,-67.819,15.24325,1.98893,0.81410
226.677,-44.055,-68.081,15.89580,1.33637,0.79944
227.135,-43.982,-68.532,16.88497,0.34720,0.79563
227.680,-43.962,-69.122,18.11358,-0.88140,0.80530
228.333,-44.031,-68.638,16.99575,0.23642,0.80270
228.935,-44.016,-68.740,17.22594,0.00623,0.80264
229.431,-44.035,-69.146,18.01162,-0.77944,0.81119
230.078,-44.087,-69.472,18.58698,-1.35481,0.82605
230.634,-44.191,-68.232,15.92389,1.30828,0.81170
231.209,-44.100,-68.401,16.40665,0.82553,0.80264
231.731,-44.071,-69.519,18.72388,-1.49171,0.81901
232.169,-44.139,-68.203,15.96685,1.26532,0.80512
232.602,-44.071,-68.426,16.51039,0.72179,0.79721
233.044,-44.037,-68.595,16.90109,0.33108,0.79357
233.679,-44.016,-69.075,17.90436,-0.67219,0.80095
234.279,-44.041,-69.224,18.16241,-0.93024,0.81115
234.687,-44.086,-68.855,17.31633,-0.08416,0.81208
235.300,-44.078,-68.894,17.41029,-0.17812,0.81403
236.021,-44.091,-68.695,16.99095,0.24123,0.81139
236.663,-44.056,-68.045,15.82900,1.40317,0.79599
237.092,-43.952,-69.014,17.91116,-0.67899,0.80344
237.522,-43.981,-68.626,17.07018,0.16199,0.80166
237.964,-43.989,-69.225,18.27096,-1.03879,0.81306
238.575,-44.022,-69.821,19.49694,-2.26477,0.83791
239.086,-44.148,-68.829,17.14060,0.09157,0.83691
239.601,-44.166,-69.025,17.49685,-0.26468,0.83981
240.050,-44.162,-69.477,18.43970,-1.20753,0.85306
240.484,-44.214,-68.390,16.17352,1.05865,0.84144
240.920,-44.143,-68.654,16.80924,0.42293,0.83680
241.358,-44.129,-68.631,16.79185,0.44032,0.83197
241.784,-44.115,-68.093,15.81049,1.42168,0.81637
242.227,-44.012,-68.013,15.85157,1.38060,0.80122
242.669,-43.908,-68.119,16.23866,0.99351,0.79032
243.287,-43.881,-68.967,17.96034,-0.72817,0.79831
243.762,-43.955,-68.708,17.28434,-0.05217,0.79888
244.197,-43.953,-68.958,17.79461,-0.56244,0.80506
244.817,-43.993,-68.019,15.89578,1.33640,0.79039
245.432,-43.922,-69.478,18.95778,-1.72561,0.80933
245.978,-44.041,-68.380,16.48125,0.75092,0.80109
246.384,-44.015,-68.427,16.61843,0.61374,0.79435
246.932,-43.974,-69.021,17.87864,-0.64647,0.80145
247.374,-44.027,-69.535,18.85328,-1.62111,0.81923
247.963,-44.116,-69.005,17.55716,-0.32499,0.82280
248.512,-44.140,-69.589,18.72640,-1.49423,0.83919
248.915,-44.272,-69.625,18.52109,-1.28891,0.85334
249.348,-44.358,-68.533,16.17171,1.06046,0.84170
249.782,-44.300,-68.734,16.66136,0.57081,0.83544
250.214,-44.274,-69.302,17.83984,-0.60766,0.84211
250.869,-44.327,-68.951,17.02784,0.20433,0.83986
251.469,-44.293,-68.321,15.89960,1.33258,0.82524
251.970,-44.212,-69.294,17.95092,-0.71875,0.83313
252.703,-44.250,-68.612,16.52355,0.70862,0.82535
253.169,-44.193,-68.476,16.37339,0.85878,0.81593
253.600,-44.116,-68.312,16.21107,1.02110,0.80473
254.041,-44.064,-68.070,15.86062,1.37156,0.78968
254.666,-43.988,-69.065,17.94129,-0.70912,0.79746
255.135,-43.993,-68.194,16.21966,1.01252,0.78635
255.684,-43.911,-68.515,16.99042,0.24175,0.78370
256.284,-43.887,-69.228,18.49527,-1.26310,0.79756
256.796,-43.931,-69.388,18.74192,-1.50974,0.81412
257.419,-44.019,-69.477,18.74436,-1.51219,0.83071
258.030,-44.128,-69.668,18.92365,-1.69148,0.84927
258.428,-44.215,-69.029,17.40521,-0.17304,0.85117
258.860,-44.229,-68.982,17.28418,-0.05201,0.85174
259.289,-44.217,-68.876,17.09858,0.13360,0.85028
259.735,-44.214,-69.447,18.26528,-1.03311,0.86161
260.175,-44.288,-68.907,17.02034,0.21183,0.85929
260.610,-44.281,-68.181,15.66853,1.56364,0.84213
261.157,-44.181,-69.131,17.67975,-0.44758,0.84704
261.723,-44.228,-68.824,16.97427,0.25790,0.84421
262.136,-44.217,-69.166,17.67780,-0.44563,0.84910
262.747,-44.281,-68.235,15.76435,1.46782,0.83300
263.249,-44.178,-68.121,15.74486,1.48731,0.81668
263.668,-44.092,-69.319,18.25411,-1.02194,0.82789
264.281,-44.182,-69.316,18.06008,-0.82791,0.83697
264.766,-44.252,-68.211,15.77400,1.45817,0.82097
265.406,-44.173,-68.809,17.05305,0.17912,0.81901
265.855,-44.147,-68.512,16.52889,0.70328,0.81129
266.295,-44.112,-69.752,19.14194,-1.90976,0.83225
266.733,-44.238,-68.850,17.00556,0.22662,0.82976
267.170,-44.238,-68.366,16.08323,1.14894,0.81715
267.604,-44.178,-68.309,16.08981,1.14236,0.80462
268.170,-44.118,-68.663,16.87563,0.35654,0.80071
268.594,-44.085,-68.889,17.38647,-0.15430,0.80240
269.024,-44.096,-68.295,16.21523,1.01695,0.79124
269.604,-44.013,-68.373,16.52047,0.71170,0.78343
270.219,-43.968,-68.618,17.07950,0.15267,0.78176
270.779,-43.945,-68.207,16.33504,0.89713,0.77191
271.214,-43.898,-68.162,16.33834,0.89383,0.76211
271.760,-43.836,-68.963,18.04556,-0.81339,0.77103
272.205,-43.882,-68.171,16.38527,0.84690,0.76174
272.773,-43.689,-68.793,17.99729,-0.76512,0.77013
273.180,-43.745,-68.167,16.63828,0.59389,0.76362
273.618,-43.727,-68.459,17.24284,-0.01066,0.76374
274.057,-43.703,-68.434,17.24094,-0.00877,0.76383
274.612,-43.713,-68.594,17.54190,-0.30973,0.76723
275.040,-43.736,-69.343,19.06828,-1.83611,0.78738
275.680,-43.837,-69.186,18.51051,-1.27834,0.80140
276.131,-43.916,-68.654,17.25330,-0.02113,0.80163
276.685,-43.939,-68.324,16.56765,0.66453,0.79434
277.232,-43.871,-69.284,18.64913,-1.41696,0.80989
277.670,-43.976,-68.265,16.38524,0.84693,0.80060
278.109,-44.389,-71.394,22.40045,-5.16828,0.85731
278.539,-44.635,-68.320,15.28433,1.94784,0.83593
278.986,-44.509,-67.561,14.21153,3.02064,0.80279
279.634,-44.370,-67.182,13.82287,3.40930,0.76538
280.255,-44.235,-68.163,15.71809,1.51408,0.74877
280.762,-44.192,-66.340,12.80509,4.42708,0.70019
281.159,-44.006,-65.660,12.09857,5.13360,0.64387
281.596,-43.804,-67.267,14.89837,2.33380,0.61826
282.039,-43.734,-70.644,22.15566,-4.92349,0.67228
282.689,-44.020,-70.730,21.65280,-4.42063,0.72079
283.135,-44.398,-69.116,17.21372,0.01845,0.72058
283.683,-44.441,-69.867,18.67766,-1.44549,0.73644
284.246,-44.631,-74.411,30.83188,-13.59970,0.88566
284.665,-45.594,-76.778,36.24052,-19.00834,1.09423
285.262,-47.217,-73.638,20.94433,-3.71216,1.13496
285.762,-47.660,-70.729,14.23773,2.99444,1.10210
286.201,-47.485,-70.025,13.39772,3.83446,1.06003
286.802,-45.599,-67.801,12.88520,4.34697,1.01233
287.201,-45.246,-67.878,13.53881,3.69337,0.97181
287.616,-44.961,-67.597,13.54514,3.68703,0.93135
288.059,-44.711,-67.488,13.76666,3.46551,0.89333
288.498,-44.444,-68.162,15.34302,1.88915,0.87260
288.935,-44.347,-67.851,14.96857,2.26360,0.84776
289.482,-44.178,-68.650,16.73349,0.49868,0.84229
289.922,-44.166,-68.518,16.50396,0.72821,0.83430
290.357,-44.113,-69.324,18.22034,-0.98817,0.84515
290.789,-44.169,-68.504,16.47310,0.75907,0.83682
291.235,-44.107,-68.403,16.39768,0.83449,0.82766
291.667,-44.069,-68.906,17.45094,-0.21877,0.83006
292.109,-44.063,-67.870,15.49967,1.73250,0.81105
292.549,-43.958,-69.164,18.21043,-0.97826,0.82179
292.985,-44.028,-68.291,16.33570,0.89647,0.81195
293.420,-43.969,-68.888,17.61866,-0.38649,0.81619
293.853,-44.009,-68.448,16.67050,0.56167,0.81003
294.297,-43.962,-68.275,16.43160,0.80057,0.80124
294.733,-43.915,-68.666,17.28082,-0.04865,0.80178
295.166,-43.923,-68.079,16.13625,1.09592,0.78975
295.604,-43.840,-68.747,17.59301,-0.36084,0.79371
296.044,-43.853,-68.706,17.48520,-0.25303,0.79649
296.479,-43.877,-68.489,17.00526,0.22691,0.79400
297.027,-43.938,-68.095,16.13767,1.09450,0.78199
297.576,-43.902,-68.024,16.07422,1.15795,0.76928
298.121,-43.862,-68.561,17.17553,0.05664,0.76866
298.661,-43.894,-68.740,17.47186,-0.23969,0.77129
299.101,-43.896,-68.079,16.18663,1.04554,0.75982
299.535,-43.875,-68.755,17.53750,-0.30533,0.76317
299.978,-43.915,-68.458,16.87204,0.36013,0.75922
300.523,-43.948,-68.994,17.87720,-0.64503,0.76630
301.068,-44.005,-69.280,18.35500,-1.12282,0.77862
301.505,-44.105,-68.942,17.45240,-0.22022,0.78103
301.950,-44.159,-69.369,18.21665,-0.98448,0.79183
302.583,-44.254,-70.181,19.78607,-2.55389,0.81986
303.041,-44.447,-69.569,18.03425,-0.80208,0.82866
303.685,-44.522,-69.845,18.45627,-1.22410,0.84209
304.136,-44.618,-68.555,15.73594,1.49623,0.82567
304.683,-44.563,-68.872,16.42292,0.80925,0.81679
305.348,-44.522,-68.918,16.58802,0.64415,0.80972
305.961,-44.515,-68.079,15.07393,2.15824,0.78604
306.577,-44.360,-67.979,15.16936,2.06282,0.76341
307.006,-44.203,-68.135,15.72592,1.50625,0.74688
307.439,-44.101,-68.037,15.73258,1.49959,0.73043
308.030,-43.989,-68.616,17.03613,0.19604,0.72828
308.621,-43.948,-68.435,16.76305,0.46912,0.72313
309.245,-43.880,-68.986,18.00082,-0.76865,0.73156
309.862,-43.878,-69.094,18.23155,-0.99938,0.74253
310.295,-43.912,-69.417,18.84707,-1.61490,0.76025
310.883,-43.939,-68.480,16.86813,0.36404,0.75625
311.369,-43.905,-70.440,21.21840,-3.98623,0.79999
311.818,-44.102,-70.773,21.55619,-4.32402,0.84744
312.229,-44.343,-70.564,20.46827,-3.23610,0.88294
312.678,-44.513,-69.472,17.69837,-0.46620,0.88806
313.228,-44.537,-69.016,16.74652,0.48565,0.88273
313.782,-44.467,-70.199,19.34572,-2.11355,0.90592
314.205,-44.601,-70.098,18.82972,-1.59755,0.92345
314.638,-44.699,-69.533,17.44594,-0.21377,0.92579
315.273,-44.717,-68.587,15.61348,1.61869,0.90803
315.864,-44.619,-67.937,14.65191,2.58027,0.87972
316.406,-44.476,-68.024,15.04571,2.18646,0.85573
317.045,-44.347,-67.708,14.72467,2.50750,0.82822
317.701,-44.229,-67.748,14.99377,2.23840,0.80366
318.140,-44.117,-67.475,14.71933,2.51284,0.77609
318.776,-44.006,-69.341,18.48190,-1.24972,0.78980
319.387,-44.131,-68.926,17.36684,-0.13467,0.79128
320.320,-44.204,-68.779,16.93510,0.29707,0.78802
320.784,-44.204,-69.880,19.22320,-1.99103,0.80986
321.214,-44.378,-69.941,18.97377,-1.74160,0.82897
321.766,-44.507,-70.102,19.04257,-1.81039,0.84884
322.200,-44.701,-69.614,17.60515,-0.37298,0.85293
322.766,-44.727,-68.784,15.95385,1.27832,0.83890
323.200,-44.670,-68.901,16.27590,0.95627,0.82841
323.631,-44.606,-69.374,17.31358,-0.08141,0.82930
324.060,-44.610,-68.268,15.23735,1.99482,0.80742
324.591,-44.497,-68.763,16.34230,0.88987,0.79765
325.417,-44.429,-67.533,14.29607,2.93610,0.76544
326.037,-44.217,-67.675,14.88937,2.34280,0.73973
326.465,-44.059,-67.384,14.66415,2.56802,0.71155
327.152,-43.873,-67.670,15.48308,1.74909,0.69236
327.681,-43.737,-68.384,17.07509,0.15708,0.69064
328.099,-43.724,-69.160,18.69799,-1.46582,0.70672
328.703,-43.717,-69.141,18.67371,-1.44154,0.72254
329.318,-43.745,-69.541,19.49037,-2.25820,0.74732
329.744,-43.837,-70.216,20.84377,-3.61160,0.78694
330.186,-44.034,-69.791,19.40258,-2.17041,0.81076
330.619,-44.121,-69.744,19.10513,-1.87296,0.83131
331.056,-44.206,-71.047,21.98108,-4.74891,0.88342
331.691,-44.512,-70.548,20.03580,-2.80363,0.91418
332.147,-44.646,-69.665,17.82272,-0.59055,0.92066
332.596,-44.701,-69.301,16.98208,0.25009,0.91791
333.140,-44.665,-68.726,15.96141,1.27076,0.90397
333.727,-44.611,-67.788,14.41627,2.81591,0.87307
334.433,-44.420,-67.761,14.69046,2.54171,0.84518
334.997,-44.290,-68.859,16.92213,0.31004,0.84178
335.433,-44.284,-67.953,15.25694,1.97523,0.82011
335.862,-44.189,-68.031,15.56309,1.66908,0.80180
336.485,-44.117,-67.731,15.16110,2.07107,0.77907
336.971,-44.031,-68.396,16.52902,0.70315,0.77136
337.602,-44.013,-69.253,18.28130,-1.04913,0.78287
338.061,-44.123,-68.563,16.67259,0.55958,0.77673
338.498,-44.106,-68.687,16.94608,0.28609,0.77359
338.927,-44.118,-70.494,20.83571,-3.60354,0.81313
339.362,-44.371,-70.419,20.06346,-2.83128,0.84419
339.815,-44.564,-70.540,19.89698,-2.66481,0.87343
340.255,-44.790,-69.574,17.34667,-0.11450,0.87469
340.670,-44.831,-69.028,16.21243,1.01974,0.86350
341.299,-44.783,-68.580,15.48259,1.74958,0.84430
341.761,-44.677,-69.358,17.14143,0.09074,0.84331
342.193,-44.695,-68.520,15.53409,1.69809,0.82468
342.647,-44.592,-67.542,14.04404,3.18813,0.78970
343.246,-44.383,-67.349,14.07035,3.16182,0.75500
343.777,-44.153,-67.645,14.94860,2.28357,0.72995
344.210,-44.016,-67.895,15.63030,1.60187,0.71237
344.641,-43.923,-67.898,15.80386,1.42831,0.69670
345.174,-43.802,-68.379,16.93838,0.29379,0.69348
345.606,-43.749,-67.792,15.92759,1.30459,0.67916
346.218,-43.650,-68.655,17.79163,-0.55946,0.68530
346.695,-43.643,-69.958,20.68856,-3.45639,0.72322
347.254,-43.777,-68.727,17.68124,-0.44907,0.72815
347.791,-43.781,-69.850,20.11233,-2.88016,0.75975
348.341,-43.913,-70.740,21.94786,-4.71569,0.81150
348.784,-44.165,-70.058,19.70873,-2.47656,0.83867
349.211,-44.279,-71.151,22.06016,-4.82799,0.89164
349.659,-44.565,-70.333,19.42598,-2.19381,0.91571
350.196,-44.680,-69.984,18.41582,-1.18365,0.92870
350.620,-44.737,-69.957,18.23900,-1.00683,0.93975
351.086,-44.789,-69.433,17.06802,0.16415,0.93795
351.629,-44.801,-68.371,15.08247,2.14970,0.91436
352.055,-44.667,-67.777,14.30498,2.92719,0.88224
352.739,-44.461,-68.756,16.39683,0.83534,0.87308
353.163,-44.432,-67.815,14.76238,2.46980,0.84598
353.716,-44.304,-68.702,16.59263,0.63954,0.83896
354.301,-44.282,-68.619,16.47701,0.75516,0.83067
355.024,-44.280,-67.675,14.78268,2.44949,0.80380
355.644,-44.183,-68.976,17.36384,-0.13167,0.80524
356.085,-44.222,-68.497,16.35748,0.87469,0.79565
356.758,-44.203,-69.557,18.52141,-1.28924,0.80979
357.199,-44.309,-69.694,18.58865,-1.35648,0.82467
357.789,-44.447,-69.632,18.16580,-0.93363,0.83492
358.401,-44.546,-71.038,21.11469,-3.88252,0.87752
359.015,-44.837,-69.256,16.63222,0.59995,0.87094
359.694,-44.815,-69.777,17.70547,-0.47329,0.87613
360.350,-44.886,-68.358,14.91520,2.31697,0.85071
360.800,-44.734,-68.982,16.30838,0.92379,0.84057
361.256,-44.694,-67.791,14.28422,2.94795,0.80822
361.694,-44.473,-67.808,14.68193,2.55024,0.78024
362.283,-44.319,-68.582,16.33542,0.89675,0.77040
362.771,-44.262,-68.655,16.58315,0.64902,0.76328
363.333,-44.191,-67.644,14.88192,2.35025,0.73749
363.769,-44.015,-68.090,15.98541,1.24676,0.72381
364.201,-43.907,-67.751,15.56726,1.66491,0.70555
364.648,-43.778,-69.782,19.96155,-2.72938,0.73549
365.247,-43.882,-68.667,17.34885,-0.11667,0.73677
365.867,-43.858,-68.814,17.69375,-0.46158,0.74184
366.299,-43.878,-70.079,20.41838,-3.18621,0.77680
366.727,-44.015,-69.819,19.50833,-2.27616,0.80177
367.161,-44.112,-70.619,21.15323,-3.92106,0.84480
367.817,-44.317,-69.942,19.11033,-1.87816,0.86540
368.248,-44.385,-70.248,19.64095,-2.40878,0.89183
368.677,-44.528,-69.987,18.74746,-1.51529,0.90846
369.248,-44.612,-69.900,18.38145,-1.14928,0.92107
369.791,-44.682,-69.152,16.72953,0.50264,0.91556
370.221,-44.668,-68.856,16.19581,1.03636,0.90418
370.892,-44.600,-67.878,14.58496,2.64721,0.87514
371.323,-44.445,-68.860,16.62426,0.60791,0.86847
371.756,-44.417,-67.767,14.70544,2.52673,0.84074
372.182,-44.278,-67.820,15.03549,2.19668,0.81664
372.624,-44.155,-67.468,14.64345,2.58872,0.78824
373.059,-44.038,-67.542,14.96898,2.26320,0.76340
373.496,-43.929,-67.903,15.80132,1.43085,0.74771
373.929,-43.859,-69.811,19.84343,-2.61126,0.77636
374.376,-44.025,-69.792,19.42470,-2.19253,0.80041
374.908,-44.217,-69.386,18.13255,-0.90038,0.81029
375.359,-44.295,-68.466,16.16425,1.06792,0.79858
375.789,-44.259,-70.650,20.87177,-3.63960,0.83851
376.228,-44.524,-69.373,17.47499,-0.24282,0.84117
376.670,-44.565,-69.638,17.93132,-0.69915,0.84885
377.109,-44.655,-69.656,17.78500,-0.55283,0.85491
377.650,-44.719,-69.582,17.50475,-0.27258,0.85790
378.269,-44.758,-69.047,16.38526,0.84691,0.84861
378.746,-44.689,-69.303,17.01071,0.22146,0.84618
379.178,-44.697,-67.984,14.60084,2.63133,0.81731
379.628,-44.540,-68.123,15.10603,2.12614,0.79398
380.200,-44.387,-67.769,14.76029,2.47188,0.76686
380.631,-44.240,-68.049,15.50387,1.72830,0.74789
381.153,-44.119,-67.953,15.54856,1.68362,0.72942
381.602,-43.998,-68.860,17.50234,-0.27017,0.73239
382.137,-43.995,-68.023,15.89954,1.33263,0.71776
382.766,-43.856,-68.238,16.56149,0.67068,0.71040
383.383,-43.803,-69.965,20.33037,-3.09820,0.74440
384.102,-43.886,-69.128,18.28535,-1.05318,0.75595
384.527,-43.914,-68.936,17.82875,-0.59658,0.76250
384.984,-43.943,-69.477,18.91148,-1.67931,0.78093
385.538,-43.989,-70.386,20.88540,-3.65323,0.82101
385.979,-44.181,-70.471,20.62990,-3.39773,0.85829
386.641,-44.369,-69.729,18.53433,-1.30216,0.87258
387.269,-44.411,-70.567,20.31297,-3.08080,0.90638
387.716,-44.598,-70.565,19.87527,-2.64309,0.93538
388.151,-44.774,-69.040,16.34277,0.88940,0.92562
388.593,-44.731,-68.160,14.84120,2.39097,0.89939
389.216,-44.586,-68.820,16.28264,0.94953,0.88897
389.683,-44.516,-67.722,14.46518,2.76699,0.85861
390.112,-44.373,-67.699,14.66594,2.56623,0.83045
390.671,-44.237,-68.041,15.49489,1.73728,0.81139
391.107,-44.146,-67.870,15.35352,1.87865,0.79078
391.536,-44.051,-68.275,16.26397,0.96820,0.78016
391.964,-44.025,-68.165,16.10578,1.12640,0.76780
392.522,-43.988,-68.677,17.15717,0.07500,0.76697
393.066,-44.029,-69.137,18.00651,-0.77434,0.77547
393.505,-44.107,-69.636,18.89934,-1.66717,0.79376
393.945,-44.244,-69.346,17.99157,-0.75939,0.80209
394.390,-44.311,-70.706,20.88029,-3.64812,0.84212
394.963,-44.602,-69.422,17.41857,-0.18640,0.84417
395.485,-44.634,-70.453,19.54044,-2.30827,0.86949
395.906,-44.822,-69.755,17.64564,-0.41347,0.87403
396.471,-44.879,-69.492,17.00713,0.22504,0.87156
396.890,-44.887,-69.066,16.17871,1.05346,0.86000
397.520,-44.805,-69.041,16.28538,0.94679,0.84962
398.216,-44.755,-67.823,14.23719,2.99498,0.81675
398.753,-44.542,-67.847,14.63009,2.60208,0.78820
399.205,-44.379,-67.839,14.89278,2.33939,0.76253
399.650,-44.209,-68.308,16.03159,1.20059,0.74936
400.178,-44.104,-67.512,14.80481,2.42737,0.72273
400.623,-43.931,-68.364,16.65970,0.57247,0.71645
401.069,-43.870,-68.979,18.00799,-0.77582,0.72496
401.585,-43.889,-68.607,17.21538,0.01679,0.72477
402.234,-43.817,-68.726,17.59629,-0.36412,0.72877
402.689,-43.795,-68.614,17.41543,-0.18326,0.73078
403.347,-43.802,-69.522,19.31963,-2.08746,0.75368
403.966,-43.848,-70.062,20.45092,-3.21875,0.78900
404.449,-43.987,-70.840,22.01194,-4.77976,0.84145
404.891,-44.270,-70.409,20.27570,-3.04353,0.87484
405.498,-44.415,-68.844,16.65118,0.58099,0.86847
406.115,-44.388,-70.049,19.19077,-1.95860,0.88996
406.728,-44.516,-69.243,17.23117,0.00100,0.88995
407.177,-44.530,-69.478,17.67585,-0.44368,0.89481
407.628,-44.566,-68.013,14.87257,2.35960,0.86892
408.075,-44.415,-68.445,15.90384,1.32833,0.85435
408.593,-44.351,-68.132,15.45501,1.77717,0.83485
409.174,-44.264,-67.582,14.65221,2.57996,0.80654
409.603,-44.139,-67.648,14.97733,2.25484,0.78180
410.216,-44.030,-68.546,16.81776,0.41441,0.77725
410.683,-44.035,-68.714,17.13806,0.09411,0.77622
411.242,-44.078,-68.764,17.15045,0.08172,0.77532
411.774,-44.104,-69.475,18.56048,-1.32831,0.78990
412.310,-44.213,-68.848,17.05151,0.18066,0.78792
412.980,-44.250,-70.821,21.30972,-4.07755,0.83266
413.525,-44.541,-69.719,18.15007,-0.91790,0.84273
413.965,-44.632,-69.645,17.81063,-0.57846,0.84907
414.695,-44.717,-69.012,16.39468,0.83749,0.83989
415.167,-44.666,-68.336,15.25876,1.97341,0.81823
415.589,-44.533,-69.440,17.59303,-0.36085,0.82219
416.045,-44.582,-68.732,16.12571,1.10646,0.81005
416.480,-44.494,-67.348,13.88951,3.34266,0.77338
417.037,-44.280,-67.507,14.49921,2.73296,0.74339
417.476,-44.096,-67.822,15.35670,1.87547,0.72281
417.991,-43.995,-69.140,18.08204,-0.84987,0.73214
418.718,-43.977,-67.763,15.46419,1.76798,0.71274
419.423,-43.848,-68.064,16.24837,0.98380,0.70194
419.874,-43.781,-68.694,17.60482,-0.37265,0.70603
420.310,-43.755,-69.758,19.95746,-2.72529,0.73593
420.735,-43.865,-68.429,16.91095,0.32122,0.73241
421.178,-43.834,-69.991,20.31590,-3.08372,0.76624
421.784,-43.958,-69.787,19.56540,-2.33323,0.79185
422.282,-44.059,-70.374,20.68967,-3.45750,0.82978
422.721,-44.241,-70.735,21.12079,-3.88862,0.87245
423.148,-44.474,-70.613,20.27358,-3.04141,0.90582
423.585,-44.643,-70.009,18.54734,-1.31517,0.92025
424.250,-44.695,-70.015,18.45057,-1.21840,0.93362
424.671,-44.759,-69.330,16.92474,0.30743,0.93025
425.276,-44.751,-68.753,15.85262,1.37955,0.91511
425.772,-44.664,-68.193,15.01157,2.22060,0.89074
426.216,-44.533,-67.680,14.36661,2.86557,0.85930
426.768,-44.378,-67.867,14.94377,2.28840,0.83419
427.209,-44.247,-68.244,15.84412,1.38806,0.81896
427.835,-44.201,-68.221,15.88525,1.34692,0.80418
428.287,-44.143,-68.545,16.60030,0.63187,0.79725
428.854,-44.124,-69.061,17.65355,-0.42138,0.80187
429.281,-44.188,-68.378,16.19796,1.03421,0.79053
429.710,-44.153,-68.588,16.66454,0.56763,0.78430
430.283,-44.165,-68.656,16.76890,0.46327,0.77922
430.785,-44.172,-69.886,19.30601,-2.07384,0.80197
431.237,-44.329,-70.023,19.26266,-2.03049,0.82425
431.790,-44.510,-70.795,20.61638,-3.38421,0.86138
432.448,-44.770,-69.163,16.58263,0.64954,0.85426
433.051,-44.761,-68.416,15.23254,1.99963,0.83231
433.554,-44.646,-68.699,15.94531,1.28686,0.81819
433.970,-44.550,-68.478,15.71823,1.51394,0.80158
434.797,-44.480,-68.343,15.60098,1.63119,0.78369
435.413,-44.347,-68.285,15.73707,1.49510,0.76728
435.940,-44.257,-68.602,16.49263,0.73954,0.75917
436.381,-44.190,-68.698,16.80329,0.42888,0.75446
436.937,-44.138,-67.427,14.60259,2.62958,0.72561
437.349,-43.935,-67.588,15.22893,2.00325,0.70363
437.806,-43.811,-68.307,16.77854,0.45363,0.69865
438.241,-43.749,-68.577,17.43299,-0.20082,0.70085
438.777,-43.720,-68.709,17.75987,-0.52770,0.70664
439.215,-43.699,-69.498,19.49542,-2.26325,0.73148
439.656,-43.814,-69.877,20.09621,-2.86404,0.76290
440.328,-43.935,-70.897,22.28922,-5.05705,0.81839
440.746,-44.182,-70.557,20.83490,-3.60273,0.85792
441.201,-44.396,-70.794,20.88975,-3.65758,0.89805
441.756,-44.598,-68.905,16.41808,0.81409,0.88912
442.196,-44.542,-69.190,17.07536,0.15681,0.88740
442.782,-44.507,-70.692,20.38190,-3.14973,0.92196
443.387,-44.700,-69.101,16.59763,0.63454,0.91500
443.933,-44.666,-68.103,14.85396,2.37821,0.88890
444.509,-44.524,-68.302,15.44937,1.78280,0.86934
445.256,-44.450,-68.104,15.23009,2.00208,0.84737
445.854,-44.324,-67.863,15.02850,2.20367,0.82319
446.552,-44.250,-68.113,15.60227,1.62990,0.80531
447.010,-44.181,-67.987,15.49937,1.73281,0.78630
447.692,-44.129,-68.712,16.94846,0.28371,0.78318
448.413,-44.164,-69.247,17.95462,-0.72245,0.79111
449.016,-44.246,-69.837,19.03415,-1.80197,0.81088
449.624,-44.373,-69.343,17.72059,-0.48842,0.81624
450.252,-44.464,-70.148,19.23950,-2.00733,0.83827
450.867,-44.625,-68.873,16.30819,0.92398,0.82813
451.370,-44.588,-69.618,17.84446,-0.61229,0.83485
451.810,-44.659,-69.498,17.45509,-0.22292,0.83729
452.345,-44.668,-69.095,16.64744,0.58473,0.83088
453.019,-44.648,-68.726,15.99225,1.23992,0.81727
453.456,-44.540,-67.224,13.62013,3.61204,0.77764
453.989,-44.318,-67.905,15.11371,2.11846,0.75440
454.420,-44.184,-67.603,14.82347,2.40871,0.72797
454.860,-44.037,-67.618,15.10252,2.12966,0.70460
455.304,-43.860,-68.498,17.05846,0.17371,0.70269
455.861,-43.798,-68.122,16.45195,0.78022,0.69413
456.494,-43.731,-68.689,17.69646,-0.46428,0.69923
457.061,-43.735,-68.722,17.75447,-0.52230,0.70496
457.711,-43.712,-69.465,19.39406,-2.16189,0.72868
458.153,-43.786,-70.027,20.51467,-3.28250,0.76470
458.696,-43.928,-69.684,19.39933,-2.16716,0.78847
459.270,-44.034,-70.497,21.04701,-3.81484,0.83033
459.704,-44.234,-71.115,22.08187,-4.84970,0.88354
460.391,-44.534,-69.060,16.83804,0.39413,0.87922
460.998,-44.477,-69.037,16.90399,0.32818,0.87562
461.628,-44.438,-69.480,17.86962,-0.63745,0.88261
462.188,-44.477,-68.491,15.87421,1.35796,0.86771
462.845,-44.417,-68.924,16.80236,0.42981,0.86300
463.467,-44.403,-68.619,16.24832,0.98385,0.85220
463.941,-44.350,-68.842,16.77234,0.45983,0.84716
464.388,-44.353,-67.439,14.26552,2.96665,0.81460
464.821,-44.170,-68.310,16.10694,1.12523,0.80226
465.268,-44.143,-68.256,16.05628,1.17589,0.78936
465.796,-44.109,-68.168,15.95708,1.27509,0.77537
466.246,-44.056,-69.471,18.65212,-1.41994,0.79095
466.819,-44.220,-69.759,18.91968,-1.68751,0.80946
467.340,-44.350,-68.842,16.77158,0.46059,0.80441
467.774,-44.341,-69.970,19.11724,-1.88507,0.82509
468.394,-44.499,-70.609,20.20724,-2.97507,0.85773
468.875,-44.714,-70.035,18.45340,-1.22123,0.87113
469.305,-44.829,-69.710,17.54111,-0.30894,0.87452
469.745,-44.866,-68.639,15.43918,1.79299,0.85485
470.171,-44.766,-68.819,15.94545,1.28672,0.84073
470.616,-44.673,-68.915,16.29679,0.93539,0.83047
471.045,-44.641,-68.309,15.25373,1.97844,0.80876
471.487,-44.508,-67.925,14.82067,2.41150,0.78230
471.925,-44.343,-68.459,16.06286,1.16932,0.76947
472.365,-44.277,-68.289,15.87123,1.36094,0.75454
472.988,-44.173,-68.961,17.35352,-0.12135,0.75587
473.457,-44.157,-68.648,16.77228,0.45989,0.75082
473.891,-44.100,-68.110,15.86683,1.36534,0.73584
474.350,-43.966,-68.164,16.21606,1.01611,0.72469
474.784,-43.904,-68.321,16.62839,0.60378,0.71807
475.211,-43.849,-68.923,17.93474,-0.70257,0.72578
475.761,-43.847,-69.071,18.24745,-1.01528,0.73692
476.190,-43.855,-69.644,19.47248,-2.24031,0.76150
476.642,-43.981,-68.762,17.34142,-0.10925,0.76270
477.182,-43.923,-69.996,20.12100,-2.88883,0.79440
477.621,-44.039,-71.013,22.32035,-5.08817,0.85022
478.058,-44.360,-70.959,21.37803,-4.14586,0.89571
478.490,-44.595,-70.222,19.11392,-1.88175,0.91636
478.923,-44.710,-69.264,16.89282,0.33935,0.91264
479.354,-44.671,-69.421,17.27788,-0.04571,0.91314
479.819,-44.683,-70.375,19.25709,-2.02492,0.93536
480.256,-44.847,-68.522,15.26702,1.96515,0.91379
480.698,-44.686,-68.550,15.60287,1.62930,0.89592
481.219,-44.621,-68.480,15.59385,1.63832,0.87794
481.669,-44.497,-68.290,15.47642,1.75576,0.85868
482.090,-44.413,-68.485,15.98066,1.25151,0.84494
482.713,-44.328,-68.216,15.64645,1.58572,0.82755
483.207,-44.274,-67.892,15.16709,2.06508,0.80489
483.633,-44.176,-68.369,16.20443,1.02774,0.79361
484.259,-44.148,-68.391,16.29904,0.93313,0.78337
484.836,-44.130,-69.679,18.94346,-1.71129,0.80215
485.273,-44.273,-68.698,16.64221,0.58996,0.79568
485.827,-44.271,-68.892,17.02407,0.20810,0.79339
486.261,-44.291,-69.370,17.94524,-0.71306,0.80122
486.710,-44.381,-70.523,20.28064,-3.04847,0.83466
487.326,-44.611,-69.251,17.06103,0.17114,0.83279
487.937,-44.604,-68.736,16.09098,1.14119,0.82027
488.537,-44.573,-68.653,15.99406,1.23811,0.80668
489.354,-44.500,-68.609,16.04919,1.18298,0.79370
489.866,-44.442,-68.388,15.75040,1.48177,0.77744
490.314,-44.327,-68.342,15.87746,1.35471,0.76258
490.741,-44.224,-67.891,15.25383,1.97834,0.74087
491.180,-44.113,-68.954,17.45957,-0.22740,0.74337
491.603,-44.113,-67.667,15.05661,2.17556,0.71950
492.066,-43.962,-67.667,15.31988,1.91229,0.69851
492.693,-43.819,-67.737,15.69976,1.53241,0.68170
493.469,-43.671,-69.734,20.09889,-2.86672,0.71315
493.911,-43.786,-69.472,19.24453,-2.01236,0.73523
494.363,-43.866,-68.201,16.47111,0.76106,0.72688
494.879,-43.788,-69.030,18.28553,-1.05336,0.73844
495.336,-43.832,-70.713,22.08372,-4.85154,0.79167
495.789,-44.086,-69.681,19.04253,-1.81036,0.81154
496.197,-44.152,-69.940,19.47204,-2.23987,0.83611
496.763,-44.272,-70.505,20.49545,-3.26328,0.87192
497.204,-44.476,-69.066,16.96217,0.27000,0.86896
497.637,-44.432,-69.377,17.66957,-0.43740,0.87376
498.076,-44.455,-70.804,20.77021,-3.53803,0.91258
498.516,-44.688,-68.746,15.95423,1.27794,0.89855
498.938,-44.585,-69.325,17.25784,-0.02567,0.89884
499.381,-44.600,-67.773,14.40990,2.82227,0.86787
499.932,-44.420,-67.765,14.69898,2.53320,0.84007
500.362,-44.289,-69.072,17.34415,-0.11197,0.84130
500.821,-44.292,-67.706,14.81520,2.41697,0.81478
501.563,-44.198,-67.588,14.77461,2.45756,0.78782
502.120,-44.096,-68.008,15.68964,1.54253,0.77089
502.550,-44.013,-68.566,16.89206,0.34012,0.76716
502.999,-44.017,-69.626,19.07431,-1.84214,0.78737
503.422,-44.159,-68.093,15.72900,1.50317,0.77088
504.011,-44.118,-70.186,20.10918,-2.87701,0.80245
504.642,-44.353,-69.466,18.01560,-0.78343,0.81104
505.253,-44.444,-69.726,18.37084,-1.13867,0.82354
505.865,-44.568,-69.686,18.02635,-0.79418,0.83225
506.478,-44.627,-69.070,16.67944,0.55273,0.82619
507.036,-44.632,-69.452,17.41857,-0.18640,0.82823
507.467,-44.641,-69.573,17.64522,-0.41305,0.83276
507.911,-44.674,-68.916,16.29701,0.93516,0.82250
508.517,-44.612,-67.928,14.64890,2.58327,0.79416
509.131,-44.422,-67.779,14.71788,2.51429,0.76657
509.558,-44.271,-68.831,16.90369,0.32848,0.76297
509.994,-44.232,-67.929,15.30620,1.92597,0.74184
510.437,-44.078,-67.878,15.48898,1.74319,0.72271
510.858,-43.937,-67.595,15.23642,1.99575,0.70081
511.316,-43.805,-68.348,16.87117,0.36100,0.69685
511.756,-43.782,-69.849,20.10633,-2.87416,0.72839
512.189,-43.882,-68.670,17.35306,-0.12089,0.72971
512.614,-43.817,-69.756,19.81152,-2.57935,0.75801
513.055,-43.952,-68.401,16.69098,0.54120,0.75208
513.682,-43.904,-69.170,18.33692,-1.10475,0.76420
514.155,-43.920,-69.686,19.42127,-2.18910,0.78822
514.580,-44.022,-71.285,23.07503,-5.84286,0.85233
515.182,-44.336,-70.723,20.86138,-3.62921,0.89215
515.782,-44.562,-70.528,19.87417,-2.64200,0.92114
516.211,-44.717,-69.568,17.47933,-0.24716,0.92385
516.757,-44.746,-69.352,16.99517,0.23700,0.92125
517.210,-44.726,-68.252,15.00692,2.22525,0.89683
517.756,-44.570,-67.984,14.81420,2.41797,0.87030
518.183,-44.439,-68.258,15.52143,1.71074,0.85153
518.627,-44.334,-68.702,16.53364,0.69853,0.84386
519.077,-44.304,-69.022,17.21473,0.01745,0.84367
519.789,-44.343,-67.990,15.21703,2.01514,0.82156
520.283,-44.280,-67.585,14.63007,2.60210,0.79301
520.899,-44.129,-69.381,18.30639,-1.07421,0.80480
521.358,-44.224,-69.514,18.38630,-1.15413,0.81746
521.784,-44.338,-68.798,16.71156,0.52061,0.81175
522.356,-44.349,-69.598,18.30024,-1.06807,0.82347
522.956,-44.453,-68.906,16.69837,0.53380,0.81761
523.562,-44.475,-70.134,19.18585,-1.95368,0.83905
523.997,-44.628,-70.060,18.68950,-1.45733,0.85504
524.440,-44.765,-69.574,17.39537,-0.16320,0.85683
524.869,-44.774,-69.554,17.33671,-0.10453,0.85798
525.317,-44.814,-69.124,16.42562,0.80655,0.84913
525.749,-44.770,-68.277,14.97522,2.25695,0.82436
526.177,-44.629,-69.084,16.70129,0.53088,0.81854
526.623,-44.592,-67.651,14.22110,3.01107,0.78550
527.056,-44.405,-67.500,14.28090,2.95127,0.75312
527.494,-44.197,-67.650,14.88208,2.35010,0.72733
527.920,-44.049,-67.942,15.65649,1.57568,0.71004
528.362,-43.935,-67.930,15.83957,1.39261,0.69476
528.801,-43.842,-67.734,15.65315,1.57902,0.67744
529.242,-43.710,-68.422,17.20170,0.03047,0.67710
529.819,-43.668,-69.352,19.23967,-2.00750,0.69913
530.421,-43.756,-69.234,18.79041,-1.55824,0.71623
530.992,-43.768,-69.579,19.52364,-2.29147,0.74137
531.433,-43.877,-69.962,20.14913,-2.91696,0.77337
531.850,-44.018,-69.068,17.88578,-0.65360,0.78055
532.310,-44.029,-70.306,20.59716,-3.36499,0.81747
532.850,-44.175,-69.730,18.95530,-1.72312,0.83637
533.491,-44.270,-69.492,18.24227,-1.01010,0.84746
534.119,-44.295,-70.049,19.39637,-2.16420,0.87120
534.611,-44.447,-69.311,17.50772,-0.27554,0.87423
535.257,-44.440,-69.599,18.11148,-0.87930,0.88387
535.946,-44.508,-69.313,17.38725,-0.15508,0.88558
536.467,-44.501,-67.854,14.71130,2.52087,0.85792
536.883,-44.365,-68.843,16.74556,0.48661,0.85258
537.494,-44.352,-67.836,14.93558,2.29659,0.82738
538.010,-44.253,-67.421,14.40186,2.83032,0.79632
538.428,-44.102,-68.285,16.18703,1.04514,0.78486
539.028,-44.088,-68.419,16.46415,0.76802,0.77643
539.535,-44.076,-68.158,16.00029,1.23188,0.76291
539.955,-44.033,-69.242,18.21567,-0.98350,0.77370
540.596,-44.112,-68.378,16.34057,0.89160,0.76392
541.158,-44.111,-69.209,17.98431,-0.75214,0.77217
541.612,-44.179,-69.593,18.65015,-1.41798,0.78773
542.037,-44.317,-69.394,17.94133,-0.70916,0.79551
542.623,-44.366,-68.983,17.01456,0.21761,0.79313
543.229,-44.383,-69.079,17.17092,0.06125,0.79245
543.673,-44.384,-69.567,18.16104,-0.92887,0.80265
544.257,-44.486,-69.686,18.19807,-0.96589,0.81324
544.774,-44.538,-68.662,16.07648,1.15569,0.80056
545.221,-44.467,-67.406,14.02589,3.20628,0.76538
545.758,-44.264,-68.097,15.54861,1.68356,0.74691
546.207,-44.143,-68.584,16.67505,0.55712,0.74080
546.732,-44.107,-68.164,15.95192,1.28025,0.72675
547.190,-43.988,-67.589,15.13631,2.09586,0.70375
547.629,-43.829,-68.298,16.72804,0.50413,0.69822
548.059,-43.799,-67.946,16.11984,1.11233,0.68602
548.584,-43.726,-69.557,19.56898,-2.33681,0.71166
549.141,-43.787,-68.842,17.89501,-0.66284,0.71893
549.802,-43.754,-68.834,17.94674,-0.71457,0.72677
550.250,-43.793,-69.519,19.33419,-2.10202,0.74983
550.676,-43.873,-69.676,19.50611,-2.27394,0.77479
551.318,-43.952,-70.063,20.20908,-2.97691,0.80745
551.882,-44.106,-69.466,18.53340,-1.30123,0.82173
552.453,-44.155,-70.137,19.91055,-2.67838,0.85111
552.971,-44.320,-70.307,19.92328,-2.69111,0.88064
553.577,-44.487,-68.834,16.49354,0.73864,0.87254
554.190,-44.438,-68.133,15.30110,1.93108,0.85135
554.624,-44.324,-68.290,15.78724,1.44493,0.83549
555.225,-44.245,-68.064,15.52208,1.71009,0.81673
555.938,-44.158,-68.639,16.75275,0.47942,0.81147
556.371,-44.156,-67.686,15.01511,2.21706,0.78714
556.802,-44.052,-67.683,15.18964,2.04253,0.76473
557.240,-43.958,-68.882,17.62854,-0.39637,0.76908
557.799,-44.017,-68.820,17.38381,-0.15164,0.77075
558.333,-44.068,-69.265,18.19003,-0.95786,0.78126
558.771,-44.153,-68.338,16.19078,1.04139,0.76983
559.206,-44.113,-69.831,19.31573,-2.08356,0.79269
559.822,-44.273,-69.357,17.95611,-0.72394,0.80063
560.306,-44.366,-69.605,18.27863,-1.04646,0.81212
560.743,-44.453,-69.450,17.77708,-0.54491,0.81810
561.287,-44.504,-70.056,18.95042,-1.71825,0.83695
561.846,-44.664,-69.946,18.37019,-1.13802,0.84943
562.284,-44.749,-68.639,15.64915,1.58302,0.83207
562.718,-44.671,-68.001,14.67195,2.56023,0.80397
563.152,-44.496,-67.952,14.88764,2.34453,0.77825
563.700,-44.340,-67.469,14.33526,2.89692,0.74646
564.350,-44.136,-67.945,15.50593,1.72624,0.72752
564.940,-44.033,-68.738,17.18819,0.04398,0.72704
565.459,-43.987,-67.464,14.92261,2.30956,0.70170
565.891,-43.845,-67.819,15.80205,1.43013,0.68601
566.474,-43.724,-69.437,19.30551,-2.07334,0.70876
567.275,-43.834,-68.772,17.65629,-0.42412,0.71341
567.746,-43.755,-68.531,17.32901,-0.09684,0.71447
568.181,-43.750,-68.598,17.47321,-0.24104,0.71712
568.616,-43.732,-70.488,21.76826,-4.53609,0.76689
569.246,-43.963,-71.477,23.75285,-6.52067,0.83844
569.716,-44.321,-70.906,21.34115,-4.10898,0.88352
570.154,-44.574,-69.143,16.92089,0.31128,0.88010
570.586,-44.531,-70.200,19.20609,-1.97392,0.90176
571.135,-44.641,-69.099,16.70661,0.52556,0.89600
571.708,-44.609,-69.998,18.59659,-1.36441,0.91097
572.218,-44.664,-68.097,14.84667,2.38550,0.88479
572.668,-44.538,-68.198,15.24142,1.99075,0.86295
573.244,-44.421,-68.680,16.32957,0.90260,0.85305
573.760,-44.381,-68.415,15.91167,1.32050,0.83856
574.208,-44.323,-67.803,14.92803,2.30414,0.81328
574.647,-44.198,-67.895,15.30582,1.92635,0.79214
575.297,-44.118,-68.133,15.87651,1.35567,0.77726
575.847,-44.067,-69.181,18.01715,-0.78497,0.78588
576.278,-44.139,-68.722,16.95016,0.28201,0.78278
576.717,-44.149,-69.549,18.62140,-1.38923,0.79803
577.153,-44.285,-69.035,17.27774,-0.04557,0.79853
577.585,-44.307,-68.735,16.64960,0.58258,0.79213
578.132,-44.303,-69.815,18.86386,-1.63169,0.81004
578.674,-44.436,-70.964,21.20388,-3.97170,0.85362
579.133,-44.723,-69.619,17.57205,-0.33988,0.85734
579.565,-44.787,-68.660,15.61807,1.61410,0.83963
579.993,-44.700,-68.602,15.67109,1.56108,0.82251
580.429,-44.603,-70.139,18.91566,-1.68349,0.84098
581.010,-44.730,-68.768,15.91862,1.31355,0.82657
581.631,-44.647,-67.472,13.84368,3.38849,0.78939
582.076,-44.411,-68.385,15.80141,1.43076,0.77369
582.662,-44.321,-67.990,15.25732,1.97485,0.75202
583.374,-44.182,-67.653,14.91250,2.31967,0.72657
584.001,-43.992,-68.187,16.20935,1.02282,0.71534
584.611,-43.900,-68.913,17.80945,-0.57728,0.72168
585.147,-43.903,-69.143,18.28219,-1.05002,0.73320
585.703,-43.893,-69.097,18.20588,-0.97370,0.74388
586.236,-43.933,-68.636,17.18614,0.04603,0.74338
586.670,-43.902,-69.043,18.07465,-0.84248,0.75262
587.106,-43.920,-69.956,20.03345,-2.80128,0.78336
587.539,-44.042,-70.989,22.25284,-5.02067,0.83845
588.088,-44.327,-70.470,20.28352,-3.05135,0.87193
588.701,-44.468,-69.047,16.94131,0.29086,0.86873
589.170,-44.445,-69.851,18.63184,-1.39967,0.88409
589.816,-44.493,-69.893,18.62092,-1.38874,0.89933
590.448,-44.586,-68.711,16.07724,1.15493,0.88666
590.916,-44.509,-68.024,14.98747,2.24470,0.86203
591.568,-44.391,-68.091,15.31192,1.92025,0.84096
592.123,-44.291,-68.498,16.23122,1.00095,0.82998
592.578,-44.251,-68.211,15.77481,1.45736,0.81399
593.200,-44.206,-67.956,15.39979,1.83239,0.79388
593.775,-44.122,-68.035,15.69153,1.54064,0.77698
594.213,-44.065,-69.105,17.86546,-0.63329,0.78392
594.655,-44.135,-68.365,16.27403,0.95814,0.77341
595.253,-44.116,-68.153,15.91831,1.31386,0.75900
595.763,-44.061,-68.676,17.01128,0.22089,0.75657
596.196,-44.070,-70.489,20.94021,-3.70804,0.79726
596.803,-44.346,-69.692,18.50545,-1.27328,0.81123
597.376,-44.467,-69.439,17.72622,-0.49405,0.81665
597.814,-44.533,-68.845,16.42927,0.80290,0.80784
598.433,-44.483,-69.149,17.11283,0.11934,0.80653
598.905,-44.490,-69.170,17.13812,0.09405,0.80550
599.561,-44.507,-67.968,14.89538,2.33680,0.77986
600.172,-44.362,-68.274,15.68849,1.54368,0.76292
600.786,-44.247,-67.618,14.74237,2.48980,0.73560
601.204,-44.085,-68.919,17.44713,-0.21496,0.73796
601.740,-44.092,-68.275,16.18730,1.04487,0.72650
602.204,-44.002,-67.521,14.99604,2.23613,0.70196
602.736,-43.823,-67.708,15.64113,1.59104,0.68450
603.179,-43.722,-68.185,16.71674,0.51543,0.67885
603.757,-43.650,-69.026,18.56929,-1.33712,0.69352
604.381,-43.672,-69.675,19.96149,-2.72932,0.72347
605.071,-43.790,-69.818,20.01760,-2.78543,0.75403
605.508,-43.912,-70.273,20.79888,-3.56671,0.79316
606.014,-44.101,-70.736,21.46525,-4.23308,0.83961
606.623,-44.322,-70.981,21.52672,-4.29455,0.88673
607.211,-44.559,-69.460,17.58098,-0.34881,0.89056
607.667,-44.569,-69.345,17.32914,-0.09697,0.89162
608.101,-44.560,-69.853,18.39219,-1.16002,0.90435
608.649,-44.632,-69.476,17.46578,-0.23360,0.90691
609.270,-44.640,-68.904,16.33777,0.89440,0.89710
609.747,-44.608,-68.127,14.99482,2.23735,0.87255
610.169,-44.444,-67.630,14.43111,2.80106,0.84182
610.610,-44.298,-68.913,17.01320,0.21897,0.83941
611.038,-44.311,-68.769,16.70536,0.52681,0.83363
611.694,-44.294,-68.565,16.35157,0.88061,0.82397
612.345,-44.302,-68.992,17.15965,0.07252,0.82318
612.812,-44.346,-68.421,15.98609,1.24608,0.80950
613.387,-44.294,-68.446,16.12892,1.10326,0.79740
613.991,-44.264,-68.777,16.81319,0.41898,0.79280
614.611,-44.291,-70.256,19.87259,-2.64042,0.82177
615.108,-44.492,-70.628,20.26866,-3.03649,0.85509
615.539,-44.732,-69.437,17.18865,0.04352,0.85461
616.145,-44.745,-69.047,16.41021,0.82196,0.84559
616.743,-44.714,-68.911,16.21124,1.02093,0.83439
617.173,-44.643,-69.792,18.08939,-0.85722,0.84380
617.613,-44.709,-68.854,16.11662,1.11555,0.83156
618.165,-44.669,-68.948,16.36634,0.86583,0.82206
618.810,-44.585,-67.893,14.63488,2.59729,0.79356
619.429,-44.409,-67.476,14.23466,2.99751,0.76067
620.035,-44.218,-67.447,14.50244,2.72973,0.73072
620.573,-44.008,-67.795,15.46428,1.76789,0.71132
621.009,-43.855,-67.720,15.60369,1.62848,0.69345
621.438,-43.760,-69.188,18.68085,-1.44868,0.70935
621.992,-43.816,-69.172,18.52571,-1.29354,0.72354
622.420,-43.869,-69.135,18.33728,-1.10511,0.73567
623.002,-43.875,-68.441,16.91518,0.31699,0.73219
623.517,-43.820,-70.538,21.67123,-4.43906,0.78089
623.951,-44.061,-69.562,18.83895,-1.60678,0.79852
624.626,-44.120,-70.023,19.73127,-2.49910,0.82594
625.057,-44.226,-69.437,18.21944,-0.98727,0.83678
625.575,-44.287,-69.816,18.90044,-1.66827,0.85508
626.181,-44.344,-69.864,18.87859,-1.64642,0.87315
626.702,-44.434,-70.171,19.35772,-2.12555,0.89647
627.238,-44.574,-69.246,17.12450,0.10767,0.89529
627.668,-44.571,-67.969,14.78901,2.44316,0.86848
628.287,-44.427,-68.069,15.20972,2.02246,0.84629
628.729,-44.331,-68.468,16.10054,1.13164,0.83387
629.317,-44.285,-67.925,15.20666,2.02551,0.81165
630.034,-44.211,-67.671,14.89408,2.33809,0.78599
630.618,-44.081,-68.836,17.28942,-0.05725,0.78662
631.052,-44.128,-69.453,18.46137,-1.22920,0.80011
631.653,-44.204,-69.036,17.44100,-0.20883,0.80240
632.268,-44.317,-68.289,15.79737,1.43480,0.78666
632.766,-44.244,-69.963,19.31829,-2.08611,0.80955
633.198,-44.391,-69.268,17.53225,-0.30008,0.81284
633.820,-44.465,-70.289,19.55112,-2.31895,0.83828
634.294,-44.646,-70.151,18.84722,-1.61505,0.85601
634.928,-44.782,-68.867,16.00605,1.22612,0.84255
635.544,-44.709,-69.325,17.01492,0.21725,0.84017
636.052,-44.741,-68.519,15.44931,1.78286,0.82061
636.496,-44.615,-68.863,16.30775,0.92442,0.81046
636.922,-44.539,-68.186,15.21864,2.01353,0.78837
637.356,-44.396,-68.129,15.36949,1.86268,0.76793
638.004,-44.264,-68.833,16.92365,0.30852,0.76455
638.445,-44.247,-68.249,15.85268,1.37949,0.74941
638.998,-44.110,-67.524,14.81556,2.41661,0.72290
639.537,-43.922,-67.669,15.39496,1.83721,0.70274
639.984,-43.813,-68.353,16.86639,0.36578,0.69872
640.426,-43.758,-69.213,18.73927,-1.50709,0.71526
640.866,-43.803,-69.883,20.13558,-2.90341,0.74712
641.294,-43.946,-69.156,18.21651,-0.98434,0.75792
641.743,-43.950,-69.193,18.28715,-1.05498,0.76949
642.186,-44.003,-69.522,18.87807,-1.64589,0.78755
642.619,-44.071,-70.649,21.32519,-4.09302,0.83246
643.059,-44.282,-70.552,20.58192,-3.34975,0.86922
643.633,-44.485,-69.302,17.41273,-0.18056,0.87120
644.159,-44.484,-68.819,16.47108,0.76109,0.86285
644.585,-44.405,-70.271,19.64816,-2.41599,0.88936
645.285,-44.555,-69.132,16.93819,0.29398,0.88613
645.928,-44.545,-69.059,16.81613,0.41604,0.88156
646.368,-44.502,-67.777,14.58129,2.65088,0.85248
647.092,-44.336,-68.583,16.30523,0.92695,0.84231
647.741,-44.322,-67.956,15.19477,2.03740,0.81995
648.290,-44.248,-68.010,15.42020,1.81197,0.80007
648.742,-44.139,-68.409,16.34843,0.88374,0.79037
649.171,-44.122,-69.568,18.72049,-1.48832,0.80670
649.616,-44.239,-69.508,18.34340,-1.11123,0.81890
650.053,-44.352,-69.102,17.27796,-0.04579,0.81940
650.492,-44.381,-68.657,16.36034,0.87183,0.80983
650.918,-44.362,-69.109,17.27246,-0.04028,0.81028
651.520,-44.397,-69.812,18.65341,-1.42124,0.82587
652.051,-44.522,-69.474,17.68437,-0.45219,0.83083
652.479,-44.610,-69.957,18.50853,-1.27636,0.84484
653.164,-44.702,-69.439,17.25365,-0.02148,0.84507
653.762,-44.752,-69.643,17.56158,-0.32940,0.84869
654.196,-44.780,-68.562,15.45517,1.77700,0.82919
654.808,-44.678,-68.235,15.06064,2.17154,0.80536
655.288,-44.543,-68.170,15.18241,2.04976,0.78287
655.821,-44.367,-68.221,15.58427,1.64790,0.76479
656.371,-44.255,-67.823,15.07949,2.15268,0.74117
656.814,-44.112,-68.321,16.23470,0.99747,0.73023
657.251,-44.020,-68.038,15.88155,1.35062,0.71541
657.796,-43.896,-67.734,15.55611,1.67606,0.69702
658.243,-43.769,-68.315,16.87874,0.35343,0.69314
658.666,-43.745,-68.668,17.62508,-0.39291,0.69745
659.290,-43.704,-68.652,17.67715,-0.44498,0.70233
659.812,-43.685,-69.110,18.67453,-1.44235,0.71816
660.216,-43.726,-69.348,19.10231,-1.87014,0.73868
660.642,-43.802,-71.092,23.14691,-5.91474,0.80358
661.078,-44.134,-69.563,18.68271,-1.45054,0.81949
661.625,-44.174,-69.636,18.75362,-1.52145,0.83619
662.172,-44.247,-70.485,20.50749,-3.27532,0.87212
662.613,-44.459,-69.169,17.19781,0.03436,0.87175
663.046,-44.430,-69.350,17.61879,-0.38662,0.87599
663.692,-44.460,-69.307,17.47224,-0.24006,0.87862
664.144,-44.483,-69.263,17.33748,-0.10531,0.87978
664.579,-44.489,-68.852,16.52526,0.70691,0.87202
665.009,-44.447,-68.765,16.43990,0.79227,0.86333
665.640,-44.434,-68.630,16.21016,1.02202,0.85211
666.218,-44.397,-68.756,16.51716,0.71501,0.84427
666.657,-44.382,-68.191,15.50302,1.72915,0.82530
667.204,-44.291,-67.511,14.48654,2.74563,0.79517
667.792,-44.165,-68.806,17.06263,0.16954,0.79331
668.192,-44.173,-69.617,18.71419,-1.48202,0.80957
668.735,-44.306,-69.415,18.00731,-0.77513,0.81808
669.331,-44.395,-68.851,16.70438,0.52779,0.81229
669.731,-44.398,-70.180,19.45787,-2.22570,0.83671
670.160,-44.573,-70.753,20.37098,-3.13880,0.87115
670.592,-44.795,-69.529,17.24612,-0.01394,0.87130
671.036,-44.838,-68.999,16.14517,1.08700,0.85937
671.468,-44.790,-68.490,15.31153,1.92064,0.83830
672.081,-44.690,-68.833,16.11167,1.12050,0.82600
672.708,-44.648,-69.597,17.67789,-0.44572,0.83089
673.319,-44.678,-68.396,15.34407,1.88810,0.81018
673.875,-44.548,-68.131,15.10642,2.12575,0.78685
674.317,-44.385,-68.784,16.59348,0.63869,0.77985
674.867,-44.366,-67.521,14.38046,2.85171,0.74856
675.479,-44.126,-68.563,16.66689,0.56528,0.74235
675.957,-44.043,-68.019,15.80472,1.42745,0.72669
676.597,-43.942,-68.627,17.14877,0.08340,0.72578
677.209,-43.876,-69.129,18.30945,-1.07728,0.73760
677.716,-43.904,-68.472,16.91890,0.31327,0.73416
678.148,-43.839,-69.284,18.71766,-1.48549,0.75046
678.727,-43.894,-69.301,18.63595,-1.40378,0.76586
679.262,-43.937,-70.950,22.41985,-5.18768,0.82278
679.876,-44.210,-70.278,20.10922,-2.87705,0.85435
680.492,-44.340,-69.053,17.20516,0.02701,0.85405
680.989,-44.325,-69.637,18.43337,-1.20120,0.86723
681.430,-44.386,-70.754,20.81527,-3.58310,0.90655
681.971,-44.634,-69.880,18.29237,-1.06020,0.91818
682.408,-44.699,-69.024,16.45298,0.77919,0.90963
682.846,-44.650,-67.622,14.08078,3.15139,0.87505
683.459,-44.470,-67.890,14.82451,2.40766,0.84864
683.975,-44.338,-68.954,17.01289,0.21928,0.84623
684.590,-44.351,-67.533,14.42438,2.80779,0.81542
685.287,-44.208,-68.282,15.98395,1.24822,0.80173
685.698,-44.183,-67.770,15.11230,2.11987,0.77847
686.335,-44.093,-68.209,16.06274,1.16943,0.76563
686.779,-44.056,-69.286,18.25951,-1.02734,0.77691
687.212,-44.153,-68.813,17.09897,0.13320,0.77545
687.764,-44.178,-70.106,19.78616,-2.55399,0.80347
688.315,-44.363,-70.624,20.56222,-3.33004,0.84001
688.748,-44.623,-70.568,19.82803,-2.59586,0.86849
689.395,-44.837,-69.734,17.57370,-0.34153,0.87224
689.847,-44.882,-69.603,17.22141,0.01076,0.87212
690.286,-44.907,-69.587,17.14005,0.09212,0.87111
690.725,-44.916,-69.258,16.48586,0.74631,0.86292
691.345,-44.873,-67.572,13.64442,3.58775,0.82355
691.960,-44.620,-67.795,14.41373,2.81844,0.79263
692.468,-44.435,-68.268,15.54723,1.68494,0.77414
693.020,-44.310,-67.682,14.74363,2.48854,0.74684
693.564,-44.143,-67.810,15.25228,1.97989,0.72511
694.001,-43.995,-67.757,15.42056,1.81161,0.70523
694.708,-43.874,-67.849,15.80346,1.42871,0.68956
695.243,-43.746,-69.209,18.75601,-1.52384,0.70628
695.751,-43.791,-69.181,18.59927,-1.36710,0.72128
696.193,-43.817,-68.681,17.50722,-0.27504,0.72430
696.727,-43.815,-68.882,17.92176,-0.68959,0.73186
697.282,-43.807,-70.936,22.72029,-5.48812,0.79208
697.720,-44.099,-70.104,19.96450,-2.73233,0.82206
698.155,-44.230,-70.599,20.81713,-3.58496,0.86139
698.584,-44.429,-69.378,17.67866,-0.44649,0.86629
699.034,-44.432,-69.481,17.88176,-0.64959,0.87342
699.467,-44.473,-69.827,18.52288,-1.29070,0.88758
700.028,-44.540,-70.564,20.00818,-2.77601,0.91804
700.567,-44.706,-68.368,15.24399,1.98818,0.89623
700.998,-44.580,-68.495,15.69530,1.53687,0.87936
701.438,-44.514,-67.988,14.91835,2.31382,0.85398
701.983,-44.366,-67.681,14.64785,2.58432,0.82562
702.424,-44.228,-67.940,15.33128,1.90089,0.80476
702.973,-44.146,-68.282,16.09823,1.13394,0.79232
703.534,-44.101,-67.635,15.02169,2.21048,0.76807
704.147,-43.995,-68.446,16.69414,0.53803,0.76216
704.724,-43.997,-69.927,19.79363,-2.56146,0.79027
705.159,-44.195,-68.284,16.01185,1.22032,0.77688
705.596,-44.158,-69.703,18.93556,-1.70339,0.79557
706.027,-44.292,-68.920,17.03781,0.19437,0.79344
706.472,-44.303,-69.970,19.20082,-1.96864,0.81504
706.907,-44.462,-70.244,19.45935,-2.22718,0.83947
707.343,-44.652,-69.514,17.50413,-0.27196,0.84246
707.772,-44.715,-69.735,17.82356,-0.59139,0.84895
708.223,-44.753,-68.800,15.93533,1.29684,0.83472
708.659,-44.687,-69.634,17.67489,-0.44272,0.83958
709.273,-44.732,-69.471,17.25589,-0.02372,0.83984
709.884,-44.753,-67.701,14.04072,3.19145,0.80482
710.492,-44.498,-67.450,14.04678,3.18539,0.76987
711.060,-44.304,-67.590,14.59860,2.63357,0.74097
711.623,-44.126,-67.914,15.46656,1.76562,0.72160
712.149,-43.989,-67.475,14.93743,2.29474,0.69642
712.601,-43.814,-67.626,15.50922,1.72295,0.67752
713.038,-43.696,-67.789,16.01849,1.21368,0.66420
713.468,-43.614,-69.542,19.78813,-2.55595,0.69224
713.908,-43.735,-69.059,18.45967,-1.22750,0.70571
714.351,-43.744,-68.588,17.46614,-0.23397,0.70828
714.999,-43.730,-68.829,17.98803,-0.75586,0.71657
715.643,-43.765,-69.293,18.89729,-1.66511,0.73484
716.232,-43.781,-70.226,21.00002,-3.76785,0.77618
716.754,-43.984,-69.441,18.74223,-1.51006,0.79275
717.348,-44.030,-70.479,21.01154,-3.77937,0.83422
717.746,-44.251,-70.159,19.74294,-2.51077,0.86177
718.288,-44.393,-69.995,19.05925,-1.82708,0.88182
718.718,-44.510,-69.811,18.40824,-1.17607,0.89472
719.302,-44.586,-68.786,16.21760,1.01457,0.88359
719.812,-44.540,-67.822,14.59197,2.64021,0.85462
720.433,-44.402,-68.394,15.83353,1.39864,0.83927
721.047,-44.333,-68.753,16.63336,0.59881,0.83270
721.653,-44.307,-68.207,15.66716,1.56502,0.81553
722.240,-44.260,-68.381,16.06981,1.16237,0.80278
722.662,-44.220,-68.432,16.24009,0.99208,0.79189
723.402,-44.201,-69.234,17.85111,-0.61894,0.79868
724.018,-44.289,-69.022,17.24449,-0.01232,0.79882
724.419,-44.318,-69.940,19.10300,-1.87083,0.81935
724.843,-44.452,-69.425,17.72675,-0.49458,0.82477
725.278,-44.530,-70.027,18.82962,-1.59745,0.84230
725.718,-44.666,-70.092,18.67617,-1.44400,0.85814
726.152,-44.795,-68.957,16.14729,1.08488,0.84624
726.590,-44.751,-69.345,16.97202,0.26015,0.84339
727.033,-44.761,-69.388,17.03591,0.19626,0.84123
727.478,-44.731,-69.108,16.55212,0.68005,0.83377
728.109,-44.705,-67.740,14.18172,3.05045,0.80030
728.718,-44.496,-67.832,14.68240,2.54977,0.77232
729.237,-44.303,-67.853,15.04833,2.18384,0.74836
729.657,-44.174,-68.221,15.93474,1.29743,0.73413
730.252,-44.072,-68.018,15.74985,1.48233,0.71786
730.657,-43.964,-67.528,15.07296,2.15921,0.69417
731.279,-43.795,-68.082,16.38210,0.85007,0.68484
731.730,-43.739,-68.802,17.91162,-0.67945,0.69230
732.272,-43.719,-68.960,18.28221,-1.05004,0.70382
732.725,-43.723,-69.751,20.01661,-2.78444,0.73437
733.267,-43.853,-70.188,20.73616,-3.50399,0.77282
733.850,-44.043,-70.797,21.76331,-4.53114,0.82254
734.512,-44.231,-70.709,21.08151,-3.84934,0.86477
734.919,-44.456,-69.245,17.35562,-0.12345,0.86613
735.342,-44.466,-69.910,18.71442,-1.48225,0.88239
735.788,-44.520,-70.287,19.42421,-2.19204,0.90644
736.218,-44.648,-69.322,17.12732,0.10485,0.90529
736.657,-44.655,-70.057,18.62497,-1.39280,0.92057
737.225,-44.739,-69.309,16.92530,0.30687,0.91721
737.640,-44.748,-67.743,14.11871,3.11346,0.88304
738.081,-44.547,-68.413,15.60659,1.62558,0.86521
738.510,-44.437,-67.958,14.99788,2.23429,0.84069
739.179,-44.334,-67.811,14.92312,2.30905,0.81536
739.604,-44.197,-67.779,15.10331,2.12887,0.79200
740.048,-44.096,-68.216,16.07092,1.16125,0.77926
740.710,-44.088,-68.038,15.75804,1.47413,0.76308
741.139,-44.017,-68.501,16.75567,0.47650,0.75785
741.724,-44.009,-68.429,16.63356,0.59861,0.75129
742.237,-44.029,-69.602,18.99557,-1.76340,0.77063
742.860,-44.170,-70.150,19.90724,-2.67507,0.79999
743.462,-44.375,-69.904,18.89969,-1.66752,0.81828
744.083,-44.533,-70.173,19.14410,-1.91193,0.83926
744.532,-44.667,-69.518,17.47937,-0.24719,0.84197
744.972,-44.719,-68.830,16.05311,1.17906,0.82904
745.408,-44.657,-69.474,17.41173,-0.17956,0.83101
745.956,-44.677,-68.649,15.79739,1.43478,0.81526
746.542,-44.584,-68.660,15.98907,1.24311,0.80162
747.137,-44.498,-67.897,14.78888,2.44329,0.77482
747.593,-44.348,-67.750,14.79324,2.43893,0.74805
748.032,-44.179,-68.485,16.41688,0.81529,0.73911
748.468,-44.116,-68.226,16.05043,1.18174,0.72614
748.913,-44.000,-67.780,15.45401,1.77816,0.70663
749.348,-43.860,-68.198,16.47797,0.75420,0.69836
749.796,-43.801,-68.926,18.04153,-0.80935,0.70724
750.222,-43.822,-68.970,18.08667,-0.85450,0.71661
750.660,-43.827,-69.116,18.38497,-1.15280,0.72926
751.259,-43.857,-69.121,18.33088,-1.09870,0.74132
751.664,-43.894,-70.356,21.04266,-3.81049,0.78313
752.082,-44.085,-69.592,18.85203,-1.61986,0.80090
752.510,-44.144,-71.000,22.01837,-4.78620,0.85342
753.063,-44.407,-71.032,21.44172,-4.20954,0.89960
753.499,-44.653,-69.625,17.72627,-0.49410,0.90503
753.952,-44.689,-70.142,18.73521,-1.50304,0.92152
754.533,-44.769,-69.403,17.04791,0.18426,0.91950
755.037,-44.742,-69.086,16.48900,0.74317,0.91134
755.471,-44.686,-68.716,15.90279,1.32938,0.89676
755.909,-44.599,-68.161,15.06919,2.16298,0.87302
756.348,-44.480,-69.041,16.90631,0.32587,0.86945
756.780,-44.465,-68.164,15.30944,1.92273,0.84835
757.329,-44.357,-68.296,15.73685,1.49532,0.83194
757.765,-44.260,-68.670,16.61561,0.61656,0.82518
758.421,-44.273,-67.954,15.27761,1.95456,0.80373
759.134,-44.212,-68.423,16.23879,0.99338,0.79283
759.649,-44.178,-68.948,17.31747,-0.08530,0.79377
760.260,-44.223,-69.359,18.06273,-0.83055,0.80288
760.865,-44.330,-69.240,17.60088,-0.36871,0.80693
761.381,-44.374,-69.125,17.28014,-0.04797,0.80745
761.924,-44.433,-70.672,20.50815,-3.27598,0.84340
762.470,-44.677,-69.272,16.97223,0.25994,0.84055
763.028,-44.671,-69.549,17.53440,-0.30223,0.84386
763.562,-44.747,-69.429,17.14255,0.08962,0.84288
764.001,-44.759,-68.450,15.29457,1.93760,0.82162
764.438,-44.618,-69.512,17.56556,-0.33339,0.82528
764.985,-44.648,-68.474,15.53437,1.69780,0.80665
765.435,-44.527,-67.655,14.33505,2.89712,0.77486
765.974,-44.313,-68.698,16.56821,0.66396,0.76758
766.406,-44.280,-68.760,16.75035,0.48182,0.76229
766.838,-44.231,-67.788,15.05967,2.17250,0.73845
767.284,-44.044,-67.972,15.71684,1.51533,0.72183
767.721,-43.937,-67.820,15.63758,1.59459,0.70433
768.354,-43.818,-69.458,19.14318,-1.91101,0.72530
768.813,-43.899,-69.787,19.69580,-2.46363,0.75233
769.372,-43.977,-69.597,19.09778,-1.86560,0.77280
770.013,-44.044,-69.884,19.58874,-2.35657,0.79866
770.601,-44.143,-70.015,19.66173,-2.42956,0.82531
771.004,-44.269,-70.349,20.13675,-2.90458,0.85718
771.681,-44.428,-69.303,17.52726,-0.29509,0.86042
772.210,-44.408,-69.947,18.92070,-1.68853,0.87895
772.750,-44.486,-69.366,17.53898,-0.30681,0.88231
773.374,-44.516,-69.983,18.76566,-1.53349,0.89914
773.950,-44.621,-68.659,15.91799,1.31418,0.88472
774.517,-44.538,-68.411,15.61764,1.61453,0.86701
774.940,-44.449,-67.989,15.03126,2.20091,0.84286
775.522,-44.336,-68.162,15.53445,1.69772,0.82423
776.348,-44.260,-68.549,16.38485,0.84732,0.81493
776.953,-44.237,-67.500,14.56041,2.67177,0.78562
777.356,-44.094,-67.790,15.30209,1.93008,0.76444
777.783,-44.012,-69.187,18.14451,-0.91234,0.77445
778.217,-44.101,-69.342,18.28439,-1.05221,0.78599
778.647,-44.187,-69.669,18.79739,-1.56522,0.80317
779.305,-44.342,-69.240,17.57668,-0.34451,0.80695
779.758,-44.384,-69.937,18.95033,-1.71816,0.82580
780.189,-44.522,-69.527,17.79336,-0.56119,0.83196
780.623,-44.581,-69.305,17.22684,0.00533,0.83190
781.254,-44.616,-68.793,16.17458,1.05759,0.82030
781.723,-44.566,-68.729,16.14860,1.08357,0.80841
782.151,-44.549,-68.892,16.48607,0.74610,0.80022
782.595,-44.502,-69.502,17.78386,-0.55169,0.80627
783.033,-44.545,-68.732,16.19395,1.03822,0.79488
783.470,-44.453,-67.759,14.63212,2.60005,0.76635
784.018,-44.281,-68.597,16.43627,0.79591,0.75762
784.558,-44.259,-68.670,16.61658,0.61559,0.75087
785.005,-44.184,-67.680,14.95514,2.27703,0.72588
785.434,-44.034,-67.870,15.55287,1.67931,0.70746
786.063,-43.867,-68.408,16.86676,0.36541,0.70345
786.584,-43.839,-68.426,16.95849,0.27368,0.70044
786.981,-43.786,-68.809,17.82934,-0.59717,0.70700
787.404,-43.787,-69.833,20.05741,-2.82524,0.73800
787.850,-43.901,-69.126,18.25088,-1.01871,0.74917
788.283,-43.932,-69.436,18.84349,-1.61132,0.76685
788.831,-43.990,-70.518,21.20242,-3.97025,0.81042
789.268,-44.201,-70.438,20.50387,-3.27170,0.84631
789.704,-44.353,-69.847,18.82407,-1.59190,0.86378
790.149,-44.443,-69.835,18.60346,-1.37128,0.87883
790.581,-44.515,-68.834,16.44193,0.79024,0.87016
791.020,-44.467,-69.575,18.00513,-0.77296,0.87864
791.604,-44.498,-70.562,20.09985,-2.86768,0.91010
792.220,-44.686,-69.296,17.00099,0.23119,0.90756
792.652,-44.687,-68.662,15.80391,1.42827,0.89189
793.243,-44.603,-67.799,14.44713,2.78504,0.86134
793.751,-44.447,-67.933,14.93756,2.29461,0.83616
794.359,-44.306,-67.842,15.02428,2.20789,0.81193
794.848,-44.205,-67.256,14.20786,3.02431,0.77875
795.286,-44.051,-67.551,14.96229,2.26988,0.75384
795.718,-43.948,-68.116,16.15872,1.07345,0.74207
796.261,-43.910,-68.830,17.62099,-0.38882,0.74633
796.815,-43.973,-68.510,16.85905,0.37312,0.74224
797.245,-43.984,-69.992,19.97110,-2.73893,0.77229
797.688,-44.177,-69.930,19.39301,-2.16084,0.79600
798.249,-44.355,-69.400,17.87546,-0.64329,0.80306
798.675,-44.418,-70.949,21.20966,-3.97749,0.84670
799.225,-44.714,-69.852,18.06866,-0.83649,0.85588
799.659,-44.790,-68.796,15.85993,1.37224,0.84082
800.299,-44.729,-68.418,15.29069,1.94148,0.81952
800.858,-44.613,-69.581,17.71829,-0.48612,0.82485
801.403,-44.634,-67.554,13.99716,3.23501,0.78936
801.844,-44.444,-67.455,14.14227,3.08990,0.75545
802.284,-44.234,-67.738,14.97066,2.26151,0.73064
802.836,-44.092,-68.601,16.80464,0.42753,0.72595
803.268,-44.051,-68.229,16.17773,1.05444,0.71438
803.814,-43.947,-67.720,15.44056,1.79161,0.69472
804.249,-43.841,-68.697,17.49112,-0.25895,0.69756
804.690,-43.827,-68.411,16.95161,0.28056,0.69448
805.326,-43.766,-69.232,18.76451,-1.53234,0.71130
805.779,-43.796,-69.052,18.31440,-1.08223,0.72317
806.216,-43.824,-68.875,17.88767,-0.65550,0.73036
806.661,-43.851,-69.107,18.31452,-1.08235,0.74224
807.261,-43.851,-71.082,22.98970,-5.75753,0.80541
807.664,-44.142,-69.338,18.18894,-0.95677,0.81591
808.080,-44.188,-71.000,21.90768,-4.67551,0.86721
808.517,-44.456,-70.455,19.95067,-2.71850,0.89704
808.954,-44.634,-69.492,17.49371,-0.26154,0.89991
809.397,-44.642,-69.352,17.19927,0.03290,0.89955
809.939,-44.626,-69.914,18.38115,-1.14898,0.91216
810.374,-44.700,-68.309,15.15103,2.08114,0.88932
810.814,-44.547,-67.869,14.65915,2.57302,0.86109
811.570,-44.411,-67.725,14.64579,2.58638,0.83271
812.181,-44.278,-68.457,16.17925,1.05292,0.82116
812.794,-44.239,-68.485,16.30422,0.92796,0.81098
813.223,-44.228,-68.223,15.83954,1.39263,0.79570
813.656,-44.169,-67.707,15.02833,2.20384,0.77151
814.229,-44.069,-68.727,17.09603,0.13614,0.77002
814.751,-44.090,-69.419,18.46962,-1.23745,0.78360
815.193,-44.209,-68.789,16.94432,0.28785,0.78044
815.631,-44.225,-68.789,16.91123,0.32094,0.77692
816.274,-44.250,-69.378,18.04650,-0.81433,0.78585
816.717,-44.303,-70.194,19.70387,-2.47170,0.81297
817.269,-44.499,-69.673,18.14271,-0.91054,0.82296
817.704,-44.607,-69.505,17.57550,-0.34332,0.82673
818.140,-44.637,-69.643,17.79502,-0.56285,0.83291
818.576,-44.699,-68.561,15.59873,1.63345,0.81498
819.144,-44.604,-69.352,17.27460,-0.04242,0.81545
819.564,-44.608,-68.952,16.48884,0.74334,0.80729
819.998,-44.554,-67.378,13.84146,3.39071,0.77009
820.663,-44.329,-67.570,14.52260,2.70957,0.74036
821.099,-44.157,-67.653,14.95636,2.27581,0.71539
821.728,-44.019,-68.887,17.51354,-0.28137,0.71848
822.193,-43.974,-67.321,14.70069,2.53148,0.69070
822.733,-43.793,-69.018,18.24864,-1.01647,0.70185
823.348,-43.839,-68.742,17.58529,-0.35311,0.70573
823.827,-43.793,-69.227,18.69464,-1.46247,0.72177
824.576,-43.802,-69.544,19.36781,-2.13564,0.74521
825.037,-43.903,-69.173,18.34532,-1.11315,0.75742
825.606,-43.936,-69.733,19.49241,-2.26024,0.78222
826.127,-44.013,-71.069,22.53277,-5.30060,0.84038
826.562,-44.329,-70.405,20.12665,-2.89447,0.87214
827.005,-44.494,-70.146,19.16827,-1.93610,0.89338
827.628,-44.600,-70.435,19.57647,-2.34430,0.91911
828.203,-44.748,-68.872,16.07608,1.15609,0.90642
828.636,-44.659,-69.037,16.55321,0.67896,0.89897
829.280,-44.631,-67.751,14.32208,2.91009,0.86704
829.875,-44.474,-67.871,14.78712,2.44505,0.84021
830.281,-44.330,-68.567,16.28657,0.94560,0.82984
830.830,-44.280,-68.739,16.70917,0.52301,0.82410
831.431,-44.303,-68.407,16.03877,1.19340,0.81100
831.839,-44.257,-67.871,15.15976,2.07241,0.78827
832.250,-44.157,-68.462,16.41531,0.81686,0.77930
832.798,-44.133,-69.096,17.70783,-0.47566,0.78452
833.239,-44.195,-68.182,15.82426,1.40791,0.76907
833.671,-44.144,-68.756,17.00544,0.22674,0.76659
834.115,-44.150,-69.361,18.21872,-0.98655,0.77741
834.715,-44.235,-69.919,19.23978,-2.00761,0.79944
835.118,-44.404,-69.634,18.26021,-1.02804,0.81072
835.538,-44.491,-70.367,19.66975,-2.43758,0.83746
835.969,-44.673,-69.874,18.19852,-0.96635,0.84807
836.413,-44.766,-69.406,17.06042,0.17175,0.84618
836.840,-44.773,-69.124,16.50095,0.73122,0.83816
837.279,-44.738,-68.757,15.88435,1.34783,0.82337
837.717,-44.645,-67.841,14.44806,2.78411,0.79282
838.160,-44.463,-68.880,16.62739,0.60478,0.78619
838.594,-44.396,-67.236,13.86733,3.36484,0.74927
839.039,-44.189,-67.586,14.78657,2.44560,0.72243
839.628,-44.039,-68.078,15.92020,1.31197,0.70804
840.122,-43.936,-67.827,15.65282,1.57935,0.69071
840.564,-43.785,-68.082,16.39907,0.83310,0.68157
840.998,-43.720,-68.424,17.18825,0.04392,0.68109
841.650,-43.721,-68.302,16.94544,0.28674,0.67794
842.288,-43.637,-68.955,18.44583,-1.21366,0.69126
842.747,-43.648,-68.551,17.58626,-0.35409,0.69514
843.186,-43.672,-69.493,19.54394,-2.31177,0.72051
843.826,-43.752,-70.348,21.37089,-4.13872,0.76592
844.286,-43.942,-70.590,21.49942,-4.26725,0.81274
844.725,-44.177,-70.137,19.86043,-2.62826,0.84158
845.361,-44.326,-69.954,19.11709,-1.88492,0.86226
845.924,-44.415,-70.556,20.27979,-3.04762,0.89570
846.486,-44.610,-70.191,19.01151,-1.77934,0.91522
846.909,-44.729,-68.361,15.19176,2.04041,0.89283
847.344,-44.563,-68.876,16.43009,0.80208,0.88403
847.787,-44.531,-68.331,15.48831,1.74386,0.86490
848.433,-44.466,-67.604,14.35151,2.88066,0.83329
849.049,-44.323,-67.610,14.60125,2.63092,0.80443
849.730,-44.182,-67.797,15.16085,2.07132,0.78170
850.185,-44.073,-68.056,15.81814,1.41403,0.76618
850.796,-44.051,-68.898,17.47204,-0.23987,0.76881
851.296,-44.078,-69.472,18.60745,-1.37528,0.78390
851.715,-44.215,-68.473,16.32801,0.90416,0.77398
852.160,-44.185,-69.628,18.71295,-1.48078,0.79023
852.598,-44.294,-69.765,18.77341,-1.54124,0.80714
853.030,-44.424,-70.584,20.32305,-3.09088,0.84106
853.468,-44.668,-69.903,18.26946,-1.03728,0.85244
854.019,-44.788,-68.878,16.01472,1.21745,0.83908
854.578,-44.709,-69.944,18.27070,-1.03853,0.85047
854.999,-44.799,-69.551,17.28354,-0.05137,0.85104
855.436,-44.836,-69.906,17.92495,-0.69277,0.85864
856.014,-44.892,-68.914,15.88945,1.34273,0.84391
856.622,-44.800,-68.200,14.79035,2.44183,0.81711
857.235,-44.607,-67.897,14.60513,2.62704,0.78829
857.642,-44.446,-67.777,14.67383,2.55834,0.76022
858.180,-44.264,-68.640,16.55068,0.68149,0.75274
858.778,-44.151,-67.629,14.92455,2.30762,0.72742
859.289,-43.993,-67.794,15.49040,1.74178,0.70831
859.707,-43.894,-69.453,18.96464,-1.73247,0.72732
860.141,-43.956,-69.622,19.20074,-1.96857,0.74892
860.577,-44.006,-69.235,18.25774,-1.02557,0.76017
861.127,-44.017,-69.543,18.89321,-1.66104,0.77840
861.568,-44.100,-69.333,18.26545,-1.03328,0.78973
862.106,-44.133,-69.791,19.18161,-1.94944,0.81112
862.652,-44.169,-70.146,19.90048,-2.66831,0.84040
863.208,-44.349,-70.023,19.21857,-1.98640,0.86220
863.644,-44.447,-69.002,16.89571,0.33646,0.85851
864.083,-44.424,-69.587,18.11922,-0.88705,0.86824
864.716,-44.457,-70.646,20.39092,-3.15875,0.90290
865.329,-44.656,-68.580,15.71110,1.52108,0.88621
865.735,-44.548,-68.504,15.76918,1.46299,0.87016
866.160,-44.499,-67.916,14.82084,2.41133,0.84370
866.589,-44.353,-67.897,15.03721,2.19497,0.81961
867.034,-44.237,-68.049,15.51043,1.72174,0.80072
867.476,-44.144,-67.914,15.43554,1.79663,0.78101
867.904,-44.060,-68.368,16.42166,0.81051,0.77212
868.344,-44.034,-68.187,16.13028,1.10190,0.76003
868.782,-44.001,-69.305,18.41749,-1.18532,0.77303
869.219,-44.108,-68.550,16.67488,0.55729,0.76692
869.656,-44.079,-69.332,18.30732,-1.07515,0.77871
870.244,-44.209,-69.859,19.16479,-1.93262,0.79992
870.749,-44.352,-70.047,19.26633,-2.03416,0.82224
871.187,-44.501,-69.771,18.34391,-1.11174,0.83444
871.778,-44.629,-69.933,18.41610,-1.18393,0.84743
872.294,-44.743,-69.558,17.40761,-0.17544,0.84935
872.721,-44.799,-68.717,15.70054,1.53164,0.83255
873.317,-44.699,-69.872,18.14124,-0.90907,0.84252
873.816,-44.781,-68.343,15.07006,2.16211,0.81880
874.257,-44.644,-69.128,16.75662,0.47555,0.81358
874.689,-44.613,-68.688,15.98523,1.24695,0.79990
875.261,-44.509,-67.597,14.26829,2.96388,0.76738
875.869,-44.335,-68.752,16.62813,0.60404,0.76075
876.489,-44.274,-68.751,16.74334,0.48883,0.75539
876.894,-44.201,-68.220,15.88454,1.34763,0.74060
877.307,-44.069,-68.483,16.62310,0.60908,0.73392
877.749,-44.007,-68.811,17.38666,-0.15449,0.73561
878.185,-44.029,-70.002,19.89039,-2.65822,0.76478
878.627,-44.122,-70.024,19.72933,-2.49716,0.79218
879.179,-44.202,-68.214,15.87105,1.36112,0.77724
879.766,-44.082,-69.282,18.19663,-0.96446,0.78783
880.284,-44.128,-69.761,19.12667,-1.89450,0.80861
880.699,-44.209,-71.277,22.56342,-5.33125,0.86711
881.404,-44.497,-69.402,17.58894,-0.35677,0.87102
881.915,-44.496,-70.113,19.09155,-1.85938,0.89142
882.532,-44.590,-69.052,16.71395,0.51822,0.88574
883.007,-44.558,-69.278,17.21972,0.01245,0.88560
883.739,-44.553,-69.716,18.12087,-0.88870,0.89535
884.313,-44.618,-68.350,15.36610,1.86607,0.87488
884.859,-44.548,-67.624,14.25054,2.98163,0.84216
885.295,-44.338,-67.913,15.09071,2.14146,0.81867
885.736,-44.240,-68.614,16.54526,0.68691,0.81113
886.308,-44.242,-67.789,15.04476,2.18741,0.78713
886.710,-44.127,-67.551,14.83226,2.39991,0.76080
887.155,-44.000,-68.274,16.35633,0.87584,0.75119
887.704,-43.987,-69.693,19.28836,-2.05619,0.77375
888.139,-44.139,-69.289,18.09076,-0.85859,0.78317
888.689,-44.228,-68.763,16.85663,0.37554,0.77905
889.284,-44.254,-69.616,18.53880,-1.30663,0.79338
889.698,-44.371,-69.933,18.97155,-1.73938,0.81247
890.313,-44.528,-70.446,19.76572,-2.53355,0.84027
890.938,-44.723,-68.656,15.72634,1.50583,0.82375
891.439,-44.653,-69.340,17.15236,0.07981,0.82287
891.970,-44.667,-69.129,16.71470,0.51747,0.81719
892.404,-44.637,-68.422,15.46167,1.77050,0.79777
892.849,-44.525,-67.578,14.21166,3.02051,0.76462
893.284,-44.321,-68.309,15.82790,1.40427,0.74922
893.834,-44.215,-67.619,14.79878,2.43339,0.72252
894.268,-44.076,-68.670,16.97015,0.26202,0.71964
894.704,-44.063,-67.925,15.60017,1.63200,0.70173
895.334,-43.908,-67.824,15.69774,1.53444,0.68490
895.794,-43.798,-68.595,17.37060,-0.13843,0.68642
896.238,-43.789,-69.574,19.46372,-2.23155,0.71090
896.670,-43.870,-68.797,17.63402,-0.40185,0.71531
897.282,-43.816,-69.204,18.59405,-1.36188,0.73025
897.763,-43.845,-69.859,19.98465,-2.75248,0.76045
898.401,-43.981,-70.258,20.60021,-3.36804,0.79741
898.971,-44.139,-70.969,21.95385,-4.72168,0.84922
899.521,-44.389,-70.092,19.28257,-2.05040,0.87171
899.958,-44.521,-68.998,16.74328,0.48889,0.86635
900.394,-44.456,-69.251,17.36739,-0.13522,0.86783
900.975,-44.450,-70.877,20.95655,-3.72438,0.90870
901.482,-44.701,-69.147,16.68409,0.54808,0.90269
902.094,-44.644,-69.089,16.68331,0.54886,0.89666
902.574,-44.653,-68.386,15.36919,1.86299,0.87622
903.019,-44.535,-68.162,15.18179,2.05038,0.85372
903.627,-44.416,-68.392,15.80517,1.42700,0.83807
904.135,-44.347,-67.319,14.08061,3.15156,0.80349
904.714,-44.178,-67.825,15.21804,2.01413,0.78139
905.266,-44.100,-68.085,15.82148,1.41070,0.76591
905.869,-44.056,-69.608,18.94938,-1.71721,0.78475
906.496,-44.212,-68.954,17.26198,-0.02981,0.78508
907.070,-44.254,-69.874,19.10003,-1.86786,0.80557
907.500,-44.400,-70.260,19.63476,-2.40259,0.83193
908.217,-44.594,-70.449,19.62362,-2.39145,0.85817
908.814,-44.805,-68.935,16.08863,1.14355,0.84563
909.255,-44.762,-69.757,17.77353,-0.54135,0.85157
909.690,-44.818,-68.788,15.79524,1.43693,0.83580
910.288,-44.744,-68.964,16.25544,0.97673,0.82508
910.687,-44.677,-69.090,16.62083,0.61135,0.81838
911.311,-44.646,-68.156,14.98042,2.25175,0.79367
911.921,-44.466,-67.669,14.45894,2.77323,0.76324
912.436,-44.284,-68.079,15.48024,1.75193,0.74402
912.967,-44.172,-68.572,16.59404,0.63814,0.73702
913.403,-44.115,-67.426,14.64075,2.59142,0.70858
913.842,-43.920,-67.908,15.82749,1.40468,0.69317
914.281,-43.802,-68.875,17.93380,-0.70163,0.70087
914.721,-43.820,-68.888,17.92265,-0.69048,0.70844
915.161,-43.828,-69.333,18.84782,-1.61565,0.72617
915.606,-43.868,-68.404,16.85967,0.37250,0.72208
916.033,-43.837,-68.483,17.07194,0.16023,0.72033
916.572,-43.792,-70.755,22.29348,-5.06131,0.77586
917.138,-44.040,-69.554,18.86849,-1.63632,0.79381
917.564,-44.094,-69.700,19.06768,-1.83551,0.81395
918.118,-44.197,-70.090,19.70859,-2.47642,0.84113
918.680,-44.335,-69.347,17.80872,-0.57655,0.84745
919.299,-44.343,-69.397,17.89369,-0.66152,0.85471
919.909,-44.395,-69.086,17.16026,0.07191,0.85392
920.310,-44.362,-68.017,15.23152,2.00065,0.83197
920.742,-44.260,-68.752,16.77214,0.46003,0.82692
921.279,-44.253,-68.546,16.39316,0.83901,0.81772
921.720,-44.219,-67.986,15.42980,1.80237,0.79794
922.270,-44.124,-68.740,17.01500,0.21717,0.79556
922.708,-44.153,-67.488,14.68179,2.55038,0.76757
923.148,-44.006,-68.369,16.52595,0.70622,0.75982
923.699,-44.017,-68.214,16.21194,1.02024,0.74863
924.319,-43.981,-69.669,19.24930,-2.01713,0.77076
924.781,-44.142,-69.404,18.32620,-1.09403,0.78277
925.222,-44.233,-69.385,18.09581,-0.86364,0.79224
925.661,-44.305,-69.472,18.12789,-0.89572,0.80207
926.253,-44.413,-71.090,21.56962,-4.33745,0.84966
926.650,-44.737,-70.271,18.91223,-1.68006,0.86810
927.283,-44.886,-69.779,17.56447,-0.33230,0.87174
927.973,-44.904,-69.278,16.54547,0.68670,0.86421
928.391,-44.904,-69.610,17.19251,0.03967,0.86377
928.938,-44.921,-69.104,16.18617,1.04600,0.85230
929.486,-44.844,-67.260,13.20552,4.02665,0.80811
930.029,-44.550,-68.268,15.34325,1.88892,0.78739
930.474,-44.446,-67.965,14.99434,2.23783,0.76283
931.070,-44.298,-68.778,16.75038,0.48179,0.75755
931.477,-44.238,-68.255,15.87966,1.35251,0.74271
932.189,-44.091,-68.548,16.70542,0.52675,0.73693
932.656,-44.032,-68.929,17.57342,-0.34125,0.74067
933.200,-44.037,-69.469,18.68862,-1.45645,0.75665
933.640,-44.067,-69.551,18.80105,-1.56888,0.77387
934.075,-44.110,-68.344,16.28024,0.95193,0.76342
934.510,-44.048,-68.820,17.32220,-0.09003,0.76441
935.170,-43.999,-70.161,20.32745,-3.09528,0.79837
935.718,-44.130,-69.633,18.84179,-1.60962,0.81603
936.267,-44.202,-69.853,19.16501,-1.93284,0.83724
936.810,-44.323,-69.106,17.34367,-0.11150,0.83846
937.251,-44.284,-70.449,20.33357,-3.10140,0.87249
937.682,-44.493,-69.629,18.06349,-0.83132,0.88162
938.348,-44.560,-69.466,17.59306,-0.36089,0.88558
938.777,-44.570,-68.634,15.96728,1.26489,0.87170
939.369,-44.509,-67.772,14.55923,2.67294,0.84237
939.778,-44.354,-68.770,16.62637,0.60580,0.83572
940.208,-44.318,-68.767,16.68950,0.54267,0.82977
940.794,-44.324,-67.252,14.00744,3.22473,0.79438
941.196,-44.158,-68.300,16.10890,1.12328,0.78206
941.729,-44.119,-68.938,17.41704,-0.18487,0.78409
942.331,-44.178,-69.346,18.12997,-0.89780,0.79394
942.729,-44.247,-68.565,16.44084,0.79134,0.78526
943.157,-44.227,-68.184,15.76998,1.46219,0.76921
943.603,-44.176,-69.599,18.66915,-1.43698,0.78498
944.037,-44.293,-68.751,16.70607,0.52610,0.77921
944.474,-44.279,-69.419,18.07174,-0.83957,0.78842
945.019,-44.382,-69.563,18.15733,-0.92516,0.79857
945.561,-44.498,-69.531,17.84970,-0.61753,0.80535
945.998,-44.510,-69.925,18.65340,-1.42123,0.82094
946.433,-44.635,-69.629,17.77034,-0.53817,0.82685
946.979,-44.677,-69.226,16.88315,0.34902,0.82302
947.419,-44.676,-68.795,16.06682,1.16535,0.81023
947.971,-44.583,-67.325,13.71189,3.52029,0.77160
948.412,-44.346,-68.506,16.14375,1.08842,0.75966
948.840,-44.276,-68.270,15.83855,1.39362,0.74437
949.284,-44.181,-68.877,17.16948,0.06270,0.74368
949.722,-44.156,-67.574,14.82171,2.41046,0.71723
950.269,-43.967,-68.547,16.94471,0.28746,0.71408
950.706,-43.924,-67.809,15.64039,1.59178,0.69661
951.147,-43.826,-69.690,19.64277,-2.41060,0.72306
951.573,-43.911,-69.657,19.37875,-2.14657,0.74662
952.124,-43.985,-69.758,19.43788,-2.20570,0.77082
952.566,-44.104,-68.995,17.56243,-0.33026,0.77444
953.004,-44.095,-69.147,17.88922,-0.65705,0.78165
953.434,-44.094,-69.657,18.97314,-1.74096,0.80075
953.985,-44.158,-69.929,19.43326,-2.20109,0.82490
954.617,-44.258,-69.900,19.14641,-1.91424,0.84591
955.342,-44.366,-70.190,19.55323,-2.32106,0.87138
955.831,-44.477,-69.364,17.55325,-0.32108,0.87490
956.483,-44.520,-68.414,15.65824,1.57393,0.85763
956.941,-44.422,-68.013,15.11994,2.11223,0.83445
957.599,-44.294,-68.820,16.83719,0.39498,0.83012
958.025,-44.286,-68.032,15.39215,1.84003,0.80993
958.460,-44.196,-68.091,15.65852,1.57365,0.79266
958.910,-44.113,-68.531,16.63025,0.60192,0.78606
959.534,-44.115,-67.404,14.60202,2.63015,0.75720
959.999,-44.000,-69.386,18.59113,-1.35896,0.77211
960.686,-44.085,-68.265,16.18111,1.05106,0.76058
961.202,-44.077,-68.976,17.57720,-0.34503,0.76436
961.640,-44.135,-69.597,18.75442,-1.52225,0.78107
962.078,-44.259,-70.043,19.46287,-2.23070,0.80554
962.515,-44.399,-70.290,19.70350,-2.47133,0.83266
963.068,-44.610,-70.527,19.76220,-2.53003,0.86042
963.499,-44.813,-70.158,18.50391,-1.27173,0.87437
964.226,-44.933,-68.422,14.94325,2.28892,0.84926
964.819,-44.831,-68.726,15.65864,1.57353,0.83199
965.257,-44.731,-68.235,14.96995,2.26222,0.80717
965.693,-44.587,-67.682,14.28017,2.95200,0.77478
966.235,-44.392,-67.758,14.73276,2.49941,0.74736
966.779,-44.218,-68.601,16.56360,0.66857,0.74002
967.223,-44.175,-67.667,14.94760,2.28457,0.71495
967.766,-44.006,-67.686,15.27529,1.95689,0.69348
968.203,-43.877,-67.912,15.91270,1.31947,0.67901
968.648,-43.766,-68.542,17.33078,-0.09861,0.68009
969.219,-43.756,-69.659,19.73309,-2.50092,0.70753
969.777,-43.852,-69.368,18.87167,-1.63949,0.72552
970.394,-43.877,-69.322,18.71770,-1.48553,0.74182
971.005,-43.920,-69.600,19.23224,-2.00006,0.76376
971.482,-44.018,-69.584,18.98095,-1.74878,0.78295
972.128,-44.072,-69.697,19.10864,-1.87647,0.80354
972.577,-44.154,-70.060,19.73916,-2.50699,0.83105
973.024,-44.286,-70.484,20.41370,-3.18152,0.86596
973.662,-44.454,-70.218,19.41747,-2.18530,0.88993
974.106,-44.585,-70.619,20.02944,-2.79727,0.92063
974.547,-44.773,-69.004,16.27566,0.95652,0.91013
974.983,-44.720,-68.729,15.86443,1.36774,0.89512
975.422,-44.622,-68.511,15.64913,1.58304,0.87775
975.970,-44.541,-68.798,16.32484,0.90733,0.86780
976.405,-44.502,-68.486,15.81879,1.41338,0.85229
976.844,-44.427,-67.655,14.50086,2.73131,0.82232
977.282,-44.285,-68.218,15.72619,1.50598,0.80580
977.720,-44.210,-68.206,15.84300,1.38917,0.79055
978.160,-44.150,-68.709,16.90221,0.32996,0.78693
978.588,-44.153,-68.722,16.92285,0.30932,0.78354
979.233,-44.159,-69.429,18.34446,-1.11229,0.79574
979.690,-44.295,-69.364,17.92551,-0.69334,0.80335
980.224,-44.382,-70.056,19.21835,-1.98617,0.82514
980.781,-44.524,-70.292,19.42658,-2.19440,0.84922
981.227,-44.705,-69.634,17.63742,-0.40525,0.85367
981.648,-44.776,-70.127,18.51704,-1.28486,0.86777
982.200,-44.904,-68.813,15.68312,1.54905,0.85077
982.769,-44.802,-68.419,15.16402,2.06815,0.82808
983.192,-44.679,-70.010,18.47232,-1.24015,0.84169
983.617,-44.767,-68.450,15.28108,1.95110,0.82028
984.218,-44.664,-68.564,15.66636,1.56581,0.80310
984.723,-44.519,-68.489,15.79542,1.43675,0.78733
985.344,-44.439,-67.775,14.68277,2.54940,0.75936
985.815,-44.279,-67.836,15.06001,2.17216,0.73553
986.250,-44.118,-68.888,17.31752,-0.08535,0.73646
986.883,-44.064,-68.682,17.01691,0.21526,0.73410
987.341,-44.042,-68.809,17.31216,-0.07999,0.73498
987.902,-44.018,-69.758,19.36260,-2.13043,0.75835
988.322,-44.095,-68.816,17.22044,0.01173,0.75823
988.764,-44.065,-68.173,16.04762,1.18455,0.74523
989.314,-43.942,-69.132,18.17599,-0.94382,0.75558
989.751,-43.983,-69.956,19.89116,-2.65899,0.78476
990.185,-44.099,-70.501,20.89787,-3.66569,0.82498
990.629,-44.300,-71.233,22.21467,-4.98250,0.87965
991.261,-44.574,-69.227,17.08530,0.14687,0.87804
991.720,-44.560,-68.852,16.39104,0.84113,0.86881
992.160,-44.501,-69.701,18.19680,-0.96463,0.87939
992.589,-44.567,-69.211,17.06886,0.16331,0.87760
993.039,-44.518,-69.692,18.14340,-0.91123,0.88760
993.464,-44.597,-68.248,15.22523,2.00694,0.86558
994.054,-44.473,-68.511,15.91860,1.31357,0.85117
994.658,-44.423,-68.918,16.77723,0.45494,0.84617
995.276,-44.420,-67.933,14.98502,2.24715,0.82152
995.684,-44.277,-67.745,14.90674,2.32543,0.79600
996.207,-44.179,-67.465,14.59718,2.63499,0.76709
996.638,-44.050,-68.441,16.57982,0.65236,0.75993
997.185,-44.045,-69.197,18.09653,-0.86436,0.76942
997.728,-44.132,-68.196,15.96484,1.26733,0.75551
998.350,-44.095,-69.796,19.27919,-2.04702,0.77797
998.826,-44.246,-70.269,20.00629,-2.77412,0.80841
999.377,-44.479,-70.786,20.67087,-3.43870,0.84614
999.982,-44.723,-70.658,19.80246,-2.57029,0.87434
1000.503,-44.937,-68.685,15.39442,1.83775,0.85418
1001.122,-44.865,-69.357,16.77263,0.45954,0.84914
1001.566,-44.853,-68.439,15.11081,2.12136,0.82586
1002.143,-44.714,-68.966,16.31584,0.91633,0.81581
1002.700,-44.645,-67.996,14.70869,2.52348,0.78812
1003.261,-44.453,-67.543,14.27225,2.95992,0.75564
1003.664,-44.271,-68.237,15.78608,1.44609,0.73977
1004.082,-44.185,-68.609,16.64215,0.59002,0.73330
1004.693,-44.082,-67.590,14.97650,2.25567,0.70855
1005.310,-43.926,-68.346,16.63445,0.59772,0.70199
1005.732,-43.874,-68.588,17.20577,0.02640,0.70170
1006.157,-43.857,-69.384,18.89529,-1.66312,0.71995
1006.590,-43.906,-69.330,18.67316,-1.44098,0.73576
1007.035,-43.933,-68.602,17.11932,0.11285,0.73452
1007.578,-43.907,-70.057,20.30157,-3.06940,0.76820
1008.185,-44.046,-70.440,20.87816,-3.64599,0.80821
1008.670,-44.236,-69.764,18.89857,-1.66640,0.82649
1009.321,-44.293,-69.874,19.01259,-1.78042,0.84602
1009.915,-44.383,-70.090,19.29125,-2.05908,0.86862
1010.436,-44.499,-69.391,17.56418,-0.33201,0.87226
1011.001,-44.512,-69.476,17.70935,-0.47717,0.87750
1011.405,-44.560,-68.313,15.40372,1.82846,0.85743
1011.846,-44.417,-67.939,15.00052,2.23165,0.83295
1012.283,-44.273,-68.328,15.94800,1.28417,0.81886
1012.711,-44.232,-68.396,16.15218,1.07999,0.80701
1013.297,-44.161,-68.004,15.56491,1.66727,0.78871
1013.812,-44.110,-68.575,16.72062,0.51155,0.78310
1014.257,-44.118,-67.488,14.73865,2.49352,0.75574
1014.838,-44.011,-67.899,15.64483,1.58734,0.73832
1015.239,-43.939,-68.481,16.86893,0.36324,0.73434
1015.854,-43.950,-69.036,17.95881,-0.72664,0.74231
1016.473,-44.019,-68.800,17.34012,-0.10795,0.74350
1017.087,-44.062,-70.286,20.47427,-3.24209,0.77907
1017.525,-44.298,-69.843,18.93268,-1.70051,0.79773
1018.079,-44.450,-69.537,17.96180,-0.72963,0.80573
1018.723,-44.532,-68.867,16.47188,0.76029,0.79739
1019.341,-44.496,-68.823,16.45674,0.77544,0.78888
1019.750,-44.460,-68.731,16.35174,0.88043,0.77922
1020.363,-44.427,-69.267,17.45982,-0.22765,0.78172
1020.978,-44.417,-68.162,15.39135,1.84082,0.76152
1021.496,-44.291,-67.599,14.63549,2.59668,0.73303
1022.104,-44.123,-68.667,16.87341,0.35876,0.72909
1022.713,-44.078,-68.359,16.37037,0.86180,0.71964
1023.225,-43.988,-67.312,14.66213,2.57004,0.69144
1023.661,-43.816,-68.686,17.51697,-0.28480,0.69456
1024.258,-43.812,-69.299,18.80924,-1.57706,0.71187
1024.654,-43.872,-69.949,20.13058,-2.89841,0.74367
1025.187,-43.973,-68.620,17.07450,0.15768,0.74194
1025.631,-43.944,-68.678,17.24666,-0.01449,0.74210
1026.166,-43.913,-70.500,21.34662,-4.11445,0.78724
1026.763,-44.120,-70.285,20.33538,-3.10321,0.82129
1027.264,-44.265,-70.127,19.63670,-2.40453,0.84768
1027.704,-44.411,-69.110,17.17691,0.05526,0.84707
1028.357,-44.369,-68.864,16.77909,0.45308,0.84210
1028.906,-44.328,-70.511,20.37880,-3.14663,0.87662
1029.350,-44.538,-69.147,16.99996,0.23221,0.87408
1029.989,-44.510,-68.113,15.14115,2.09102,0.85113
1030.686,-44.385,-68.957,16.92804,0.30413,0.84780
1031.323,-44.400,-67.974,15.09002,2.14215,0.82429
1031.858,-44.272,-68.001,15.36270,1.86947,0.80378
1032.454,-44.206,-67.499,14.61010,2.62207,0.77501
1032.854,-44.080,-68.147,15.97275,1.25942,0.76119
1033.286,-44.021,-68.480,16.70794,0.52423,0.75544
1033.727,-44.030,-69.123,17.97469,-0.74252,0.76359
1034.163,-44.105,-68.798,17.16497,0.06720,0.76285
1034.591,-44.137,-69.787,19.16362,-1.93145,0.78404
1035.031,-44.281,-69.317,17.85705,-0.62488,0.79090
1035.470,-44.364,-69.733,18.55622,-1.32405,0.80543
1036.031,-44.461,-70.717,20.55106,-3.31889,0.84184
1036.583,-44.717,-70.329,19.08191,-1.84974,0.86214
1036.998,-44.875,-69.410,16.85676,0.37541,0.85802
1037.440,-44.866,-69.688,17.42257,-0.19040,0.86011
1037.986,-44.895,-68.341,14.86809,2.36408,0.83417
1038.421,-44.752,-69.196,16.68059,0.55158,0.82812
1038.861,-44.734,-68.270,15.02464,2.20753,0.80389
1039.427,-44.564,-67.277,13.66722,3.56495,0.76478
1039.844,-44.316,-67.636,14.65487,2.57730,0.73650
1040.287,-44.165,-68.333,16.15796,1.07421,0.72471
1040.717,-44.082,-67.639,15.06003,2.17214,0.70088
1041.274,-43.921,-68.481,16.90331,0.32887,0.69727
1041.706,-43.862,-68.394,16.85099,0.38118,0.69309
1042.144,-43.808,-68.215,16.60978,0.62239,0.68626
1042.710,-43.767,-69.254,18.80693,-1.57476,0.70354
1043.305,-43.800,-69.525,19.32982,-2.09765,0.72655
1043.921,-43.858,-68.711,17.48327,-0.25110,0.72931
1044.519,-43.822,-69.494,19.21388,-1.98171,0.75105
1045.095,-43.902,-71.211,23.19752,-5.96535,0.81651
1045.738,-44.246,-70.105,19.63143,-2.39926,0.84283
1046.186,-44.353,-70.201,19.60614,-2.37397,0.86888
1046.736,-44.464,-69.942,18.78930,-1.55713,0.88597
1047.295,-44.570,-69.861,18.38944,-1.15727,0.89866
1047.715,-44.644,-68.786,16.10930,1.12287,0.88634
1048.419,-44.602,-67.810,14.46791,2.76426,0.85601
1048.827,-44.422,-67.964,15.03563,2.19654,0.83191
1049.445,-44.302,-67.677,14.74907,2.48310,0.80467
1049.907,-44.155,-68.419,16.33822,0.89395,0.79486
1050.340,-44.123,-67.927,15.49449,1.73769,0.77579
1050.782,-44.056,-68.204,16.12132,1.11085,0.76360
1051.224,-44.019,-67.881,15.59873,1.63345,0.74568
1051.658,-43.932,-68.981,17.88411,-0.65194,0.75283
1052.310,-44.025,-69.663,19.13640,-1.90423,0.77373
1052.751,-44.161,-68.289,16.08393,1.14824,0.76113
1053.338,-44.142,-69.824,19.23599,-2.00382,0.78311
1054.034,-44.297,-70.478,20.37375,-3.14158,0.81759
1054.503,-44.554,-69.446,17.56464,-0.33247,0.82123
1054.937,-44.605,-69.142,16.85902,0.37315,0.81714
1055.481,-44.608,-69.467,17.49529,-0.26312,0.82003
1055.924,-44.632,-69.285,17.08666,0.14552,0.81843
1056.468,-44.633,-69.051,16.62983,0.60234,0.81182
1056.910,-44.619,-67.861,14.52486,2.70731,0.78211
1057.343,-44.441,-67.504,14.22881,3.00336,0.74916
1057.781,-44.246,-67.512,14.56532,2.66685,0.71990
1058.224,-44.055,-68.552,16.78272,0.44945,0.71497
1058.869,-44.027,-68.685,17.09607,0.13610,0.71347
1059.473,-43.975,-67.515,15.03000,2.20218,0.68931
1059.880,-43.838,-68.042,16.22620,1.00597,0.67827
1060.296,-43.737,-67.907,16.16207,1.07010,0.66653
1060.897,-43.679,-69.622,19.82211,-2.58994,0.69495
1061.299,-43.782,-69.276,18.82316,-1.59099,0.71241
1061.721,-43.829,-68.614,17.34616,-0.11399,0.71366
1062.346,-43.787,-70.290,21.14125,-3.90908,0.75655
1062.817,-43.991,-69.462,18.77476,-1.54259,0.77347
1063.374,-44.022,-70.387,20.80735,-3.57518,0.81270
1063.800,-44.227,-69.983,19.39934,-2.16716,0.83648
1064.234,-44.326,-69.104,17.33325,-0.10108,0.83759
1064.670,-44.319,-68.674,16.51121,0.72097,0.82968
1065.224,-44.262,-69.215,17.68718,-0.45501,0.83467
1065.656,-44.266,-70.428,20.32912,-3.09695,0.86865
1066.211,-44.463,-68.632,16.16089,1.07128,0.85690
1066.646,-44.389,-68.472,16.00031,1.23186,0.84338
1067.261,-44.344,-68.661,16.43937,0.79280,0.83468
1067.731,-44.309,-68.364,15.94992,1.28225,0.82061
1068.283,-44.240,-68.551,16.42589,0.80628,0.81177
1068.721,-44.209,-67.588,14.75580,2.47637,0.78460
1069.268,-44.113,-67.251,14.35049,2.88168,0.75298
1069.704,-43.957,-68.318,16.52150,0.71067,0.74518
1070.146,-43.947,-68.733,17.35131,-0.11914,0.74649
1070.578,-43.976,-69.557,19.01126,-1.77909,0.76601
1071.019,-44.118,-68.482,16.52757,0.70461,0.75828
1071.672,-44.126,-68.700,16.93247,0.29970,0.75499
1072.102,-44.150,-70.450,20.65455,-3.42238,0.79254
1072.797,-44.419,-70.729,20.67791,-3.44573,0.83035
1073.311,-44.651,-68.960,16.42204,0.81013,0.82146
1073.749,-44.633,-68.659,15.89680,1.33537,0.80681
1074.325,-44.571,-69.640,17.92467,-0.69250,0.81440
1074.744,-44.636,-68.638,15.85264,1.37953,0.79927
1075.283,-44.551,-68.175,15.17887,2.05330,0.77674
1075.873,-44.403,-68.288,15.64163,1.59054,0.75929
1076.281,-44.303,-67.518,14.47999,2.75218,0.72909
1076.815,-44.131,-67.814,15.28028,1.95189,0.70767
1077.250,-44.021,-68.549,16.84060,0.39157,0.70338
1077.915,-43.937,-68.375,16.66942,0.56275,0.69720
1078.338,-43.858,-68.153,16.39593,0.83624,0.68803
1078.782,-43.800,-68.118,16.43936,0.79281,0.67933
1079.221,-43.732,-69.980,20.52882,-3.29665,0.71550
1079.654,-43.876,-70.024,20.29475,-3.06258,0.74910
1080.200,-44.002,-68.361,16.51897,0.71320,0.74128
1080.754,-43.946,-69.531,19.02140,-1.78923,0.76091
1081.195,-44.018,-69.636,19.09361,-1.86144,0.78133
1081.622,-44.097,-70.208,20.21050,-2.97833,0.81401
1082.171,-44.228,-70.750,21.18719,-3.95502,0.85741
1082.711,-44.461,-69.233,17.32145,-0.08927,0.85839
1083.265,-44.443,-70.228,19.46648,-2.23431,0.88290
1083.814,-44.589,-70.265,19.22300,-1.99083,0.90475
1084.467,-44.708,-69.009,16.40801,0.82416,0.89570
1085.081,-44.644,-67.830,14.42977,2.80240,0.86495
1085.593,-44.490,-68.125,15.19654,2.03563,0.84262
1086.115,-44.377,-67.669,14.60843,2.62374,0.81383
1086.552,-44.234,-68.052,15.51901,1.71316,0.79503
1087.098,-44.147,-67.728,15.10232,2.12985,0.77166
1087.828,-44.053,-67.993,15.73959,1.49258,0.75529
1088.465,-44.025,-68.523,16.78418,0.44799,0.75037
1088.866,-44.020,-69.030,17.80340,-0.57123,0.75664
1089.274,-44.106,-69.809,19.28254,-2.05037,0.77914
1089.898,-44.252,-68.844,16.96731,0.26486,0.77623
1090.520,-44.297,-70.582,20.61978,-3.38760,0.81340
1091.033,-44.544,-70.789,20.52269,-3.29052,0.84950
1091.466,-44.787,-70.308,18.88309,-1.65092,0.86762
1091.903,-44.918,-69.024,16.04329,1.18888,0.85457
1092.347,-44.867,-68.465,15.13207,2.10010,0.83153
1092.786,-44.730,-69.565,17.44827,-0.21610,0.83390
1093.376,-44.778,-68.826,15.93722,1.29495,0.81969
1093.782,-44.683,-67.726,14.19496,3.03721,0.78637
1094.396,-44.480,-67.390,13.97980,3.25237,0.75068
1094.990,-44.243,-68.455,16.23903,0.99314,0.73979
1095.411,-44.185,-67.896,15.33110,1.90108,0.71893
1095.849,-44.044,-68.282,16.28965,0.94252,0.70858
1096.282,-43.967,-68.285,16.44097,0.79120,0.69990
1096.856,-43.890,-68.667,17.33116,-0.09898,0.70099
1097.469,-43.876,-69.447,18.99176,-1.75959,0.72030
1098.026,-43.895,-68.664,17.31569,-0.08352,0.72121
1098.578,-43.858,-69.425,18.98185,-1.74968,0.74041
1099.128,-43.914,-69.571,19.17996,-1.94779,0.76178
1099.564,-43.994,-69.768,19.44036,-2.20819,0.78601
1099.997,-44.113,-69.882,19.42946,-2.19729,0.81012
1100.727,-44.209,-69.935,19.33333,-2.10116,0.83318
1101.366,-44.317,-68.874,16.89769,0.33448,0.82951
1101.766,-44.272,-69.448,18.14652,-0.91434,0.83954
1102.184,-44.342,-69.701,18.53266,-1.30048,0.85381
1102.796,-44.399,-68.446,15.93499,1.29718,0.83957
1103.284,-44.328,-68.960,17.04527,0.18690,0.83752
1103.717,-44.333,-68.834,16.78922,0.44295,0.83266
1104.338,-44.312,-68.049,15.37525,1.85692,0.81229
1104.808,-44.220,-67.827,15.14839,2.08378,0.78942
1105.252,-44.113,-67.672,15.06424,2.16793,0.76564
1105.696,-44.019,-67.591,15.08763,2.14455,0.74211
1106.385,-43.922,-68.768,17.47085,-0.23868,0.74473
1106.791,-43.959,-69.729,19.43189,-2.19972,0.76886
1107.214,-44.131,-69.297,18.12674,-0.89457,0.77868
1107.664,-44.202,-68.522,16.44551,0.78666,0.77005
1108.203,-44.203,-69.915,19.30242,-2.07025,0.79276
1108.838,-44.366,-70.204,19.58400,-2.35183,0.81857
1109.457,-44.566,-70.349,19.46066,-2.22849,0.84302
1109.957,-44.780,-68.889,16.04928,1.18289,0.83004
1110.386,-44.700,-69.971,18.34589,-1.11372,0.84226
1110.941,-44.794,-68.682,15.64519,1.58698,0.82485
1111.498,-44.704,-68.812,16.04835,1.18382,0.81186
1112.096,-44.625,-67.717,14.27440,2.95777,0.77940
1112.627,-44.435,-68.503,15.97332,1.25886,0.76559
1113.035,-44.335,-67.707,14.74247,2.48970,0.73827
1113.556,-44.172,-67.932,15.41733,1.81484,0.71836
1113.996,-44.049,-68.683,17.04789,0.18428,0.71634
1114.634,-44.010,-68.102,16.01770,1.21447,0.70301
1115.292,-43.873,-69.062,18.17352,-0.94135,0.71334
1115.862,-43.916,-68.999,17.95217,-0.72000,0.72124
1116.295,-43.892,-68.707,17.40900,-0.17683,0.72318
1116.736,-43.882,-69.501,19.09787,-1.86570,0.74365
1117.279,-43.972,-69.087,18.02011,-0.78793,0.75230
1117.847,-43.968,-71.335,23.35410,-6.12193,0.81947
1118.376,-44.284,-70.794,21.16085,-3.92868,0.86258
1118.947,-44.509,-69.100,16.96568,0.26649,0.85965
1119.473,-44.470,-69.063,16.96740,0.26477,0.85675
1119.912,-44.426,-69.683,18.31570,-1.08353,0.86864
1120.338,-44.510,-70.478,19.87974,-2.64757,0.89769
1120.785,-44.657,-69.142,16.75941,0.47276,0.89250
1121.537,-44.636,-68.745,16.04868,1.18350,0.87951
1122.154,-44.590,-68.947,16.51310,0.71907,0.87162
1122.754,-44.550,-68.872,16.44635,0.78583,0.86300
1123.195,-44.523,-68.641,16.06537,1.16680,0.85020
1123.791,-44.492,-68.003,14.98069,2.25148,0.82549
1124.308,-44.394,-67.724,14.67168,2.56049,0.79740
1124.720,-44.259,-68.305,15.93278,1.29939,0.78314
1125.162,-44.208,-69.508,18.40739,-1.17522,0.79604
1125.589,-44.296,-68.247,15.75957,1.47260,0.77988
1126.035,-44.235,-68.631,16.58848,0.64370,0.77282
1126.465,-44.236,-69.439,18.20356,-0.97139,0.78347
1127.073,-44.313,-69.480,18.12747,-0.89530,0.79330
1127.566,-44.421,-70.972,21.25937,-4.02720,0.83749
1128.002,-44.704,-69.484,17.33846,-0.10629,0.83865
1128.437,-44.733,-68.985,16.31649,0.91568,0.82860
1128.985,-44.678,-69.170,16.77357,0.45861,0.82357
1129.422,-44.677,-68.948,16.35145,0.88072,0.81391
1129.863,-44.628,-68.331,15.31614,1.91603,0.79289
1130.298,-44.513,-67.689,14.41460,2.81757,0.76197
1130.738,-44.326,-68.157,15.54415,1.68803,0.74345
1131.280,-44.227,-68.438,16.23719,0.99498,0.73253
1131.826,-44.136,-68.173,15.91652,1.31565,0.71810
1132.262,-44.038,-68.372,16.47170,0.76047,0.70975
1132.705,-43.960,-68.505,16.87495,0.35722,0.70583
1133.136,-43.917,-67.887,15.79404,1.43813,0.69005
1133.718,-43.813,-69.494,19.23475,-2.00258,0.71203
1134.341,-43.874,-69.373,18.83454,-1.60237,0.72961
1134.783,-43.934,-69.300,18.54743,-1.31526,0.74404
1135.221,-43.976,-68.769,17.36337,-0.13120,0.74548
1135.658,-43.956,-69.261,18.41757,-1.18540,0.75849
1136.204,-43.987,-70.349,20.80292,-3.57074,0.79766
1136.748,-44.167,-69.715,18.94139,-1.70922,0.81642
1137.189,-44.249,-69.357,18.00593,-0.77376,0.82491
1137.816,-44.268,-69.911,19.14830,-1.91613,0.84593
1138.440,-44.383,-69.893,18.85951,-1.62734,0.86379
1138.843,-44.468,-69.294,17.42923,-0.19706,0.86595
1139.458,-44.479,-68.411,15.72535,1.50682,0.84942
1140.035,-44.427,-68.020,15.12336,2.10881,0.82628
1140.463,-44.280,-68.692,16.61815,0.61402,0.81954
1140.906,-44.253,-69.018,17.30789,-0.07572,0.82037
1141.345,-44.277,-68.492,16.24598,0.98620,0.80955
1141.777,-44.251,-68.463,16.24170,0.99048,0.79868
1142.217,-44.208,-68.156,15.75311,1.47906,0.78246
1142.659,-44.171,-68.744,16.93152,0.30065,0.77916
1143.245,-44.170,-69.601,18.68743,-1.45526,0.79512
1143.747,-44.287,-68.523,16.28596,0.94621,0.78474
1144.295,-44.275,-68.607,16.46612,0.76605,0.77634
1144.964,-44.258,-70.146,19.69663,-2.46446,0.80338
1145.604,-44.448,-71.055,21.39545,-4.16328,0.84906
1146.147,-44.786,-69.112,16.45586,0.77631,0.84054
1146.594,-44.759,-70.036,18.35908,-1.12691,0.85290
1147.034,-44.853,-69.130,16.36215,0.87002,0.84336
1147.478,-44.799,-69.687,17.55486,-0.32269,0.84690
1147.906,-44.846,-69.340,16.77674,0.45543,0.84190
1148.338,-44.807,-69.017,16.23769,0.99448,0.83099
1148.779,-44.759,-68.224,14.90249,2.32968,0.80543
1149.217,-44.581,-67.400,13.83477,3.39740,0.76815
1149.766,-44.350,-68.329,15.81207,1.42010,0.75257
1150.371,-44.265,-67.839,15.09168,2.14049,0.72908
1150.779,-44.103,-68.439,16.47505,0.75713,0.72078
1151.188,-44.020,-67.681,15.24297,1.98920,0.69895
1151.623,-43.872,-68.777,17.58973,-0.35756,0.70287
1152.171,-43.878,-68.875,17.77639,-0.54422,0.70884
1152.607,-43.848,-69.180,18.47596,-1.24378,0.72249
1153.054,-43.888,-68.378,16.76907,0.46310,0.71741
1153.701,-43.821,-69.915,20.17114,-2.93897,0.74966
1154.250,-43.957,-70.702,21.74011,-4.50794,0.79912
1154.795,-44.189,-71.156,22.30151,-5.06934,0.85474
1155.237,-44.492,-69.882,18.59857,-1.36640,0.86974
1155.673,-44.546,-69.046,16.78787,0.44430,0.86486
1156.245,-44.472,-70.163,19.25450,-2.02233,0.88705
1156.651,-44.615,-69.963,18.50975,-1.27758,0.90107
1157.270,-44.682,-69.516,17.44479,-0.21261,0.90340
1157.752,-44.704,-68.381,15.26984,1.96233,0.88187
1158.296,-44.579,-68.784,16.22643,1.00574,0.87083
1158.727,-44.560,-68.473,15.69156,1.54061,0.85393
1159.287,-44.476,-68.868,16.58065,0.65152,0.84678
1159.725,-44.434,-68.720,16.37806,0.85411,0.83741
1160.344,-44.415,-67.400,14.10115,3.13102,0.80306
1160.812,-44.250,-67.952,15.31332,1.91885,0.78200
1161.248,-44.157,-68.273,16.06104,1.17113,0.76915
1161.795,-44.120,-68.463,16.48706,0.74511,0.76098
1162.229,-44.113,-68.338,16.26481,0.96736,0.75036
1162.677,-44.099,-69.081,17.74730,-0.51513,0.75601
1163.109,-44.139,-70.126,19.92248,-2.69031,0.78553
1163.727,-44.356,-69.576,18.24015,-1.00797,0.79659
1164.243,-44.447,-70.705,20.55352,-3.32135,0.83304
1164.749,-44.700,-68.716,15.87883,1.35334,0.81819
1165.182,-44.608,-69.534,17.63052,-0.39835,0.82256
1165.622,-44.660,-69.793,18.05746,-0.82529,0.83161
1166.180,-44.737,-68.615,15.62730,1.60487,0.81400
1166.716,-44.630,-68.672,15.92592,1.30625,0.79967
1167.267,-44.550,-67.666,14.31557,2.91660,0.76767
1167.817,-44.343,-67.552,14.46887,2.76330,0.73735
1168.248,-44.164,-67.622,14.89098,2.34119,0.71166
1168.686,-44.029,-67.397,14.73689,2.49529,0.68428
1169.242,-43.826,-67.693,15.60862,1.62355,0.66647
1169.673,-43.705,-68.771,17.91712,-0.68495,0.67398
1170.278,-43.738,-68.289,16.88651,0.34566,0.67019
1170.870,-43.669,-69.584,19.75862,-2.52645,0.69791
1171.312,-43.770,-68.586,17.40971,-0.17754,0.69986
1171.914,-43.736,-69.711,19.89558,-2.66341,0.72908
1172.427,-43.848,-70.744,22.12244,-4.89027,0.78274
1172.841,-44.083,-69.773,19.25108,-2.01891,0.80489
1173.277,-44.196,-70.409,20.44722,-3.21505,0.84017
1173.712,-44.364,-69.518,18.10073,-0.86856,0.84970
1174.158,-44.419,-68.750,16.46442,0.76775,0.84127
1174.594,-44.351,-70.477,20.24393,-3.01176,0.87432
1175.032,-44.530,-70.625,20.17234,-2.94017,0.90658
1175.469,-44.717,-69.953,18.27095,-1.03878,0.91798
1176.119,-44.796,-68.777,15.81404,1.41814,0.90242
1176.670,-44.703,-68.567,15.60161,1.63056,0.88453
1177.216,-44.614,-67.964,14.70639,2.52578,0.85681
1177.650,-44.473,-68.505,15.90570,1.32647,0.84226
1178.272,-44.417,-67.565,14.36837,2.86380,0.81084
1178.757,-44.283,-67.919,15.19791,2.03426,0.78852
1179.201,-44.182,-68.802,17.02139,0.21078,0.78620
1179.624,-44.193,-69.132,17.65935,-0.42718,0.79089
1180.180,-44.225,-68.550,16.45392,0.77825,0.78235
1180.711,-44.234,-68.389,16.13395,1.09822,0.77030
1181.272,-44.213,-69.988,19.44184,-2.20967,0.79455
1181.809,-44.398,-69.228,17.43858,-0.20641,0.79681
1182.258,-44.434,-71.006,21.31128,-4.07911,0.84157
1182.874,-44.724,-69.634,17.59953,-0.36736,0.84560
1183.356,-44.790,-68.667,15.62524,1.60693,0.82797
1183.893,-44.704,-68.419,15.33704,1.89513,0.80717
1184.319,-44.604,-68.842,16.28875,0.94342,0.79682
1184.764,-44.532,-69.051,16.82372,0.40845,0.79234
1185.334,-44.526,-68.328,15.49199,1.74018,0.77325
1185.874,-44.389,-68.100,15.33024,1.90193,0.75238
1186.298,-44.247,-68.618,16.54121,0.69096,0.74480
1186.735,-44.221,-68.887,17.11093,0.12125,0.74347
1187.383,-44.159,-67.480,14.65716,2.57501,0.71521
1187.999,-43.938,-67.472,15.02088,2.21130,0.69095
1188.621,-43.804,-69.476,19.21347,-1.98130,0.71269
1189.031,-43.885,-70.086,20.41990,-3.18773,0.74767
1189.645,-44.006,-68.561,16.89441,0.33776,0.74396
1190.245,-43.948,-68.968,17.82183,-0.58966,0.75043
1190.674,-43.991,-70.310,20.69787,-3.46570,0.78846
1191.219,-44.140,-70.566,20.95608,-3.72391,0.82932
1191.766,-44.319,-69.387,17.92215,-0.68998,0.83689
1192.312,-44.336,-70.313,19.89875,-2.66658,0.86615
1192.751,-44.501,-69.062,16.90687,0.32530,0.86258
1193.319,-44.465,-70.919,21.02473,-3.79256,0.90419
1193.821,-44.698,-69.640,17.66411,-0.43194,0.90893
1194.282,-44.740,-68.631,15.65197,1.58020,0.89159
1194.718,-44.643,-67.684,14.19282,3.03935,0.85824
1195.475,-44.462,-67.876,14.81498,2.41719,0.83172
1196.037,-44.317,-68.921,16.99092,0.24125,0.82907
1196.466,-44.345,-67.903,15.06316,2.16902,0.80527
1196.905,-44.219,-68.022,15.49300,1.73917,0.78619
1197.343,-44.153,-68.370,16.25014,0.98203,0.77542
1197.777,-44.119,-68.799,17.13836,0.09381,0.77439
1198.216,-44.145,-68.363,16.25160,0.98057,0.76363
1198.650,-44.111,-69.101,17.76274,-0.53057,0.76945
1199.199,-44.188,-69.168,17.74133,-0.50915,0.77504
1199.639,-44.263,-69.158,17.56884,-0.33666,0.77873
1200.088,-44.299,-69.013,17.20819,0.02398,0.77847
1200.513,-44.327,-69.517,18.17544,-0.94327,0.78882
1200.956,-44.407,-69.269,17.50123,-0.26906,0.79177
1201.513,-44.455,-69.587,18.05349,-0.82132,0.80078
1201.942,-44.532,-69.830,18.40486,-1.17269,0.81365
1202.537,-44.629,-69.934,18.41927,-1.18710,0.82667
1202.939,-44.697,-68.040,14.69529,2.53688,0.79884
1203.565,-44.550,-68.495,15.74938,1.48279,0.78257
1204.124,-44.435,-67.444,14.14005,3.09212,0.74864
1204.562,-44.220,-68.142,15.70749,1.52468,0.73191
1205.002,-44.142,-68.233,16.01574,1.21643,0.71856
1205.639,-44.042,-67.731,15.29160,1.94058,0.69727
1206.205,-43.838,-68.532,17.16785,0.06432,0.69657
1206.649,-43.868,-68.093,16.26317,0.96900,0.68593
1207.195,-43.775,-68.585,17.39776,-0.16559,0.68775
1207.622,-43.732,-69.741,19.97313,-2.74096,0.71782
1208.175,-43.830,-69.868,20.04105,-2.80888,0.74864
1208.717,-43.960,-69.033,17.93373,-0.70156,0.75634
1209.163,-43.987,-70.550,21.28852,-4.05635,0.80085
1209.605,-44.170,-70.864,21.61114,-4.37897,0.84890
1210.034,-44.430,-69.586,18.10634,-0.87417,0.85849
1210.461,-44.457,-69.054,16.97577,0.25640,0.85568
1211.021,-44.427,-69.801,18.56561,-1.33344,0.87031
1211.554,-44.498,-70.488,19.92907,-2.69690,0.89990
1211.995,-44.661,-68.777,16.06075,1.17142,0.88704
1212.442,-44.581,-69.011,16.65390,0.57828,0.88070
1212.982,-44.555,-68.239,15.28349,1.94868,0.85932
1213.426,-44.438,-68.608,16.16229,1.06989,0.84758
1214.007,-44.397,-67.876,14.92739,2.30479,0.82229
1214.416,-44.281,-67.743,14.89751,2.33466,0.79667
1214.846,-44.157,-68.700,16.87041,0.36176,0.79270
1215.388,-44.144,-67.334,14.43702,2.79515,0.76203
1215.938,-44.023,-68.668,17.06992,0.16225,0.76025
1216.566,-44.070,-69.117,17.87966,-0.64749,0.76736
1217.032,-44.132,-68.527,16.58604,0.64613,0.76027
1217.467,-44.129,-68.972,17.46325,-0.23108,0.76281
1218.020,-44.198,-70.505,20.67193,-3.43976,0.80055
1218.618,-44.448,-70.173,19.33142,-2.09925,0.82358
1219.026,-44.610,-70.772,20.32821,-3.09604,0.85755
1219.427,-44.838,-68.861,15.88969,1.34248,0.84282
1220.049,-44.806,-68.831,15.89473,1.33744,0.82815
1220.724,-44.726,-69.495,17.31589,-0.08371,0.82906
1221.184,-44.762,-68.611,15.57703,1.65514,0.81090
1221.618,-44.617,-68.614,15.84415,1.38802,0.79567
1222.170,-44.546,-68.397,15.57979,1.65238,0.77754
1222.606,-44.400,-67.618,14.48458,2.74759,0.74740
1223.158,-44.225,-68.885,17.10033,0.13184,0.74595
1223.698,-44.214,-68.641,16.64710,0.58508,0.73953
1224.138,-44.149,-68.348,16.21510,1.01707,0.72837
1224.687,-44.027,-68.583,16.89788,0.33429,0.72470
1225.271,-43.985,-69.605,19.09664,-1.86447,0.74516
1225.790,-44.058,-69.343,18.37480,-1.14262,0.75770
1226.212,-44.072,-68.248,16.17166,1.06051,0.74606
1226.644,-43.979,-68.747,17.31459,-0.08242,0.74697
1227.216,-43.961,-70.921,22.28433,-5.05216,0.80240
1227.642,-44.222,-69.630,18.63689,-1.40471,0.81781
1228.074,-44.280,-69.996,19.31094,-2.07877,0.84062
1228.517,-44.391,-70.805,20.92566,-3.69349,0.88115
1229.163,-44.596,-69.611,17.81281,-0.58064,0.88752
1229.716,-44.633,-69.195,16.90887,0.32330,0.88397
1230.266,-44.580,-70.265,19.24072,-2.00855,0.90601
1230.881,-44.707,-68.655,15.75311,1.47906,0.88978
1231.514,-44.623,-67.803,14.42058,2.81159,0.85893
1232.043,-44.468,-67.535,14.23576,2.99641,0.82605
1232.566,-44.313,-67.827,14.98694,2.24523,0.80142
1232.997,-44.168,-67.631,14.89770,2.33447,0.77580
1233.648,-44.064,-67.958,15.65570,1.57647,0.75851
1234.286,-44.032,-68.535,16.79421,0.43797,0.75370
1234.750,-44.030,-68.705,17.12918,0.10299,0.75257
1235.187,-44.075,-68.656,16.94520,0.28697,0.74942
1235.738,-44.095,-69.512,18.65696,-1.42479,0.76506
1236.281,-44.199,-69.969,19.43126,-2.19909,0.78918
1236.824,-44.395,-70.792,20.88480,-3.65263,0.82926
1237.265,-44.664,-69.426,17.30185,-0.06967,0.83003
1237.701,-44.695,-70.272,19.00362,-1.77145,0.84946
1238.134,-44.837,-68.656,15.52140,1.71077,0.83069
1238.686,-44.723,-69.591,17.51475,-0.28258,0.83379
1239.297,-44.752,-68.638,15.64130,1.59087,0.81634
1239.777,-44.690,-68.551,15.59567,1.63650,0.79838
1240.219,-44.568,-68.390,15.52819,1.70399,0.77968
1240.650,-44.447,-67.879,14.84611,2.38607,0.75350
1241.246,-44.285,-67.839,15.05510,2.17707,0.72962
1241.649,-44.138,-67.896,15.41416,1.81801,0.70967
1242.272,-44.006,-68.618,17.00566,0.22651,0.70718
1242.744,-43.932,-68.007,15.98564,1.24653,0.69351
1243.291,-43.854,-69.619,19.41846,-2.18629,0.71749
1243.860,-43.938,-68.827,17.55677,-0.32460,0.72106
1244.424,-43.902,-69.661,19.40721,-2.17504,0.74492
1244.824,-43.991,-69.481,18.81476,-1.58259,0.76229
1245.350,-44.067,-69.157,17.96776,-0.73559,0.77036
1245.797,-44.065,-69.600,18.91328,-1.68111,0.78880
1246.234,-44.129,-70.310,20.37201,-3.13983,0.82325
1246.883,-44.274,-69.736,18.75446,-1.52229,0.83996
1247.497,-44.354,-70.165,19.52350,-2.29133,0.86510
1248.091,-44.453,-70.590,20.26868,-3.03651,0.89842
1248.733,-44.660,-69.157,16.78228,0.44989,0.89348
1249.336,-44.635,-68.537,15.67091,1.56127,0.87635
1249.742,-44.561,-68.170,15.15031,2.08186,0.85351
1250.360,-44.432,-68.275,15.56500,1.66717,0.83521
1250.942,-44.350,-68.829,16.74766,0.48451,0.82990
1251.591,-44.351,-67.312,14.06285,3.16933,0.79512
1252.028,-44.194,-67.602,14.80427,2.42790,0.76848
1252.467,-44.062,-69.349,18.37994,-1.14777,0.78108
1252.905,-44.167,-68.382,16.24694,0.98523,0.77027
1253.345,-44.143,-69.128,17.75166,-0.51949,0.77597
1253.777,-44.189,-68.619,16.65311,0.57906,0.76961
1254.220,-44.201,-69.020,17.41558,-0.18341,0.77162
1254.664,-44.254,-69.522,18.33977,-1.10760,0.78378
1255.269,-44.368,-69.811,18.71428,-1.48211,0.80004
1255.752,-44.501,-70.345,19.59797,-2.36580,0.82600
1256.187,-44.674,-69.809,18.06130,-0.82913,0.83510
1256.733,-44.753,-68.893,16.10556,1.12661,0.82273
1257.282,-44.690,-69.466,17.33034,-0.09817,0.82381
1257.936,-44.734,-69.214,16.74987,0.48230,0.81852
1258.487,-44.680,-67.670,14.11025,3.12192,0.78426
1259.067,-44.468,-68.308,15.56020,1.67197,0.76592
1259.467,-44.359,-67.881,14.99940,2.23277,0.74142
1260.083,-44.208,-68.678,16.73151,0.50066,0.73593
1260.563,-44.120,-68.312,16.20369,1.02849,0.72464
1260.996,-44.030,-67.610,15.09926,2.13291,0.70124
1261.702,-43.880,-67.664,15.45951,1.77266,0.68179
1262.240,-43.741,-69.692,19.84151,-2.60933,0.71042
1262.746,-43.837,-68.681,17.46692,-0.23475,0.71300
1263.184,-43.815,-69.843,20.01698,-2.78480,0.74355
1263.615,-43.973,-69.093,18.03123,-0.79906,0.75232
1264.178,-43.975,-71.035,22.54136,-5.30919,0.81057
1264.897,-44.243,-69.937,19.26159,-2.02942,0.83284
1265.484,-44.339,-70.197,19.63059,-2.39842,0.85916
1266.029,-44.467,-69.392,17.63015,-0.39798,0.86352
1266.467,-44.465,-70.033,18.98375,-1.75158,0.88274
1266.903,-44.569,-69.690,18.03348,-0.80131,0.89153
1267.458,-44.625,-68.674,15.93859,1.29358,0.87734
1267.892,-44.571,-68.811,16.29229,0.93988,0.86703
1268.485,-44.527,-68.154,15.18209,2.05009,0.84453
1268.998,-44.414,-67.826,14.81098,2.42119,0.81797
1269.612,-44.290,-68.061,15.43581,1.79636,0.79826
1270.078,-44.195,-68.233,15.91922,1.31296,0.78385
1270.634,-44.149,-67.757,15.14957,2.08260,0.76100
1271.243,-44.084,-68.508,16.64320,0.58897,0.75454
1271.720,-44.066,-68.525,16.70950,0.52268,0.74880
1272.372,-44.081,-69.659,19.00756,-1.77538,0.76828
1272.818,-44.217,-69.377,18.11369,-0.88152,0.77796
1273.247,-44.311,-69.347,17.85596,-0.62379,0.78480
1273.806,-44.389,-70.518,20.25009,-3.01792,0.81791
1274.236,-44.625,-69.411,17.35128,-0.11911,0.81922
1274.786,-44.650,-69.033,16.56388,0.66829,0.81189
1275.210,-44.635,-69.644,17.80056,-0.56839,0.81812
1275.681,-44.680,-68.709,15.90239,1.32978,0.80353
1276.198,-44.618,-69.078,16.71165,0.52053,0.79782
1276.642,-44.585,-68.093,14.97488,2.25729,0.77305
1277.074,-44.418,-67.385,14.07063,3.16154,0.73836
1277.517,-44.197,-67.533,14.68256,2.54962,0.71039
1278.063,-44.037,-68.621,16.95100,0.28117,0.70730
1278.495,-44.017,-68.433,16.62635,0.60582,0.70066
1278.937,-43.935,-67.965,15.90274,1.32943,0.68607
1279.541,-43.812,-68.148,16.47545,0.75672,0.67777
1280.056,-43.759,-69.512,19.39401,-2.16184,0.70149
1280.580,-43.837,-69.152,18.43931,-1.20714,0.71473
1281.016,-43.843,-69.541,19.27219,-2.04002,0.73712
1281.597,-43.937,-69.768,19.56785,-2.33568,0.76274
1282.105,-44.033,-70.498,21.04937,-3.81720,0.80463
1282.543,-44.228,-69.562,18.47858,-1.24641,0.81830
1282.985,-44.271,-69.546,18.35455,-1.12238,0.83062
1283.542,-44.317,-69.973,19.17821,-1.94604,0.85197
1283.960,-44.443,-69.963,18.87857,-1.64640,0.87004
1284.407,-44.505,-69.345,17.45731,-0.22514,0.87251
1284.840,-44.507,-69.485,17.73818,-0.50601,0.87806
1285.289,-44.564,-69.536,17.72569,-0.49352,0.88347
1285.719,-44.601,-67.777,14.41334,2.81883,0.85254
1286.303,-44.408,-67.700,14.60793,2.62424,0.82375
1286.813,-44.283,-67.761,14.92503,2.30714,0.79844
1287.254,-44.144,-68.273,16.08458,1.14759,0.78584
1287.690,-44.095,-68.970,17.52789,-0.29572,0.78909
1288.250,-44.129,-68.563,16.66153,0.57064,0.78283
1288.672,-44.121,-68.415,16.39473,0.83744,0.77364
1289.110,-44.096,-68.306,16.23747,0.99470,0.76272
1289.651,-44.063,-69.694,19.12201,-1.88983,0.78346
1290.207,-44.242,-69.476,18.26768,-1.03551,0.79482
1290.642,-44.319,-68.607,16.38465,0.84752,0.78552
1291.076,-44.293,-69.184,17.56132,-0.32915,0.78913
1291.510,-44.361,-70.229,19.65232,-2.42015,0.81569
1291.949,-44.537,-70.324,19.46896,-2.23679,0.84023
1292.390,-44.728,-69.055,16.45717,0.77500,0.83173
1292.932,-44.703,-68.926,16.25999,0.97218,0.82106
1293.569,-44.658,-69.039,16.56017,0.67200,0.81369
1294.030,-44.620,-68.689,15.97600,1.25617,0.79991
1294.460,-44.568,-67.958,14.77506,2.45711,0.77295
1295.103,-44.406,-68.368,15.77981,1.45236,0.75701
1295.678,-44.302,-67.632,14.67222,2.55995,0.72892
1296.213,-44.131,-68.768,17.05488,0.17729,0.72698
1296.661,-44.111,-68.552,16.67451,0.55767,0.72086
1297.197,-44.034,-68.123,16.01181,1.22036,0.70747
1297.646,-43.921,-67.616,15.30052,1.93165,0.68627
1298.078,-43.791,-69.378,19.02691,-1.79474,0.70596
1298.509,-43.886,-69.443,18.96167,-1.72950,0.72494
1299.055,-43.920,-69.410,18.81467,-1.58250,0.74230
1299.502,-43.972,-69.262,18.38559,-1.15342,0.75496
1299.932,-44.025,-70.031,19.96641,-2.73424,0.78496
1300.477,-44.169,-69.526,18.53008,-1.29790,0.79920
1301.046,-44.193,-71.008,21.91536,-4.68319,0.85059
1301.472,-44.461,-69.313,17.48248,-0.25030,0.85333
1301.912,-44.446,-69.268,17.42083,-0.18866,0.85540
1302.483,-44.447,-69.869,18.66807,-1.43590,0.87116
1303.097,-44.531,-69.375,17.46686,-0.23469,0.87373
1303.712,-44.532,-69.242,17.19800,0.03417,0.87336
1304.203,-44.538,-67.971,14.84783,2.38434,0.84720
1304.755,-44.411,-68.555,16.11460,1.11757,0.83494
1305.178,-44.330,-67.913,15.10638,2.12579,0.81161
1305.619,-44.222,-69.126,17.58729,-0.35511,0.81551
1306.272,-44.278,-67.749,14.91211,2.32007,0.79005
1306.717,-44.151,-67.646,14.95390,2.27828,0.76505
1307.155,-44.072,-68.255,16.18710,1.04507,0.75359
1307.591,-44.018,-69.297,18.36360,-1.13143,0.76600
1308.226,-44.095,-69.548,18.73601,-1.50384,0.78250
1308.797,-44.269,-68.956,17.15465,0.07752,0.78165
1309.232,-44.287,-69.835,18.94057,-1.70840,0.80039
1309.858,-44.441,-70.214,19.43975,-2.20758,0.82462
1310.466,-44.633,-69.846,18.22398,-0.99181,0.83550
1310.984,-44.740,-69.492,17.28275,-0.05058,0.83605
1311.425,-44.757,-69.156,16.59530,0.63687,0.82907
1311.855,-44.725,-68.769,15.93013,1.30205,0.81478
1312.409,-44.675,-69.628,17.68705,-0.45488,0.81977
1312.845,-44.704,-68.572,15.61028,1.62189,0.80198
1313.284,-44.591,-68.409,15.51989,1.71228,0.78319
1313.833,-44.468,-68.299,15.54250,1.68967,0.76465
1314.260,-44.349,-67.999,15.22210,2.01007,0.74259
1314.697,-44.216,-68.471,16.32091,0.91126,0.73259
1315.140,-44.139,-68.381,16.29681,0.93536,0.72233
1315.577,-44.043,-67.707,15.24809,1.98409,0.70056
1316.125,-43.893,-68.647,17.28581,-0.05364,0.70115
1316.562,-43.882,-69.102,18.23783,-1.00566,0.71218
1317.008,-43.909,-68.723,17.40550,-0.17333,0.71409
1317.435,-43.876,-68.991,18.02000,-0.78783,0.72273
1318.044,-43.877,-68.605,17.23494,-0.00277,0.72276
1318.443,-43.860,-69.653,19.48178,-2.24961,0.74744
1318.962,-43.950,-70.940,22.36003,-5.12786,0.80371
1319.411,-44.230,-69.665,18.69594,-1.46377,0.81977
1319.839,-44.283,-69.612,18.46857,-1.23640,0.83334
1320.392,-44.322,-69.190,17.51434,-0.28217,0.83643
1321.018,-44.333,-69.516,18.16181,-0.92964,0.84663
1321.591,-44.384,-69.989,19.06533,-1.83316,0.86675
1322.030,-44.516,-69.555,17.86460,-0.63243,0.87368
1322.467,-44.546,-69.031,16.75980,0.47238,0.86850
1323.037,-44.505,-67.632,14.33379,2.89838,0.83670
1323.576,-44.371,-68.172,15.48999,1.74218,0.81758
1323.998,-44.266,-68.234,15.79004,1.44213,0.80176
1324.785,-44.193,-68.062,15.61234,1.61983,0.78399
1325.314,-44.137,-67.368,14.50532,2.72685,0.75407
1325.858,-44.011,-69.539,18.89805,-1.66588,0.77235
1326.303,-44.155,-68.544,16.57328,0.65889,0.76512
1326.742,-44.136,-69.485,18.51180,-1.27963,0.77916
1327.278,-44.258,-69.361,17.99620,-0.76403,0.78754
1327.714,-44.328,-69.022,17.16799,0.06418,0.78684
1328.267,-44.369,-69.407,17.86225,-0.63008,0.79375
1328.704,-44.454,-69.981,18.89494,-1.66277,0.81199
1329.146,-44.574,-69.160,16.95410,0.27807,0.80894
1329.579,-44.588,-69.355,17.31353,-0.08136,0.80984
1330.232,-44.602,-69.561,17.69882,-0.46665,0.81496
1330.849,-44.658,-68.961,16.41105,0.82112,0.80595
1331.465,-44.621,-67.982,14.72377,2.50840,0.77842
1331.878,-44.435,-67.619,14.42767,2.80450,0.74765
1332.306,-44.235,-68.303,15.97207,1.26010,0.73383
1332.750,-44.153,-68.838,17.14878,0.08339,0.73291
1333.301,-44.154,-68.567,16.62090,0.61127,0.72620
1333.928,-44.075,-68.119,15.93029,1.30188,0.71192
1334.391,-43.942,-68.147,16.22895,1.00322,0.70091
1335.042,-43.867,-69.317,18.72748,-1.49530,0.71732
1335.771,-43.903,-69.450,18.93997,-1.70780,0.73606
1336.281,-43.956,-69.642,19.24330,-2.01112,0.75812
1336.794,-44.031,-70.432,20.89655,-3.66438,0.79833
1337.236,-44.222,-69.447,18.24748,-1.01531,0.80947
1337.814,-44.232,-70.821,21.35179,-4.11961,0.85467
1338.218,-44.482,-69.797,18.43937,-1.20720,0.86792
1338.655,-44.559,-69.064,16.79851,0.43367,0.86316
1339.089,-44.496,-68.778,16.37146,0.86071,0.85371
1339.838,-44.445,-69.137,17.16194,0.07023,0.85294
1340.393,-44.438,-68.359,15.70588,1.52629,0.83620
1340.844,-44.340,-68.304,15.78240,1.44977,0.82029
1341.275,-44.241,-67.948,15.32315,1.90902,0.79934
1341.823,-44.165,-68.923,17.29365,-0.06148,0.80002
1342.373,-44.170,-67.999,15.53889,1.69328,0.78144
1342.817,-44.072,-68.707,17.04997,0.18220,0.77944
1343.646,-44.134,-68.848,17.20687,0.02531,0.77916
1344.261,-44.156,-68.538,16.56129,0.67088,0.77180
1344.780,-44.161,-68.617,16.70188,0.53029,0.76598
1345.219,-44.147,-68.408,16.33166,0.90051,0.75610
1345.655,-44.128,-69.808,19.23267,-2.00050,0.77805
1346.095,-44.305,-70.547,20.51595,-3.28378,0.81408
1346.538,-44.526,-69.722,18.18880,-0.95663,0.82458
1347.131,-44.635,-70.080,18.71772,-1.48554,0.84088
1347.639,-44.767,-68.622,15.58762,1.64455,0.82283
1348.252,-44.693,-69.579,17.54977,-0.31760,0.82632
1348.828,-44.732,-68.470,15.37798,1.85419,0.80597
1349.263,-44.633,-68.007,14.74620,2.48597,0.77870
1349.704,-44.448,-67.809,14.72406,2.50811,0.75118
1350.246,-44.299,-67.715,14.81932,2.41285,0.72470
1350.694,-44.107,-68.301,16.20806,1.02412,0.71347
1351.330,-44.059,-68.844,17.34925,-0.11708,0.71475
1351.773,-44.050,-68.580,16.84655,0.38562,0.71052
1352.426,-43.967,-68.654,17.15373,0.07844,0.70966
1353.073,-43.929,-69.415,18.80700,-1.57483,0.72694
1353.525,-44.010,-68.644,17.04864,0.18353,0.72493
1353.966,-43.941,-69.880,19.81283,-2.58066,0.75324
1354.600,-44.033,-69.213,18.15426,-0.92209,0.76336
1355.219,-44.067,-69.599,18.90625,-1.67408,0.78173
1355.725,-44.105,-70.119,19.98569,-2.75352,0.81194
1356.269,-44.226,-70.493,20.57415,-3.34198,0.84861
1356.810,-44.416,-70.280,19.64299,-2.41082,0.87506
1357.358,-44.547,-69.157,17.00179,0.23038,0.87253
1357.903,-44.521,-70.877,20.78832,-3.55615,0.91155
1358.347,-44.748,-68.661,15.69219,1.53998,0.89465
1358.772,-44.671,-69.140,16.72893,0.50324,0.88913
1359.209,-44.623,-68.105,14.93099,2.30119,0.86388
1359.649,-44.508,-68.693,16.18989,1.04228,0.85245
1360.205,-44.471,-67.762,14.60777,2.62440,0.82365
1360.641,-44.292,-68.474,16.18457,1.04760,0.81216
1361.257,-44.264,-67.457,14.44222,2.78996,0.78155
1361.741,-44.129,-67.442,14.64383,2.58834,0.75315
1362.388,-44.011,-68.801,17.35686,-0.12469,0.75451
1362.838,-44.049,-69.678,19.11796,-1.88579,0.77520
1363.414,-44.203,-68.508,16.41535,0.81682,0.76624
1364.005,-44.196,-68.994,17.37577,-0.14360,0.76782
1364.575,-44.233,-70.558,20.71194,-3.47977,0.80600
1365.258,-44.506,-69.862,18.52817,-1.29600,0.82022
1365.673,-44.623,-69.658,17.85405,-0.62188,0.82704
1366.107,-44.680,-69.363,17.14588,0.08630,0.82610
1366.552,-44.698,-68.462,15.42317,1.80900,0.80625
1367.195,-44.596,-69.634,17.86139,-0.62922,0.81315
1367.753,-44.652,-68.231,15.10016,2.13201,0.78976
1368.190,-44.509,-68.175,15.25247,1.97970,0.76804
1368.839,-44.365,-68.177,15.50920,1.72297,0.74913
1369.280,-44.252,-68.658,16.60735,0.62482,0.74228
1369.709,-44.227,-68.741,16.81503,0.41715,0.73770
1370.155,-44.165,-67.473,14.63405,2.59812,0.70919
1370.593,-43.968,-68.383,16.62323,0.60894,0.70251
1371.034,-43.913,-68.897,17.74928,-0.51711,0.70818
1371.608,-43.935,-69.446,18.85984,-1.62767,0.72604
1372.120,-43.975,-68.906,17.64313,-0.41096,0.73055
1372.559,-43.944,-68.890,17.67193,-0.43976,0.73538
1372.996,-43.943,-69.400,18.74355,-1.51137,0.75196
1373.653,-44.001,-69.722,19.32231,-2.09014,0.77489
1374.093,-44.082,-69.795,19.30253,-2.07036,0.79761
1374.727,-44.164,-71.017,22.00934,-4.77717,0.85003
1375.186,-44.432,-69.282,17.47924,-0.24707,0.85274
1375.802,-44.431,-70.262,19.56718,-2.33500,0.87836
1376.309,-44.572,-70.381,19.51984,-2.28767,0.90346
1376.715,-44.717,-68.608,15.65112,1.58105,0.88611
1377.343,-44.612,-68.048,14.85240,2.37977,0.86000
1377.812,-44.507,-67.938,14.84328,2.38889,0.83379
1378.250,-44.364,-68.734,16.53920,0.69297,0.82618
1378.797,-44.327,-68.111,15.45901,1.77316,0.80673
1379.237,-44.214,-68.200,15.82239,1.40978,0.79126
1379.670,-44.176,-67.373,14.44923,2.78294,0.76073
1380.305,-44.044,-68.257,16.24318,0.98899,0.74987
1380.879,-44.004,-69.773,19.42928,-2.19711,0.77398
1381.315,-44.178,-68.236,15.95446,1.27772,0.75996
1381.855,-44.126,-68.547,16.63614,0.59603,0.75342
1382.456,-44.137,-69.118,17.74579,-0.51362,0.75906
1382.952,-44.193,-70.338,20.29022,-3.05805,0.79261
1383.390,-44.422,-70.021,19.05180,-1.81963,0.81258
1383.934,-44.562,-69.055,16.77447,0.45770,0.80755
1384.484,-44.581,-69.654,17.93431,-0.70214,0.81526
1385.024,-44.645,-68.832,16.19442,1.03776,0.80387
1385.625,-44.578,-69.233,17.09072,0.14145,0.80232
1386.034,-44.590,-68.869,16.36469,0.86748,0.79280
1386.646,-44.527,-68.349,15.52780,1.70437,0.77410
1387.220,-44.393,-68.192,15.48691,1.74526,0.75495
1387.654,-44.289,-68.336,15.93626,1.29592,0.74073
1388.095,-44.212,-68.568,16.51189,0.72028,0.73283
1388.726,-44.119,-67.602,14.93356,2.29861,0.70761
1389.187,-43.930,-68.056,16.08125,1.15092,0.69498
1389.626,-43.851,-69.378,18.89528,-1.66311,0.71323
1390.237,-43.903,-69.343,18.70638,-1.47421,0.72940
1390.960,-43.919,-69.386,18.76377,-1.53160,0.74621
1391.487,-43.962,-69.155,18.18387,-0.95170,0.75665
1392.031,-43.998,-70.126,20.25015,-3.01798,0.78977
1392.474,-44.122,-70.361,20.50954,-3.27736,0.82573
1392.899,-44.313,-70.858,21.24403,-4.01186,0.86974
1393.338,-44.557,-69.987,18.68562,-1.45345,0.88569
1393.773,-44.613,-69.953,18.49275,-1.26058,0.89952
1394.338,-44.687,-70.536,19.60839,-2.37622,0.92560
1394.762,-44.851,-69.210,16.51865,0.71352,0.91777
1395.201,-44.803,-68.918,16.06106,1.17111,0.90492
1395.751,-44.729,-68.825,16.02457,1.20760,0.89167
1396.188,-44.662,-68.044,14.76022,2.47195,0.86454
1396.731,-44.528,-68.709,16.18419,1.04798,0.85305
1397.309,-44.455,-67.804,14.70430,2.52788,0.82531
1397.717,-44.346,-68.255,15.68218,1.54999,0.80830
1398.164,-44.278,-67.213,14.01975,3.21242,0.77305
1398.590,-44.132,-67.926,15.47819,1.75398,0.75381
1399.027,-44.030,-69.371,18.49619,-1.26402,0.76768
1399.496,-44.135,-69.618,18.80010,-1.56793,0.78488
1399.909,-44.276,-68.303,15.89928,1.33289,0.77026
1400.346,-44.250,-69.281,17.84614,-0.61397,0.77699
1400.782,-44.300,-70.087,19.46982,-2.23765,0.80155
1401.219,-44.465,-69.312,17.47168,-0.23951,0.80417
1401.665,-44.516,-70.688,20.35372,-3.12155,0.83842
1402.091,-44.756,-70.459,19.28193,-2.04976,0.86092
1402.816,-44.906,-69.523,17.01458,0.21759,0.85853
1403.450,-44.929,-68.370,14.86026,2.37191,0.83250
1403.854,-44.777,-68.921,16.11260,1.11957,0.82022
1404.286,-44.715,-68.213,14.95857,2.27360,0.79527
1404.713,-44.535,-68.390,15.58604,1.64614,0.77721
1405.154,-44.436,-68.421,15.82201,1.41016,0.76174
1405.697,-44.328,-67.766,14.85685,2.37532,0.73567
1406.142,-44.168,-68.619,16.69474,0.53743,0.72978
1406.726,-44.119,-68.316,16.21177,1.02040,0.71858
1407.341,-44.010,-67.880,15.61380,1.61837,0.70082
1407.781,-43.914,-69.103,18.17428,-0.94211,0.71116
1408.219,-43.947,-69.627,19.22976,-1.99759,0.73308
1408.650,-43.982,-69.407,18.67362,-1.44144,0.74890
1409.093,-44.048,-69.462,18.65081,-1.41863,0.76446
1409.732,-44.106,-68.929,17.42275,-0.19058,0.76655
1410.194,-44.075,-69.556,18.79688,-1.56471,0.78372
1410.626,-44.136,-70.266,20.25218,-3.02001,0.81686
1411.237,-44.290,-70.644,20.78355,-3.55137,0.85582
1411.718,-44.490,-70.081,19.03372,-1.80155,0.87559
1412.148,-44.596,-69.324,17.23361,-0.00144,0.87561
1412.594,-44.585,-69.568,17.74839,-0.51622,0.88127
1413.049,-44.601,-69.284,17.14526,0.08691,0.88032
1413.467,-44.589,-68.142,15.05380,2.17837,0.85642
1413.903,-44.458,-68.101,15.21151,2.02066,0.83424
1414.508,-44.345,-68.310,15.78515,1.44702,0.81837
1415.007,-44.279,-68.470,16.20163,1.03054,0.80706
1415.429,-44.212,-68.186,15.80267,1.42950,0.79138
1416.050,-44.158,-67.820,15.24367,1.98850,0.76956
1416.655,-44.078,-67.678,15.13679,2.09538,0.74657
1417.077,-43.980,-68.360,16.55715,0.67502,0.73916
1417.515,-43.972,-69.398,18.67668,-1.44451,0.75501
1417.959,-44.084,-68.976,17.56446,-0.33229,0.75865
1418.607,-44.146,-68.824,17.13611,0.09606,0.75760
1419.065,-44.173,-69.798,19.11070,-1.87853,0.77821
1419.623,-44.352,-69.670,18.44528,-1.21311,0.79152
1420.029,-44.431,-70.036,19.06553,-1.83336,0.81164
1420.464,-44.591,-69.946,18.52458,-1.29241,0.82582
1420.904,-44.693,-69.554,17.49867,-0.26650,0.82874
1421.338,-44.732,-68.636,15.67427,1.55790,0.81165
1421.778,-44.646,-68.570,15.71132,1.52085,0.79496
1422.215,-44.543,-68.472,15.71961,1.51256,0.77837
1422.650,-44.465,-68.460,15.83948,1.39269,0.76309
1423.093,-44.379,-68.375,15.84178,1.39039,0.74783
1423.724,-44.265,-67.425,14.38737,2.84480,0.71662
1424.187,-44.101,-68.228,16.08391,1.14826,0.70402
1424.734,-44.003,-68.684,17.14110,0.09107,0.70302
1425.175,-43.962,-67.945,15.81719,1.41498,0.68749
1425.773,-43.843,-68.469,17.03308,0.19909,0.68531
1426.286,-43.804,-69.013,18.21762,-0.98545,0.69612
1426.898,-43.804,-68.886,17.95254,-0.72036,0.70402
1427.510,-43.798,-69.622,19.55377,-2.32159,0.72950
1428.132,-43.900,-69.587,19.24723,-2.01505,0.75161
1428.673,-43.968,-70.941,22.31765,-5.08548,0.80741
1429.256,-44.228,-69.472,18.29006,-1.05789,0.81901
1429.652,-44.276,-70.127,19.61286,-2.38069,0.84514
1430.091,-44.401,-69.983,19.01499,-1.78282,0.86470
1430.537,-44.502,-69.447,17.67176,-0.43959,0.86952
1430.969,-44.528,-69.217,17.15792,0.07425,0.86871
1431.402,-44.501,-69.835,18.48047,-1.24830,0.88240
1431.841,-44.570,-69.169,16.98102,0.25115,0.87965
1432.281,-44.579,-68.824,16.30197,0.93020,0.86944
1432.827,-44.528,-68.980,16.69686,0.53531,0.86357
1433.458,-44.518,-68.581,15.96522,1.26696,0.84967
1434.024,-44.466,-67.644,14.41785,2.81432,0.81879
1434.694,-44.354,-68.066,15.33200,1.90017,0.79794
1435.235,-44.250,-67.860,15.15313,2.07904,0.77512
1435.778,-44.136,-69.626,18.81496,-1.58279,0.79249
1436.214,-44.279,-68.331,15.94465,1.28752,0.77836
1436.652,-44.236,-68.768,16.84920,0.38297,0.77416
1437.093,-44.252,-70.155,19.73041,-2.49824,0.80157
1437.529,-44.435,-69.524,17.96762,-0.73545,0.80964
1437.964,-44.504,-69.477,17.72805,-0.49587,0.81508
1438.406,-44.578,-69.544,17.71293,-0.48076,0.82036
1438.944,-44.631,-69.883,18.30710,-1.07493,0.83215
1439.394,-44.742,-68.727,15.82145,1.41072,0.81667
1440.006,-44.658,-68.697,15.92054,1.31163,0.80228
1440.513,-44.595,-69.499,17.58712,-0.35494,0.80618
1441.142,-44.636,-68.074,14.85570,2.37647,0.78010
1441.572,-44.466,-67.535,14.23772,2.99445,0.74725
1442.126,-44.250,-68.638,16.57194,0.66023,0.74000
1442.771,-44.196,-68.125,15.71945,1.51272,0.72340
1443.219,-44.090,-68.405,16.43521,0.79696,0.71466
1443.651,-44.017,-67.708,15.29435,1.93782,0.69340
1444.099,-43.860,-68.202,16.48523,0.74694,0.68520
1444.798,-43.818,-68.891,17.93409,-0.70192,0.69290
1445.201,-43.789,-68.843,17.89269,-0.66052,0.70015
1445.622,-43.775,-68.635,17.49752,-0.26534,0.70306
1446.165,-43.766,-69.041,18.35442,-1.12225,0.71538
1446.763,-43.777,-70.912,22.73764,-5.50547,0.77578
1447.170,-44.063,-71.093,22.46298,-5.23081,0.83318
1447.701,-44.355,-69.597,18.28603,-1.05386,0.84474
1448.143,-44.404,-69.005,16.98360,0.24857,0.84201
1448.577,-44.373,-69.481,18.00559,-0.77342,0.85050
1449.132,-44.400,-69.270,17.51952,-0.28735,0.85365
1449.559,-44.425,-69.509,17.95590,-0.72373,0.86159
1450.002,-44.502,-68.816,16.43310,0.79907,0.85283
1450.737,-44.438,-68.643,16.22807,1.00410,0.84181
1451.376,-44.384,-67.909,15.00561,2.22656,0.81738
1451.987,-44.271,-67.901,15.18847,2.04370,0.79495
1452.409,-44.160,-67.818,15.23636,1.99581,0.77306
1452.838,-44.052,-67.681,15.18521,2.04696,0.75060
1453.287,-43.986,-68.431,16.68165,0.55052,0.74456
1453.720,-43.972,-68.842,17.51963,-0.28746,0.74771
1454.155,-44.009,-69.229,18.23934,-1.00716,0.75876
1454.595,-44.093,-69.108,17.81354,-0.58137,0.76514
1455.029,-44.175,-68.788,17.00685,0.22532,0.76267
1455.473,-44.192,-69.049,17.49318,-0.26101,0.76553
1456.083,-44.240,-69.839,19.05161,-1.81944,0.78549
1456.595,-44.398,-70.608,20.44120,-3.20903,0.82070
1457.217,-44.658,-69.356,17.17528,0.05690,0.82008
1457.651,-44.657,-68.727,15.97693,1.25524,0.80631
1458.085,-44.596,-69.195,16.98128,0.25089,0.80355
1458.732,-44.582,-69.070,16.76526,0.46691,0.79843
1459.185,-44.561,-68.971,16.61437,0.61780,0.79165
1459.736,-44.540,-67.573,14.17777,3.05440,0.75814
1460.287,-44.320,-67.653,14.67745,2.55472,0.73011
1460.718,-44.158,-68.758,16.98196,0.25021,0.72736
1461.158,-44.140,-67.970,15.54286,1.68931,0.70883
1461.597,-43.987,-68.013,15.89680,1.33537,0.69417
1462.025,-43.877,-67.757,15.63175,1.60043,0.67661
1462.581,-43.755,-68.236,16.75097,0.48120,0.67133
1463.012,-43.714,-69.761,20.06124,-2.82906,0.70238
1463.665,-43.821,-68.746,17.62824,-0.39607,0.70672
1464.273,-43.789,-68.965,18.14754,-0.91537,0.71677
1464.672,-43.830,-70.430,21.37774,-4.14557,0.76225
1465.089,-44.019,-70.742,21.68565,-4.45348,0.81112
1465.795,-44.273,-71.051,21.82228,-4.59011,0.86148
1466.198,-44.511,-69.672,18.11455,-0.88238,0.87116
1466.624,-44.550,-69.604,17.89216,-0.65998,0.87840
1467.172,-44.577,-70.195,19.09294,-1.86077,0.89882
1467.756,-44.697,-70.326,19.11817,-1.88600,0.91951
1468.376,-44.798,-68.206,14.80315,2.42902,0.89286
1468.814,-44.654,-68.996,16.48685,0.74532,0.88468
1469.259,-44.627,-67.800,14.41040,2.82177,0.85372
1469.686,-44.452,-68.360,15.68298,1.54920,0.83673
1470.318,-44.347,-67.662,14.64691,2.58526,0.80836
1470.780,-44.228,-67.985,15.41121,1.82096,0.78838
1471.347,-44.147,-67.198,14.20890,3.02327,0.75521
1471.949,-44.010,-68.204,16.20686,1.02531,0.74396
1472.567,-44.008,-68.909,17.58190,-0.34972,0.74779
1472.967,-44.044,-69.640,19.04565,-1.81348,0.76769
1473.406,-44.180,-69.096,17.61238,-0.38021,0.77186
1473.952,-44.236,-69.076,17.45956,-0.22739,0.77436
1474.391,-44.292,-70.332,20.04548,-2.81331,0.80523
1474.944,-44.519,-70.321,19.50397,-2.27180,0.83015
1475.368,-44.692,-69.128,16.66459,0.56759,0.82393
1475.921,-44.680,-68.770,16.01324,1.21893,0.81055
1476.573,-44.609,-69.193,16.95097,0.28121,0.80747
1477.117,-44.645,-68.551,15.67887,1.55330,0.79042
1477.559,-44.556,-68.750,16.20828,1.02390,0.77919
1477.999,-44.453,-67.582,14.33651,2.89566,0.74742
1478.435,-44.251,-67.594,14.69575,2.53642,0.71959
1479.021,-44.102,-68.907,17.38842,-0.15625,0.72130
1479.430,-44.104,-67.971,15.60684,1.62533,0.70347
1479.859,-43.984,-68.630,17.07213,0.16004,0.70171
1480.454,-43.929,-67.745,15.51803,1.71414,0.68290
1480.999,-43.783,-68.598,17.40923,-0.17706,0.68485
1481.582,-43.764,-69.194,18.68448,-1.45231,0.70078
1482.043,-43.790,-69.212,18.66680,-1.43463,0.71652
1482.485,-43.841,-68.660,17.41730,-0.18513,0.71855
1483.119,-43.826,-70.530,21.63602,-4.40385,0.76687
1483.684,-44.021,-70.597,21.32137,-4.08920,0.81174
1484.238,-44.237,-69.667,18.68444,-1.45226,0.82768
1484.779,-44.292,-69.311,17.82274,-0.59057,0.83416
1485.319,-44.323,-70.254,19.79518,-2.56301,0.86228
1485.769,-44.477,-70.810,20.73278,-3.50061,0.90069
1486.393,-44.699,-69.272,16.92874,0.30344,0.89736
1487.008,-44.676,-68.977,16.40644,0.82573,0.88830
1487.416,-44.639,-67.732,14.27812,2.95405,0.85589
1487.837,-44.473,-67.881,14.80440,2.42777,0.82925
1488.280,-44.329,-68.100,15.43780,1.79438,0.80956
1488.717,-44.242,-67.960,15.34250,1.88967,0.78883
1489.156,-44.130,-67.519,14.77236,2.45981,0.76184
1489.597,-44.010,-67.706,15.30372,1.92845,0.74068
1490.033,-43.928,-68.115,16.19506,1.03711,0.72930
1490.461,-43.886,-69.328,18.71043,-1.47825,0.74552
1491.012,-44.019,-69.693,19.21754,-1.98536,0.76730
1491.617,-44.177,-69.708,18.90330,-1.67112,0.78564
1492.103,-44.307,-70.184,19.67159,-2.43942,0.81240
1492.745,-44.528,-70.385,19.62821,-2.39604,0.83869
1493.364,-44.729,-69.270,16.86877,0.36340,0.83470
1493.860,-44.729,-69.777,17.88190,-0.64973,0.84183
1494.296,-44.803,-69.888,17.95776,-0.72558,0.84980
1494.730,-44.876,-69.386,16.80774,0.42443,0.84514
1495.301,-44.835,-69.612,17.33175,-0.09958,0.84623
1495.827,-44.875,-67.746,13.91642,3.31575,0.80985
1496.261,-44.628,-67.426,13.80098,3.43119,0.77220
1496.705,-44.394,-67.321,14.00728,3.22489,0.73682
1497.130,-44.205,-67.985,15.45226,1.77991,0.71729
1497.573,-44.088,-67.772,15.28377,1.94840,0.69591
1498.151,-43.938,-68.385,16.68634,0.54583,0.68992
1498.671,-43.864,-68.527,17.10531,0.12687,0.68853
1499.297,-43.834,-69.616,19.45613,-2.22396,0.71293
1499.910,-43.895,-69.008,18.01677,-0.78460,0.72154
1500.423,-43.898,-68.486,16.95811,0.27406,0.71853
1500.967,-43.828,-69.961,20.26107,-3.02890,0.75177
1501.409,-43.997,-70.870,22.06241,-4.83024,0.80476
1501.843,-44.240,-70.657,20.93571,-3.70354,0.84540
1502.280,-44.445,-69.406,17.70353,-0.47136,0.85057
1502.715,-44.448,-69.720,18.34787,-1.11570,0.86281
1503.146,-44.515,-70.133,19.09233,-1.86016,0.88322
1503.592,-44.597,-68.859,16.33486,0.89731,0.87338
1504.184,-44.554,-69.485,17.64361,-0.41144,0.87789
1504.725,-44.559,-69.542,17.74858,-0.51641,0.88356
1505.338,-44.618,-68.512,15.65706,1.57511,0.86628
1505.782,-44.513,-68.035,14.99965,2.23252,0.84178
1506.217,-44.398,-68.130,15.36703,1.86515,0.82132
1506.653,-44.285,-68.589,16.41304,0.81913,0.81233
1507.195,-44.256,-67.561,14.63053,2.60164,0.78378
1507.634,-44.144,-67.629,14.93629,2.29589,0.75859
1508.074,-44.022,-67.787,15.42697,1.80520,0.73878
1508.518,-43.938,-69.005,17.91929,-0.68711,0.74632
1509.055,-43.996,-69.517,18.88127,-1.64909,0.76442
1509.501,-44.130,-68.647,16.82095,0.41122,0.75991
1509.936,-44.144,-69.403,18.32147,-1.08930,0.77186
1510.564,-44.249,-69.958,19.29573,-2.06356,0.79450
1511.030,-44.397,-69.346,17.67875,-0.44658,0.79940
1511.469,-44.462,-69.759,18.40094,-1.16877,0.81222
1511.906,-44.566,-70.415,19.60948,-2.37731,0.83831
1512.341,-44.754,-69.355,16.98454,0.24763,0.83559
1512.778,-44.767,-69.728,17.70353,-0.47136,0.84076
1513.218,-44.814,-69.835,17.82721,-0.59504,0.84729
1513.846,-44.859,-68.960,16.03526,1.19691,0.83416
1514.311,-44.796,-67.939,14.36011,2.87206,0.80265
1514.861,-44.611,-67.656,14.20011,3.03206,0.76938
1515.295,-44.376,-67.720,14.69723,2.53494,0.74156
1515.864,-44.210,-68.485,16.36001,0.87216,0.73199
1516.282,-44.142,-68.560,16.63173,0.60044,0.72541
1516.720,-44.060,-68.081,15.88664,1.34553,0.71064
1517.150,-43.957,-67.489,15.01808,2.21409,0.68635
1517.592,-43.806,-69.309,18.84277,-1.61060,0.70402
1518.037,-43.858,-69.493,19.12994,-1.89777,0.72484
1518.468,-43.920,-69.178,18.31881,-1.08664,0.73677
1518.910,-43.953,-68.413,16.71229,0.51988,0.73106
1519.474,-43.887,-69.746,19.63053,-2.39835,0.75738
1520.088,-43.986,-70.850,22.04045,-4.80828,0.81014
1520.706,-44.243,-70.764,21.18551,-3.95334,0.85351
1521.108,-44.453,-69.389,17.65237,-0.42019,0.85812
1521.729,-44.493,-69.670,18.14973,-0.91756,0.86819
1522.295,-44.515,-70.493,19.90069,-2.66852,0.89747
1522.826,-44.697,-69.203,16.79899,0.43319,0.89272
1523.279,-44.647,-68.281,15.19449,2.03768,0.87036
1523.714,-44.532,-68.640,16.04789,1.18428,0.85737
1524.264,-44.485,-68.976,16.77158,0.46059,0.85231
1524.701,-44.444,-68.166,15.35086,1.88131,0.83167
1525.311,-44.358,-67.880,15.00038,2.23179,0.80718
1525.796,-44.248,-68.343,16.02350,1.20867,0.79392
1526.235,-44.226,-68.200,15.80126,1.43091,0.77822
1526.674,-44.153,-67.815,15.24420,1.98798,0.75641
1527.358,-44.066,-68.769,17.18690,0.04527,0.75591
1527.873,-44.117,-69.056,17.66006,-0.42789,0.76060
1528.309,-44.172,-69.964,19.47897,-2.24680,0.78526
1528.749,-44.319,-70.209,19.70165,-2.46948,0.81235
1529.186,-44.509,-69.384,17.52817,-0.29600,0.81560
1529.622,-44.557,-69.762,18.20719,-0.97502,0.82630
1530.227,-44.688,-69.159,16.73261,0.49956,0.82082
1530.730,-44.665,-68.629,15.78475,1.44742,0.80494
1531.157,-44.588,-69.564,17.73319,-0.50102,0.81043
1531.595,-44.630,-68.881,16.31296,0.91921,0.80035
1532.250,-44.577,-69.336,17.29543,-0.06326,0.80104
1532.786,-44.573,-68.356,15.45742,1.77476,0.78157
1533.236,-44.450,-68.396,15.75151,1.48067,0.76532
1533.662,-44.337,-67.653,14.64804,2.58413,0.73697
1534.109,-44.189,-68.874,17.14969,0.08248,0.73606
1534.696,-44.157,-67.914,15.41144,1.82073,0.71609
1535.088,-44.014,-67.552,15.02741,2.20476,0.69190
1535.721,-43.870,-68.230,16.52040,0.71178,0.68409
1536.187,-43.804,-70.050,20.52566,-3.29349,0.72022
1536.734,-43.920,-68.717,17.37261,-0.14044,0.72176
1537.298,-43.878,-69.823,19.82599,-2.59382,0.75022
1537.714,-44.015,-70.186,20.35074,-3.11857,0.78444
1538.320,-44.149,-70.851,21.63300,-4.40083,0.83273
1538.726,-44.400,-70.424,20.00868,-2.77651,0.86319
1539.136,-44.533,-70.433,19.72511,-2.49293,0.89055
1539.582,-44.689,-69.862,18.13959,-0.90742,0.90050
1540.027,-44.723,-69.665,17.66467,-0.43250,0.90525
1540.676,-44.754,-69.915,18.11475,-0.88258,0.91493
1541.116,-44.801,-68.790,15.82771,1.40446,0.89952
1541.559,-44.698,-67.959,14.55592,2.67625,0.87016
1542.211,-44.525,-68.667,16.11015,1.12202,0.85785
1542.766,-44.486,-68.158,15.26195,1.97022,0.83623
1543.197,-44.394,-68.779,16.56773,0.66445,0.82894
1543.639,-44.350,-67.914,15.07337,2.15880,0.80525
1544.268,-44.249,-67.800,15.04982,2.18235,0.78131
1544.735,-44.134,-68.725,16.96484,0.26733,0.77837
1545.282,-44.169,-69.469,18.40858,-1.17641,0.79128
1545.731,-44.271,-69.109,17.45448,-0.22231,0.79372
1546.161,-44.332,-68.157,15.53257,1.69960,0.77507
1546.731,-44.269,-68.642,16.54335,0.68882,0.76751
1547.342,-44.268,-69.547,18.36303,-1.13085,0.77992
1547.918,-44.376,-70.018,19.14640,-1.91423,0.80092
1548.345,-44.518,-68.982,16.71839,0.51378,0.79529
1548.789,-44.503,-69.603,17.98984,-0.75766,0.80360
1549.389,-44.555,-70.017,18.75460,-1.52243,0.82031
1549.796,-44.685,-68.600,15.69405,1.53812,0.80343
1550.418,-44.591,-68.253,15.24337,1.98881,0.78161
1550.866,-44.475,-67.598,14.32683,2.90534,0.74973
1551.303,-44.290,-67.991,15.31250,1.91967,0.72867
1551.740,-44.145,-68.851,17.19114,0.04103,0.72822
1552.368,-44.149,-67.563,14.81499,2.41718,0.70169
1552.834,-43.991,-67.542,15.05056,2.18161,0.67776
1553.271,-43.824,-68.541,17.21156,0.02061,0.67753
1553.709,-43.803,-68.356,16.89112,0.34105,0.67379
1554.313,-43.750,-69.932,20.37678,-3.14461,0.70829
1554.714,-43.903,-69.756,19.61781,-2.38564,0.73447
1555.337,-43.962,-68.607,17.06958,0.16259,0.73268
1555.902,-43.936,-69.798,19.63746,-2.40529,0.75907
1556.465,-44.031,-70.730,21.62240,-4.39023,0.80725
1556.889,-44.268,-70.858,21.35428,-4.12211,0.85247
1557.491,-44.486,-70.182,19.26727,-2.03510,0.87480
1557.897,-44.569,-69.401,17.44188,-0.20970,0.87710
1558.509,-44.571,-69.583,17.80670,-0.57453,0.88341
1559.212,-44.617,-70.389,19.43587,-2.20370,0.90759
1559.616,-44.756,-68.298,15.03528,2.19689,0.88348
1560.053,-44.599,-67.981,14.76020,2.47197,0.85636
1560.499,-44.426,-68.412,15.82305,1.40912,0.84090
1560.932,-44.368,-68.654,16.37972,0.85245,0.83155
1561.483,-44.342,-67.803,14.89585,2.33632,0.80591
1561.924,-44.220,-68.123,15.67285,1.55932,0.78880
1562.513,-44.179,-67.898,15.34518,1.88699,0.76810
1563.016,-44.091,-67.531,14.85939,2.37278,0.74206
1563.636,-43.974,-68.926,17.68480,-0.45263,0.74703
1564.102,-44.029,-68.923,17.56693,-0.33476,0.75070
1564.760,-44.085,-69.365,18.36553,-1.13335,0.76314
1565.383,-44.210,-70.251,20.04895,-2.81678,0.79404
1565.967,-44.421,-70.405,19.91646,-2.68429,0.82350
1566.523,-44.645,-70.001,18.52762,-1.29545,0.83771
1567.063,-44.762,-68.613,15.57899,1.65318,0.81957
1567.497,-44.653,-68.815,16.14702,1.08515,0.80766
1567.937,-44.619,-69.965,18.50633,-1.27416,0.82164
1568.378,-44.708,-68.572,15.60339,1.62878,0.80377
1568.809,-44.615,-68.337,15.34950,1.88267,0.78312
1569.254,-44.471,-67.891,14.82419,2.40798,0.75670
1569.693,-44.313,-67.609,14.61541,2.61676,0.72798
1570.125,-44.144,-68.669,16.83551,0.39666,0.72363
1570.554,-44.131,-68.761,17.04030,0.19187,0.72153
1571.007,-44.092,-67.409,14.65091,2.58126,0.69320
1571.437,-43.903,-68.738,17.44827,-0.21610,0.69557
1571.880,-43.889,-68.378,16.76666,0.46551,0.69047
1572.424,-43.827,-68.628,17.37897,-0.14680,0.69208
1573.062,-43.797,-70.166,20.81779,-3.58561,0.73142
1573.673,-43.936,-68.780,17.46757,-0.23540,0.73400
1574.265,-43.936,-68.877,17.66268,-0.43051,0.73873
1574.723,-43.930,-70.775,21.99125,-4.75908,0.79094
1575.317,-44.145,-70.034,19.69939,-2.46722,0.81802
1575.729,-44.288,-70.918,21.45289,-4.22072,0.86433
1576.145,-44.516,-69.353,17.45301,-0.22084,0.86675
1576.691,-44.513,-69.301,17.35473,-0.12256,0.86809
1577.125,-44.512,-69.015,16.79541,0.43676,0.86330
1577.758,-44.478,-69.989,18.86068,-1.62851,0.88117
1578.220,-44.582,-68.694,16.05498,1.17719,0.86825
1578.800,-44.512,-68.051,15.02912,2.20305,0.84408
1579.411,-44.402,-67.902,14.96268,2.26949,0.81918
1580.137,-44.294,-68.678,16.56472,0.66745,0.81186
1580.637,-44.264,-68.421,16.13721,1.09496,0.79984
1581.066,-44.209,-68.222,15.87238,1.35979,0.78492
1581.507,-44.166,-68.818,17.08419,0.14798,0.78330
1582.047,-44.189,-69.561,18.56129,-1.32912,0.79788
1582.684,-44.316,-68.661,16.49046,0.74171,0.78974
1583.306,-44.327,-69.666,18.48942,-1.25725,0.80354
1583.708,-44.404,-70.529,20.24183,-3.00966,0.83656
1584.124,-44.655,-69.269,17.00972,0.22246,0.83412
1584.763,-44.670,-70.535,19.64495,-2.41278,0.86059
1585.228,-44.892,-69.542,17.08054,0.15163,0.85893
1585.659,-44.877,-68.966,16.01222,1.21995,0.84555
1586.268,-44.848,-68.643,15.47814,1.75403,0.82630
1586.750,-44.732,-68.510,15.44962,1.78255,0.80674
1587.335,-44.639,-68.367,15.36087,1.87130,0.78621
1587.744,-44.503,-68.486,15.81806,1.41411,0.77069
1588.174,-44.398,-67.416,14.15422,3.07795,0.73692
1588.609,-44.214,-67.947,15.36837,1.86380,0.71647
1589.239,-44.085,-68.741,17.09261,0.13956,0.71494
1589.709,-44.022,-67.621,15.13358,2.09859,0.69191
1590.147,-43.860,-68.383,16.83299,0.39918,0.68753
1590.743,-43.808,-69.275,18.76425,-1.53208,0.70434
1591.144,-43.876,-68.943,17.92132,-0.68915,0.71190
1591.658,-43.880,-68.522,17.06557,0.16660,0.71008
1592.309,-43.789,-69.850,20.09341,-2.86124,0.74147
1592.768,-43.921,-70.512,21.35797,-4.12580,0.78674
1593.318,-44.138,-69.894,19.39985,-2.16768,0.81052
1593.923,-44.234,-71.065,21.95432,-4.72215,0.86234
1594.329,-44.484,-69.034,16.88600,0.34617,0.85854
1594.871,-44.469,-69.212,17.26462,-0.03245,0.85890
1595.472,-44.477,-69.598,18.03280,-0.80063,0.86768
1595.955,-44.520,-70.258,19.35953,-2.12736,0.89102
1596.404,-44.645,-68.795,16.12433,1.10784,0.87887
1596.829,-44.573,-68.395,15.52801,1.70416,0.86017
1597.271,-44.464,-68.721,16.32529,0.90688,0.85022
1597.711,-44.434,-68.932,16.78373,0.44844,0.84530
1598.141,-44.405,-68.230,15.53119,1.70098,0.82663
1598.568,-44.323,-67.813,14.94522,2.28695,0.80154
1599.188,-44.245,-67.452,14.46655,2.76562,0.77119
1599.682,-44.100,-68.863,17.30372,-0.07155,0.77198
1600.313,-44.134,-68.540,16.60738,0.62479,0.76512
1600.879,-44.149,-68.847,17.17656,0.05561,0.76451
1601.309,-44.166,-69.514,18.50853,-1.27636,0.77852
1601.742,-44.280,-69.002,17.22159,0.01058,0.77840
1602.370,-44.323,-69.633,18.42861,-1.19644,0.79153
1602.977,-44.429,-70.355,19.78312,-2.55095,0.81952
1603.403,-44.627,-69.620,17.76847,-0.53630,0.82540
1604.005,-44.707,-68.665,15.77112,1.46105,0.80937
1604.696,-44.585,-69.101,16.81881,0.41336,0.80484
1605.339,-44.600,-68.236,15.19989,2.03228,0.78254
1605.813,-44.462,-68.431,15.79253,1.43964,0.76674
1606.241,-44.358,-68.375,15.88076,1.35141,0.75192
1606.658,-44.266,-68.550,16.37502,0.85716,0.74251
1607.227,-44.203,-68.025,15.52828,1.70389,0.72381
1607.771,-44.060,-68.603,16.87127,0.36091,0.71985
1608.206,-44.009,-68.455,16.68281,0.54936,0.71383
1608.819,-43.936,-68.245,16.42204,0.81013,0.70494
1609.441,-43.862,-69.042,18.15508,-0.92291,0.71506
1610.057,-43.843,-69.037,18.18405,-0.95188,0.72551
1610.612,-43.858,-70.026,20.34289,-3.11071,0.75964
1611.057,-44.020,-69.922,19.73051,-2.49834,0.78705
1611.717,-44.134,-69.632,18.83225,-1.60008,0.80461
1612.135,-44.197,-70.598,20.89568,-3.66351,0.84481
1612.796,-44.401,-69.782,18.57993,-1.34776,0.85959
1613.367,-44.463,-69.381,17.61429,-0.38212,0.86379
1613.862,-44.462,-70.238,19.44427,-2.21210,0.88806
1614.333,-44.612,-69.546,17.64726,-0.41509,0.89261
1614.771,-44.626,-69.263,17.05512,0.17705,0.89067
1615.209,-44.645,-68.396,15.40237,1.82980,0.87059
1615.642,-44.531,-67.831,14.62125,2.61092,0.84195
1616.180,-44.397,-68.532,16.09663,1.13555,0.82949
1616.739,-44.347,-68.215,15.61068,1.62149,0.81169
1617.315,-44.283,-68.317,15.91032,1.32185,0.79719
1617.841,-44.238,-68.074,15.55157,1.68060,0.77875
1618.268,-44.132,-69.628,18.82753,-1.59535,0.79626
1618.708,-44.266,-69.568,18.41170,-1.17953,0.80920
1619.139,-44.376,-69.478,17.99270,-0.76053,0.81754
1619.584,-44.455,-69.206,17.28037,-0.04820,0.81807
1620.028,-44.504,-69.937,18.69323,-1.46106,0.83410
1620.460,-44.621,-70.344,19.32792,-2.09575,0.85710
1620.900,-44.811,-70.723,19.75170,-2.51953,0.88474
1621.335,-45.015,-69.258,16.29905,0.93312,0.87450
1621.886,-44.975,-69.045,15.97882,1.25335,0.86075
1622.305,-44.921,-68.841,15.70353,1.52864,0.84398
1622.748,-44.813,-68.867,15.94748,1.28469,0.82988
1623.356,-44.753,-69.257,16.79612,0.43605,0.82510
1623.860,-44.736,-68.479,15.38639,1.84578,0.80485
1624.288,-44.608,-67.434,13.84414,3.38803,0.76767
1624.905,-44.371,-68.698,16.45695,0.77523,0.75917
1625.511,-44.303,-68.603,16.40456,0.82761,0.75009
1626.048,-44.231,-67.535,14.62802,2.60415,0.72151
1626.586,-44.004,-68.472,16.72774,0.50443,0.71598
1627.133,-43.959,-68.779,17.41975,-0.18758,0.71804
1627.573,-43.953,-69.819,19.64632,-2.41415,0.74452
1628.004,-44.036,-69.727,19.25327,-2.02110,0.76670
1628.445,-44.130,-68.257,16.08140,1.15077,0.75407
1628.980,-44.022,-68.757,17.24846,-0.01628,0.75425
1629.611,-43.973,-69.813,19.58823,-2.35606,0.78010
1630.088,-44.085,-69.706,19.10139,-1.86922,0.80061
1630.517,-44.154,-69.579,18.67530,-1.44313,0.81645
1630.965,-44.229,-70.167,19.81059,-2.57841,0.84474
1631.544,-44.368,-70.282,19.75537,-2.52320,0.87242
1632.352,-44.526,-69.261,17.24750,-0.01533,0.87259
1632.928,-44.531,-69.311,17.33931,-0.10714,0.87377
1633.360,-44.536,-67.802,14.56477,2.66740,0.84450
1633.800,-44.363,-68.684,16.44477,0.78740,0.83586
1634.235,-44.331,-67.756,14.83334,2.39883,0.80954
1634.682,-44.189,-68.902,17.20557,0.02661,0.80925
1635.228,-44.224,-67.366,14.35842,2.87375,0.77772
1635.677,-44.077,-68.114,15.91642,1.31575,0.76328
1636.216,-44.031,-68.887,17.49169,-0.25952,0.76613
1636.644,-44.080,-69.238,18.10938,-0.87720,0.77575
1637.368,-44.159,-69.547,18.59499,-1.36282,0.79071
1637.855,-44.313,-68.645,16.46600,0.76617,0.78230
1638.280,-44.299,-69.129,17.43757,-0.20540,0.78455
1638.716,-44.324,-69.937,19.08371,-1.85154,0.80487
1639.273,-44.502,-70.273,19.43327,-2.20110,0.82902
1639.707,-44.666,-70.067,18.62285,-1.39067,0.84428
1640.150,-44.799,-69.547,17.27417,-0.04200,0.84474
1640.578,-44.800,-69.491,17.16095,0.07122,0.84396
1641.022,-44.817,-68.843,15.89596,1.33621,0.82930
1641.461,-44.717,-68.701,15.81949,1.41268,0.81380
1642.003,-44.669,-67.926,14.54940,2.68277,0.78436
1642.428,-44.485,-67.711,14.49734,2.73483,0.75435
1642.873,-44.291,-68.429,16.10336,1.12881,0.74197
1643.324,-44.205,-67.701,14.95512,2.27705,0.71698
1643.866,-44.059,-68.280,16.25721,0.97496,0.70629
1644.298,-43.984,-68.736,17.28089,-0.04872,0.70682
1644.734,-43.944,-67.529,15.11098,2.12120,0.68355
1645.289,-43.796,-68.024,16.27099,0.96118,0.67300
1645.734,-43.732,-69.656,19.77890,-2.54673,0.70094
1646.277,-43.820,-69.770,19.83682,-2.60465,0.72952
1646.873,-43.909,-68.742,17.44481,-0.21264,0.73185
1647.526,-43.888,-69.846,19.85586,-2.62369,0.76064
1648.025,-43.988,-69.360,18.56122,-1.32905,0.77523
1648.456,-44.036,-70.451,20.92782,-3.69565,0.81577
1648.899,-44.234,-70.159,19.78190,-2.54973,0.84375
1649.344,-44.388,-69.161,17.32519,-0.09302,0.84477
1649.889,-44.365,-70.340,19.89333,-2.66116,0.87397
1650.321,-44.522,-70.827,20.66443,-3.43226,0.91163
1650.759,-44.760,-70.153,18.60491,-1.37274,0.92669
1651.195,-44.851,-69.067,16.24702,0.98515,0.91588
1651.832,-44.807,-67.667,13.89948,3.33269,0.87932
1652.279,-44.604,-68.504,15.66706,1.56511,0.86214
1652.832,-44.509,-68.338,15.54000,1.69217,0.84358
1653.481,-44.431,-68.708,16.36154,0.87063,0.83402
1654.079,-44.402,-67.926,15.00235,2.22982,0.80956
1654.580,-44.299,-68.240,15.74062,1.49155,0.79319
1655.025,-44.229,-69.171,17.66363,-0.43145,0.79793
1655.453,-44.293,-68.443,16.12455,1.10762,0.78577
1656.015,-44.250,-68.652,16.60013,0.63204,0.77884
1656.555,-44.257,-69.827,18.98865,-1.75648,0.79811
1656.992,-44.404,-69.653,18.30118,-1.06901,0.80984
1657.565,-44.542,-70.700,20.31871,-3.08653,0.84371
1658.173,-44.769,-69.436,17.11463,0.11754,0.84242
1658.792,-44.781,-68.951,16.16261,1.06956,0.83068
1659.304,-44.729,-68.595,15.60630,1.62587,0.81284
1659.727,-44.636,-69.871,18.26991,-1.03774,0.82423
1660.316,-44.727,-67.878,14.37243,2.85974,0.79285
1660.912,-44.544,-67.527,14.09736,3.13481,0.75845
1661.360,-44.317,-68.064,15.39442,1.83775,0.73829
1661.919,-44.212,-67.836,15.17757,2.05460,0.71575
1662.471,-44.068,-68.540,16.73368,0.49849,0.71028
1662.893,-44.001,-68.261,16.33062,0.90155,0.70038
1663.325,-43.897,-67.995,16.02885,1.20332,0.68718
1663.773,-43.804,-69.296,18.81942,-1.58725,0.70460
1664.320,-43.866,-68.582,17.20965,0.02252,0.70435
1664.752,-43.810,-69.752,19.81835,-2.58618,0.73273
1665.297,-43.930,-69.514,19.02078,-1.78861,0.75235
1665.740,-44.002,-70.140,20.27196,-3.03978,0.78570
1666.286,-44.144,-69.712,18.98540,-1.75323,0.80494
1666.820,-44.218,-71.070,22.00871,-4.77654,0.85735
1667.388,-44.482,-70.270,19.47240,-2.24023,0.88193
1667.827,-44.618,-70.003,18.58922,-1.35705,0.89682
1668.260,-44.694,-70.202,18.85464,-1.62247,0.91462
1668.802,-44.786,-70.104,18.44396,-1.21178,0.92792
1669.343,-44.857,-69.423,16.91573,0.31644,0.92445
1669.929,-44.831,-67.931,14.28926,2.94291,0.89216
1670.472,-44.658,-68.568,15.68480,1.54737,0.87518
1670.994,-44.599,-68.263,15.24758,1.98459,0.85340
1671.546,-44.477,-68.074,15.13040,2.10177,0.83034
1672.089,-44.369,-67.905,15.02460,2.20757,0.80612
1672.682,-44.279,-67.637,14.72067,2.51150,0.77856
1673.332,-44.167,-69.660,18.82154,-1.58937,0.79600
1673.843,-44.303,-69.229,17.63196,-0.39979,0.80039
1674.291,-44.357,-68.409,15.94320,1.28897,0.78625
1674.720,-44.307,-69.317,17.80176,-0.56959,0.79249
1675.145,-44.388,-69.908,18.88029,-1.64812,0.81058
1675.663,-44.512,-69.374,17.50288,-0.27071,0.81355
1676.246,-44.557,-69.664,18.00363,-0.77146,0.82201
1676.807,-44.642,-69.060,16.62910,0.60307,0.81540
1677.416,-44.656,-69.785,18.04883,-0.81665,0.82436
1677.986,-44.729,-68.770,15.92538,1.30680,0.81002
1678.546,-44.646,-68.763,16.06241,1.16976,0.79718
1679.166,-44.556,-68.523,15.78891,1.44326,0.78135
1679.782,-44.459,-68.098,15.20256,2.02961,0.75908
1680.292,-44.313,-67.524,14.47163,2.76055,0.72879
1680.733,-44.119,-68.587,16.72681,0.50536,0.72324
1681.281,-44.035,-68.316,16.37084,0.86133,0.71379
1681.699,-43.985,-67.754,15.43329,1.79888,0.69406
1682.140,-43.855,-68.711,17.49109,-0.25892,0.69690
1682.582,-43.836,-69.606,19.43117,-2.19900,0.72102
1683.132,-43.919,-68.481,16.90963,0.32254,0.71749
1683.561,-43.840,-69.212,18.56046,-1.32828,0.73206
1684.119,-43.889,-70.190,20.65820,-3.42603,0.76965
1684.695,-44.044,-70.415,20.82391,-3.59174,0.80906
1685.198,-44.218,-69.934,19.31107,-2.07890,0.83187
1685.641,-44.327,-69.623,18.39842,-1.16625,0.84467
1686.303,-44.410,-70.121,19.29921,-2.06703,0.86735
1686.847,-44.495,-70.262,19.42382,-2.19165,0.89139
1687.286,-44.635,-69.511,17.53178,-0.29960,0.89468
1687.875,-44.670,-68.230,15.06587,2.16630,0.87091
1688.464,-44.516,-68.370,15.58613,1.64604,0.85285
1688.921,-44.450,-67.994,15.03754,2.19464,0.82877
1689.359,-44.326,-68.837,16.80919,0.42298,0.82413
1689.797,-44.335,-68.828,16.77450,0.45767,0.81911
1690.244,-44.302,-67.697,14.78204,2.45013,0.79223
1690.833,-44.205,-68.570,16.52779,0.70438,0.78450
1691.349,-44.178,-69.458,18.36529,-1.13312,0.79693
1691.782,-44.285,-69.089,17.38534,-0.15317,0.79861
1692.381,-44.329,-68.994,17.11036,0.12181,0.79727
1693.001,-44.376,-68.974,16.97796,0.25421,0.79448
1693.594,-44.400,-70.197,19.49104,-2.25887,0.81927
1694.217,-44.574,-69.930,18.52676,-1.29459,0.83347
1694.735,-44.694,-70.171,18.78714,-1.55497,0.85054
1695.339,-44.848,-69.102,16.31998,0.91219,0.84053
1695.931,-44.791,-68.534,15.38753,1.84464,0.82029
1696.469,-44.688,-68.609,15.70619,1.52598,0.80354
1696.916,-44.577,-67.903,14.66623,2.56594,0.77539
1697.344,-44.401,-68.108,15.32194,1.91023,0.75443
1697.862,-44.296,-68.050,15.40745,1.82472,0.73441
1698.325,-44.156,-67.732,15.09366,2.13851,0.71094
1698.946,-44.027,-67.919,15.65293,1.57925,0.69362
1699.548,-43.887,-68.328,16.67272,0.55945,0.68748
1700.100,-43.820,-68.892,17.93148,-0.69931,0.69515
1700.532,-43.826,-68.617,17.35979,-0.12762,0.69655
1700.960,-43.824,-68.762,17.65668,-0.42451,0.70121
1701.603,-43.781,-68.876,17.97770,-0.74553,0.70939
1702.173,-43.794,-68.990,18.18895,-0.95678,0.71989
1702.611,-43.816,-70.658,21.98221,-4.75004,0.77201
1703.041,-44.070,-69.933,19.64037,-2.40820,0.79843
1703.479,-44.187,-69.750,18.97436,-1.74219,0.81754
1703.923,-44.266,-69.364,17.98420,-0.75203,0.82580
1704.354,-44.315,-69.097,17.34229,-0.11012,0.82700
1704.880,-44.288,-69.395,18.00355,-0.77138,0.83547
1705.331,-44.340,-70.248,19.74240,-2.51022,0.86301
1705.766,-44.488,-69.156,17.11705,0.11512,0.86175
1706.209,-44.477,-69.229,17.28255,-0.05038,0.86230
1706.648,-44.482,-68.710,16.27050,0.96168,0.85175
1707.096,-44.434,-68.358,15.70966,1.52251,0.83504
1707.504,-44.347,-67.768,14.82761,2.40456,0.80866
1707.966,-44.236,-69.174,17.65701,-0.42484,0.81332
1708.404,-44.252,-68.418,16.15588,1.07629,0.80151
1708.821,-44.250,-67.670,14.82498,2.40719,0.77510
1709.265,-44.091,-68.590,16.78734,0.44483,0.77022
1709.696,-44.110,-69.378,18.33939,-1.10722,0.78237
1710.144,-44.224,-69.492,18.33906,-1.10689,0.79451
1710.580,-44.301,-68.925,17.03003,0.20214,0.79229
1711.023,-44.311,-68.447,16.09867,1.13350,0.77986
1711.442,-44.280,-69.636,18.52792,-1.29575,0.79408
1711.885,-44.392,-70.427,20.03294,-2.80077,0.82481
1712.327,-44.621,-70.999,20.84094,-3.60877,0.86440
1712.884,-44.890,-70.229,18.48986,-1.25769,0.87820
1713.315,-45.007,-68.855,15.57323,1.65894,0.86000
1713.865,-44.924,-68.221,14.61682,2.61535,0.83130
1714.291,-44.759,-69.401,17.06548,0.16669,0.82947
1714.849,-44.751,-68.735,15.82100,1.41117,0.81399
1715.291,-44.670,-68.424,15.40606,1.82611,0.79395
1715.726,-44.529,-67.993,14.90030,2.33188,0.76837
1716.293,-44.371,-68.192,15.52557,1.70660,0.74964
1716.691,-44.261,-68.744,16.75583,0.47634,0.74442
1717.151,-44.239,-67.439,14.45421,2.77796,0.71394
1717.591,-44.019,-68.397,16.55442,0.67775,0.70650
1718.028,-43.918,-68.125,16.23025,1.00192,0.69551
1718.558,-43.862,-69.160,18.40275,-1.17058,0.70835
1719.016,-43.919,-69.015,17.98142,-0.74925,0.71657
1719.616,-43.893,-68.501,16.99729,0.23488,0.71399
1720.216,-43.829,-69.608,19.45179,-2.21962,0.73835
1720.647,-43.923,-69.707,19.46279,-2.23062,0.76282
1721.088,-44.028,-70.881,22.01273,-4.78056,0.81528
1721.533,-44.270,-70.051,19.45556,-2.22339,0.83967
1722.071,-44.395,-69.958,18.97436,-1.74219,0.85879
1722.697,-44.491,-69.109,17.01820,0.21397,0.85644
1723.158,-44.454,-69.895,18.70888,-1.47671,0.87264
1723.816,-44.532,-69.381,17.47471,-0.24254,0.87530
1724.281,-44.567,-68.502,15.73043,1.50174,0.85883
1724.710,-44.448,-68.133,15.28386,1.94831,0.83745
1725.266,-44.330,-68.197,15.60883,1.62334,0.81964
1725.876,-44.266,-67.859,15.12445,2.10772,0.79651
1726.343,-44.140,-68.851,17.20131,0.03086,0.79617
1726.776,-44.181,-68.179,15.84549,1.38668,0.78096
1727.411,-44.138,-68.151,15.87170,1.36047,0.76603
1727.861,-44.060,-68.320,16.32989,0.90228,0.75613
1728.303,-44.069,-69.095,17.83533,-0.60316,0.76275
1728.932,-44.126,-69.211,17.95679,-0.72462,0.77070
1729.404,-44.221,-69.306,17.95682,-0.72465,0.77865
1729.955,-44.292,-69.219,17.63291,-0.40074,0.78305
1730.388,-44.339,-69.781,18.71072,-1.47855,0.79927
1730.981,-44.481,-70.202,19.32096,-2.08879,0.82219
1731.574,-44.638,-69.398,17.29870,-0.06653,0.82292
1732.139,-44.680,-68.855,16.17209,1.06008,0.81129
1732.565,-44.625,-69.387,17.30063,-0.06846,0.81204
1733.136,-44.633,-69.289,17.09279,0.13938,0.81051
1733.567,-44.664,-68.609,15.74785,1.48432,0.79422
1734.201,-44.541,-67.501,14.05960,3.17257,0.75941
1734.638,-44.316,-67.538,14.49150,2.74067,0.72934
1735.084,-44.129,-68.958,17.43745,-0.20528,0.73159
1735.704,-44.145,-67.806,15.24236,1.98981,0.70976
1736.327,-43.954,-67.745,15.47172,1.76045,0.69044
1736.834,-43.840,-69.133,18.39371,-1.16153,0.70319
1737.274,-43.894,-68.932,17.86139,-0.62922,0.71009
1737.716,-43.865,-69.526,19.18849,-1.95632,0.73156
1738.152,-43.922,-68.360,16.66828,0.56389,0.72537
1738.671,-43.868,-69.319,18.72903,-1.49686,0.74180
1739.279,-43.920,-70.691,21.80340,-4.57123,0.79195
1739.809,-44.149,-70.146,19.94617,-2.71399,0.82173
1740.416,-44.300,-70.205,19.73583,-2.50366,0.84920
1741.023,-44.417,-69.490,17.93241,-0.70024,0.85688
1741.634,-44.434,-70.818,20.85289,-3.62072,0.89661
1742.332,-44.690,-69.095,16.60482,0.62735,0.88973
1742.957,-44.651,-69.150,16.78563,0.44654,0.88483
1743.401,-44.596,-68.283,15.28643,1.94574,0.86348
1743.822,-44.505,-68.321,15.51562,1.71656,0.84465
1744.271,-44.413,-67.897,14.93629,2.29589,0.81945
1744.689,-44.299,-67.896,15.12930,2.10287,0.79638
1745.164,-44.175,-68.186,15.86853,1.36364,0.78142
1745.577,-44.135,-67.788,15.22757,2.00460,0.75942
1746.015,-44.060,-68.325,16.33861,0.89356,0.74962
1746.579,-44.038,-69.416,18.57467,-1.34250,0.76435
1747.005,-44.132,-68.695,16.91039,0.32178,0.76082
1747.570,-44.162,-68.478,16.43585,0.79632,0.75208
1748.006,-44.141,-69.695,18.95472,-1.72255,0.77098
1748.533,-44.282,-69.837,18.95503,-1.72286,0.78989
1749.097,-44.427,-70.236,19.51895,-2.28678,0.81498
1749.533,-44.613,-69.316,17.18526,0.04691,0.81446
1749.983,-44.621,-68.521,15.66736,1.56482,0.79729
1750.417,-44.515,-69.698,18.16119,-0.92902,0.80749
1750.847,-44.595,-69.510,17.60866,-0.37648,0.81162
1751.382,-44.637,-68.536,15.66623,1.56594,0.79443
1751.982,-44.528,-67.786,14.55181,2.68036,0.76502
1752.599,-44.351,-67.263,13.98265,3.24952,0.72937
1753.023,-44.149,-67.814,15.24980,1.98237,0.70762
1753.459,-44.020,-68.239,16.25232,0.97985,0.69687
1753.896,-43.944,-68.237,16.39177,0.84040,0.68765
1754.344,-43.864,-68.003,16.10337,1.12880,0.67526
1754.759,-43.762,-68.716,17.68894,-0.45677,0.68027
1755.358,-43.774,-70.106,20.72845,-3.49628,0.71864
1756.173,-43.950,-69.698,19.38109,-2.14892,0.74221
1756.636,-43.987,-68.927,17.66005,-0.42788,0.74691
1757.203,-43.994,-69.269,18.35421,-1.12203,0.75922
1757.626,-44.020,-69.692,19.21290,-1.98073,0.78095
1758.157,-44.072,-70.780,21.64568,-4.41351,0.82938
1758.584,-44.340,-70.198,19.63044,-2.39827,0.85569
1759.136,-44.453,-68.876,16.63996,0.59221,0.84920
1759.841,-44.401,-69.634,18.26579,-1.03362,0.86054
1760.546,-44.452,-69.590,18.06777,-0.83560,0.86971
1761.006,-44.505,-68.125,15.16962,2.06255,0.84707
1761.454,-44.387,-68.268,15.63276,1.59942,0.82953
1761.995,-44.329,-68.691,16.52339,0.70878,0.82175
1762.554,-44.271,-67.903,15.19131,2.04086,0.79936
1763.151,-44.171,-67.764,15.12336,2.10881,0.77622
1763.634,-44.071,-67.643,15.08751,2.14466,0.75269
1764.054,-43.990,-67.651,15.24172,1.99045,0.73085
1764.614,-43.883,-68.570,17.15400,0.07817,0.72999
1765.049,-43.914,-68.706,17.36183,-0.12966,0.73141
1765.494,-43.943,-68.399,16.70321,0.52896,0.72561
1766.119,-43.973,-69.828,19.62335,-2.39118,0.75184
1766.591,-44.139,-69.852,19.30319,-2.07102,0.77457
1767.227,-44.321,-69.554,18.26574,-1.03357,0.78591
1767.671,-44.409,-69.523,18.01879,-0.78662,0.79454
1768.264,-44.496,-69.580,17.95487,-0.72270,0.80247
1768.763,-44.568,-69.633,17.91622,-0.68405,0.80997
1769.395,-44.621,-69.287,17.11294,0.11923,0.80867
1769.977,-44.640,-68.759,16.06781,1.16436,0.79589
1770.515,-44.540,-68.311,15.43748,1.79469,0.77620
1770.957,-44.411,-67.395,14.09939,3.13278,0.74182
1771.393,-44.199,-68.348,16.12289,1.10928,0.72965
1771.852,-44.147,-68.695,16.88018,0.35199,0.72579
1772.293,-44.099,-68.556,16.70495,0.52722,0.72001
1772.828,-44.013,-68.011,15.84537,1.38680,0.70479
1773.269,-43.904,-69.105,18.19797,-0.96580,0.71539
1773.688,-43.941,-69.370,18.68176,-1.44959,0.73129
1774.135,-43.988,-69.281,18.39335,-1.16118,0.74403
1774.569,-44.003,-68.608,16.99225,0.23992,0.74140
1775.186,-43.943,-69.060,18.02356,-0.79139,0.75008
1775.784,-43.969,-70.532,21.28849,-4.05632,0.79459
1776.217,-44.181,-69.762,19.01107,-1.77890,0.81411
1776.644,-44.253,-71.204,22.26227,-5.03010,0.86930
1777.096,-44.563,-69.364,17.37823,-0.14606,0.87090
1777.526,-44.537,-69.665,18.04605,-0.81388,0.87983
1778.088,-44.576,-69.364,17.35475,-0.12258,0.88118
1778.609,-44.587,-70.056,18.76882,-1.53665,0.89804
1779.052,-44.693,-68.436,15.38819,1.84398,0.87781
1779.712,-44.566,-68.914,16.49672,0.73546,0.86974
1780.144,-44.529,-68.115,15.10971,2.12246,0.84645
1780.594,-44.424,-68.058,15.19464,2.03753,0.82409
1781.160,-44.295,-67.912,15.16457,2.06760,0.80141
1781.772,-44.198,-67.186,14.10730,3.12487,0.76712
1782.505,-44.067,-68.740,17.12465,0.10753,0.76594
1783.288,-44.080,-68.646,16.91617,0.31600,0.76247
1783.919,-44.144,-69.246,17.99172,-0.75955,0.77081
1784.446,-44.215,-69.720,18.84674,-1.61456,0.78852
1785.050,-44.362,-70.345,19.91368,-2.68150,0.81794
1785.607,-44.576,-69.682,18.00087,-0.76870,0.82638
1786.067,-44.665,-69.133,16.72593,0.50624,0.82082
1786.591,-44.652,-69.832,18.15558,-0.92341,0.83096
1787.143,-44.742,-68.613,15.61479,1.61738,0.81321
1787.783,-44.629,-69.415,17.35036,-0.11819,0.81451
1788.338,-44.665,-67.593,14.00912,3.22305,0.77914
1789.038,-44.432,-68.366,15.72914,1.50303,0.76265
1789.466,-44.335,-68.175,15.55940,1.67277,0.74430
1790.085,-44.209,-67.834,15.17961,2.05256,0.72177
1790.670,-44.055,-68.314,16.32920,0.90297,0.71187
1791.112,-43.972,-68.161,16.19620,1.03597,0.70050
1791.533,-43.899,-67.828,15.72043,1.51174,0.68391
1792.055,-43.786,-69.547,19.41213,-2.17996,0.70783
1792.619,-43.854,-69.283,18.68254,-1.45037,0.72375
1793.255,-43.866,-69.267,18.62205,-1.38988,0.73900
1793.698,-43.936,-69.480,18.93068,-1.69851,0.75763
1794.142,-43.999,-69.981,19.91236,-2.68019,0.78704
1794.782,-44.135,-69.754,19.09770,-1.86553,0.80751
1795.398,-44.214,-69.089,17.52847,-0.29629,0.81076
1795.913,-44.189,-70.111,19.77368,-2.54151,0.83865
1796.339,-44.339,-69.182,17.46517,-0.23300,0.84120
1796.773,-44.340,-69.667,18.46327,-1.23110,0.85471
1797.207,-44.426,-68.880,16.70024,0.53193,0.84887
1797.756,-44.400,-68.363,15.78204,1.45014,0.83296
1798.197,-44.318,-67.766,14.87197,2.36020,0.80707
1798.723,-44.199,-67.885,15.28599,1.94618,0.78571
1799.281,-44.074,-68.699,17.03127,0.20090,0.78351
1799.730,-44.079,-68.355,16.36024,0.87193,0.77394
1800.279,-44.059,-68.444,16.56785,0.66432,0.76665
1800.709,-44.042,-68.072,15.90390,1.32827,0.75208
1801.148,-44.005,-69.485,18.79219,-1.56002,0.76919
1801.577,-44.128,-69.709,19.01295,-1.78078,0.78873
1802.018,-44.256,-68.163,15.68122,1.55095,0.77172
1802.459,-44.206,-69.233,17.83838,-0.60621,0.77837
1802.893,-44.265,-68.900,17.05201,0.18016,0.77639
1803.343,-44.285,-69.295,17.80273,-0.57056,0.78265
1803.876,-44.349,-69.754,18.63279,-1.40062,0.79802
1804.320,-44.458,-70.157,19.27218,-2.04001,0.82040
1804.772,-44.636,-69.456,17.41827,-0.18610,0.82245
1805.329,-44.670,-68.299,15.18564,2.04653,0.79999
1805.846,-44.555,-69.489,17.64755,-0.41538,0.80455
1806.302,-44.589,-69.572,17.74671,-0.51454,0.81019
1806.858,-44.612,-67.323,13.66294,3.56924,0.77103
1807.284,-44.394,-67.517,14.32665,2.90552,0.73915
1807.719,-44.169,-67.570,14.79317,2.43900,0.71239
1808.152,-44.043,-68.712,17.11756,0.11462,0.71113
1808.652,-44.027,-68.502,16.74053,0.49164,0.70574
1809.231,-43.943,-68.237,16.39504,0.83713,0.69655
1809.678,-43.871,-68.462,16.96398,0.26819,0.69361
1810.222,-43.821,-68.595,17.32507,-0.09290,0.69463
1810.865,-43.789,-69.851,20.09521,-2.86304,0.72604
1811.478,-43.876,-69.668,19.48046,-2.24829,0.75071
1812.082,-43.994,-69.356,18.53957,-1.30740,0.76506
1812.631,-44.028,-70.674,21.49294,-4.26077,0.81181
1813.238,-44.229,-70.543,20.68734,-3.45517,0.84972
1813.925,-44.426,-68.921,16.77900,0.45318,0.84475
1814.495,-44.399,-70.686,20.62362,-3.39144,0.88196
1815.056,-44.564,-70.483,19.76728,-2.53511,0.90977
1815.476,-44.756,-68.831,15.98750,1.24467,0.89612
1816.027,-44.654,-67.864,14.47103,2.76114,0.86582
1816.467,-44.475,-67.804,14.67058,2.56159,0.83771
1816.901,-44.339,-68.573,16.28152,0.95065,0.82728
1817.339,-44.298,-68.072,15.44307,1.78910,0.80765
1817.877,-44.210,-68.540,16.46232,0.76985,0.79921
1818.433,-44.186,-68.164,15.80761,1.42457,0.78357
1818.856,-44.142,-67.834,15.29683,1.93534,0.76234
1819.281,-44.052,-68.966,17.60864,-0.37647,0.76647
1819.736,-44.110,-68.459,16.49822,0.73396,0.75842
1820.483,-44.113,-69.054,17.66339,-0.43121,0.76315
1821.052,-44.173,-68.945,17.32149,-0.08932,0.76413
1821.747,-44.212,-69.619,18.63546,-1.40329,0.77953
1822.479,-44.335,-69.513,18.15178,-0.91961,0.78962
1823.042,-44.453,-68.842,16.57456,0.65761,0.78240
1823.474,-44.419,-69.136,17.21297,0.01920,0.78219
1823.901,-44.436,-69.064,17.03883,0.19334,0.78007
1824.338,-44.430,-69.728,18.40398,-1.17181,0.79293
1824.765,-44.521,-68.878,16.51526,0.71691,0.78506
1825.210,-44.485,-67.566,14.25771,2.97446,0.75242
1825.658,-44.275,-68.322,15.93474,1.29743,0.73819
1826.181,-44.186,-67.588,14.79355,2.43862,0.71143
1826.632,-44.050,-69.122,17.93096,-0.69879,0.71910
1827.351,-44.040,-67.439,14.78838,2.44379,0.69228
1827.833,-43.845,-68.603,17.29581,-0.06364,0.69298
1828.275,-43.848,-68.850,17.78695,-0.55478,0.69907
1828.702,-43.850,-69.166,18.44305,-1.21088,0.71236
1829.135,-43.871,-68.578,17.19362,0.03856,0.71193
1829.600,-43.832,-68.638,17.38979,-0.15762,0.71366
1830.038,-43.817,-68.854,17.86018,-0.62801,0.72055
1830.471,-43.832,-70.200,20.81567,-3.58350,0.75987
1831.042,-43.983,-69.716,19.34840,-2.11623,0.78309
1831.546,-44.082,-71.002,22.18158,-4.94941,0.83740
1832.243,-44.362,-69.434,17.92950,-0.69733,0.84505
1832.685,-44.383,-70.131,19.38150,-2.14932,0.86863
1833.104,-44.505,-70.315,19.52002,-2.28785,0.89373
1833.536,-44.657,-70.172,18.87088,-1.63871,0.91172
1834.092,-44.768,-68.985,16.25091,0.98126,0.90095
1834.608,-44.708,-68.119,14.81143,2.42074,0.87439
1835.168,-44.570,-67.669,14.28670,2.94547,0.84207
1835.699,-44.382,-67.851,14.90980,2.32237,0.81659
1836.265,-44.274,-68.868,16.97067,0.26150,0.81372
1836.799,-44.296,-67.741,14.86766,2.36451,0.78777
1837.396,-44.171,-68.506,16.47154,0.76063,0.77943
1838.021,-44.179,-69.228,17.88352,-0.65135,0.78657
1838.460,-44.235,-68.513,16.36387,0.86830,0.77705
1838.999,-44.228,-68.971,17.26478,-0.03261,0.77741
1839.432,-44.289,-69.866,19.00463,-1.77246,0.79685
1839.882,-44.409,-70.213,19.50683,-2.27466,0.82181
1840.405,-44.595,-70.632,20.03875,-2.80657,0.85261
1840.845,-44.844,-69.836,17.76751,-0.53534,0.85848
1841.286,-44.899,-69.208,16.42447,0.80770,0.84962
1841.887,-44.850,-69.138,16.38324,0.84893,0.84030
1842.507,-44.829,-69.519,17.15914,0.07303,0.83950
1843.110,-44.828,-68.746,15.70119,1.53098,0.82270
1843.595,-44.727,-68.282,15.05782,2.17435,0.79885
1844.137,-44.560,-68.476,15.69514,1.53703,0.78198
1844.581,-44.457,-67.476,14.15599,3.07618,0.74823
1845.168,-44.246,-68.451,16.22645,1.00573,0.73719
1845.656,-44.154,-67.767,15.15734,2.07483,0.71443
1846.302,-43.979,-68.700,17.21956,0.01261,0.71429
1846.874,-43.950,-68.477,16.84082,0.39135,0.71000
1847.300,-43.884,-69.870,19.92267,-2.69050,0.73952
1847.924,-43.982,-68.569,16.95816,0.27401,0.73651
1848.392,-43.957,-68.891,17.64961,-0.41744,0.74109
1848.818,-43.954,-69.491,18.91602,-1.68385,0.75957
1849.389,-43.988,-70.032,20.05425,-2.82208,0.79053
1849.965,-44.111,-69.785,19.21687,-1.98470,0.81231
1850.374,-44.209,-70.258,20.06472,-2.83255,0.84339
1850.802,-44.376,-69.606,18.25987,-1.02770,0.85466
1851.255,-44.449,-70.474,20.01042,-2.77825,0.88515
1851.677,-44.597,-69.271,17.12839,0.10378,0.88401
1852.224,-44.597,-68.403,15.49830,1.73387,0.86498
1852.777,-44.485,-68.674,16.19819,1.03399,0.85364
1853.354,-44.444,-68.858,16.62339,0.60878,0.84696
1853.863,-44.411,-68.105,15.30153,1.93064,0.82577
1854.489,-44.329,-67.996,15.25275,1.97942,0.80406
1855.086,-44.235,-68.285,15.94113,1.29104,0.78989
1855.614,-44.182,-67.821,15.20371,2.02846,0.76763
1856.053,-44.072,-69.739,19.20369,-1.97152,0.78927
1856.487,-44.235,-68.458,16.26233,0.96984,0.77862
1857.137,-44.232,-69.387,18.10449,-0.87232,0.78820
1857.782,-44.314,-69.879,18.97838,-1.74621,0.80736
1858.247,-44.507,-69.700,18.18200,-0.94983,0.81778
1858.792,-44.573,-70.668,20.17189,-2.93972,0.85003
1859.326,-44.801,-68.837,15.91322,1.31895,0.83556
1859.773,-44.736,-69.661,17.62968,-0.39751,0.83992
1860.318,-44.806,-68.393,15.11279,2.11938,0.81667
1860.758,-44.668,-69.543,17.52793,-0.29576,0.81991
1861.192,-44.704,-69.011,16.41944,0.81273,0.81100
1861.743,-44.634,-68.230,15.12787,2.10430,0.78791
1862.286,-44.477,-68.334,15.59059,1.64158,0.76989
1862.879,-44.359,-67.546,14.43305,2.79912,0.73918
1863.494,-44.178,-68.484,16.41746,0.81471,0.73024
1864.037,-44.085,-68.191,16.04243,1.18974,0.71719
1864.463,-43.976,-67.528,15.05112,2.18105,0.69326
1865.021,-43.831,-69.200,18.55481,-1.32264,0.70777
1865.451,-43.867,-68.847,17.74116,-0.50899,0.71335
1865.891,-43.850,-68.706,17.49165,-0.25947,0.71620
1866.461,-43.835,-68.893,17.90089,-0.66872,0.72354
1866.882,-43.856,-70.302,21.00323,-3.77106,0.76492
1867.325,-44.040,-70.740,21.62599,-4.39382,0.81313
1867.856,-44.246,-70.679,20.97220,-3.74003,0.85416
1868.302,-44.455,-69.896,18.70709,-1.47492,0.87035
1868.730,-44.556,-69.238,17.14269,0.08948,0.86936
1869.334,-44.533,-69.209,17.13236,0.09981,0.86827
1870.043,-44.496,-70.421,19.78021,-2.54804,0.89623
1870.685,-44.647,-69.925,18.36037,-1.12820,0.90861
1871.149,-44.729,-68.279,15.04849,2.18368,0.88465
1871.664,-44.606,-68.492,15.64079,1.59138,0.86718
1872.298,-44.543,-68.352,15.50544,1.72673,0.84824
1872.872,-44.447,-68.021,15.09046,2.14171,0.82474
1873.335,-44.357,-67.138,13.77379,3.45838,0.78679
1873.778,-44.184,-67.653,14.90946,2.32271,0.76131
1874.318,-44.058,-69.609,18.94775,-1.71558,0.78013
1874.752,-44.206,-69.381,18.14562,-0.91345,0.79015
1875.368,-44.299,-68.675,16.55040,0.68178,0.78267
1875.989,-44.297,-69.710,18.64778,-1.41561,0.79821
1876.605,-44.426,-70.392,19.87369,-2.64152,0.82719
1877.066,-44.629,-69.533,17.58754,-0.35537,0.83109
1877.496,-44.673,-69.949,18.35591,-1.12374,0.84342
1878.073,-44.768,-69.481,17.20414,0.02803,0.84311
1878.584,-44.777,-68.546,15.43298,1.79919,0.82337
1879.029,-44.702,-69.615,17.60576,-0.37359,0.82747
1879.467,-44.715,-69.162,16.68627,0.54590,0.82148
1880.003,-44.725,-68.623,15.66411,1.56806,0.80427
1880.437,-44.589,-67.719,14.33742,2.89476,0.77251
1880.988,-44.372,-68.242,15.61419,1.61798,0.75476
1881.616,-44.280,-68.261,15.81381,1.41837,0.73920
1882.074,-44.154,-67.334,14.42227,2.80990,0.70836
1882.522,-43.944,-67.697,15.40466,1.82751,0.68831
1883.059,-43.825,-68.204,16.55599,0.67619,0.68089
1883.674,-43.780,-69.356,19.00238,-1.77021,0.70032
1884.284,-43.792,-68.673,17.54052,-0.30835,0.70370
1884.710,-43.779,-68.813,17.85180,-0.61962,0.71050
1885.134,-43.797,-70.385,21.34864,-4.11647,0.75567
1885.793,-43.991,-70.822,21.95465,-4.72248,0.80748
1886.361,-44.223,-71.025,21.88288,-4.65071,0.85851
1886.879,-44.484,-70.357,19.66452,-2.43235,0.88520
1887.448,-44.614,-69.667,17.89190,-0.65973,0.89244
1887.879,-44.641,-70.748,20.20060,-2.96843,0.92501
1888.319,-44.841,-69.144,16.41270,0.81947,0.91602
1888.761,-44.785,-68.298,14.98574,2.24643,0.89137
1889.188,-44.641,-68.830,16.19670,1.03547,0.88001
1889.739,-44.576,-68.160,15.10648,2.12569,0.85668
1890.326,-44.479,-67.776,14.61789,2.61428,0.82800
1890.941,-44.325,-67.942,15.16454,2.06763,0.80531
1891.395,-44.222,-67.392,14.40509,2.82708,0.77429
1891.971,-44.077,-67.904,15.53617,1.69600,0.75568
1892.580,-44.013,-68.327,16.43209,0.80008,0.74691
1893.018,-43.985,-68.646,17.10183,0.13034,0.74548
1893.447,-44.018,-68.616,16.97930,0.25287,0.74270
1894.008,-44.037,-69.905,19.65267,-2.42050,0.76926
1894.564,-44.231,-70.404,20.35381,-3.12164,0.80351
1895.083,-44.448,-69.700,18.30654,-1.07437,0.81530
1895.646,-44.565,-69.596,17.84602,-0.61385,0.82203
1896.079,-44.645,-69.608,17.70683,-0.47466,0.82724
1896.530,-44.718,-69.481,17.30346,-0.07129,0.82802
1896.954,-44.718,-69.185,16.72362,0.50855,0.82244
1897.504,-44.713,-68.590,15.62599,1.60618,0.80482
1898.093,-44.617,-67.506,13.94556,3.28661,0.76876
1898.579,-44.380,-68.597,16.25058,0.98159,0.75799
1899.141,-44.302,-67.562,14.55588,2.67629,0.72862
1899.581,-44.131,-68.929,17.37505,-0.14288,0.73019
1900.027,-44.149,-68.495,16.49427,0.73790,0.72210
1900.567,-44.030,-68.481,16.69450,0.53767,0.71620
1901.010,-43.968,-67.515,15.04411,2.18806,0.69219
1901.564,-43.807,-68.595,17.35500,-0.12283,0.69354
1902.003,-43.812,-68.633,17.42051,-0.18834,0.69560
1902.604,-43.756,-68.699,17.66711,-0.43494,0.70037
1903.088,-43.753,-68.856,17.99574,-0.76357,0.70875
1903.515,-43.768,-69.265,18.82898,-1.59681,0.72627
1904.070,-43.832,-70.036,20.42672,-3.19455,0.76132
1904.619,-43.967,-69.611,19.15002,-1.91785,0.78237
1905.177,-44.047,-69.899,19.61438,-2.38221,0.80851
1905.610,-44.191,-70.217,20.01085,-2.77868,0.83899
1906.164,-44.357,-70.737,20.84463,-3.61246,0.87863
1906.670,-44.561,-69.658,17.98206,-0.74989,0.88686
1907.321,-44.608,-68.512,15.67559,1.55658,0.86978
1907.793,-44.525,-67.875,14.70595,2.52622,0.84206
1908.324,-44.351,-68.471,16.06963,1.16254,0.82931
1908.776,-44.332,-68.041,15.32685,1.90532,0.80840
1909.226,-44.208,-68.665,16.70669,0.52548,0.80263
1909.664,-44.209,-68.336,16.08231,1.14986,0.79002
1910.087,-44.174,-67.716,15.03390,2.19827,0.76590
1910.539,-44.060,-68.834,17.32704,-0.09487,0.76694
1910.973,-44.109,-69.527,18.65971,-1.42754,0.78260
1911.526,-44.234,-69.194,17.70085,-0.46868,0.78775
1912.051,-44.306,-68.193,15.64519,1.58698,0.77033
1912.695,-44.234,-69.467,18.26601,-1.03384,0.78168
1913.147,-44.331,-70.385,20.07666,-2.84449,0.81289
1913.582,-44.567,-69.381,17.40560,-0.17343,0.81479
1914.017,-44.583,-69.890,18.42309,-1.19091,0.82786
1914.466,-44.693,-69.709,17.81539,-0.58322,0.83426
1914.905,-44.742,-68.348,15.14565,2.08652,0.81136
1915.334,-44.622,-68.797,16.17086,1.06132,0.79972
1915.769,-44.557,-68.501,15.74756,1.48461,0.78343
1916.331,-44.496,-68.529,15.91030,1.32187,0.76892
1916.759,-44.391,-67.363,14.07983,3.15234,0.73433
1917.200,-44.170,-67.460,14.60435,2.62783,0.70550
1917.631,-44.018,-68.732,17.20702,0.02516,0.70523
1918.074,-44.011,-69.080,17.92309,-0.69092,0.71281
1918.613,-44.006,-67.712,15.32099,1.91118,0.69184
1919.054,-43.877,-67.983,16.04388,1.18829,0.67880
1919.693,-43.774,-68.145,16.54041,0.69176,0.67121
1920.143,-43.728,-69.084,18.52724,-1.29506,0.68542
1920.582,-43.767,-69.901,20.26361,-3.03143,0.71868
1921.021,-43.857,-68.361,16.79644,0.43573,0.71390
1921.460,-43.828,-68.361,16.85064,0.38154,0.70971
1921.897,-43.795,-69.719,19.77856,-2.54639,0.73765
1922.347,-43.893,-69.873,19.90553,-2.67336,0.76698
1922.773,-44.003,-69.826,19.54976,-2.31759,0.79241
1923.319,-44.117,-70.324,20.43513,-3.20295,0.82756
1923.916,-44.281,-69.718,18.70164,-1.46946,0.84368
1924.620,-44.369,-70.823,21.02357,-3.79140,0.88528
1925.069,-44.598,-69.178,16.94402,0.28815,0.88212
1925.614,-44.608,-69.110,16.79063,0.44154,0.87728
1926.165,-44.564,-67.712,14.36803,2.86414,0.84585
1926.599,-44.404,-68.806,16.60003,0.63214,0.83891
1927.153,-44.381,-68.091,15.32897,1.90320,0.81803
1927.587,-44.292,-67.792,14.96144,2.27073,0.79312
1928.025,-44.170,-68.413,16.29880,0.93337,0.78287
1928.463,-44.125,-67.217,14.27602,2.95616,0.75044
1928.890,-43.993,-68.947,17.68770,-0.45553,0.75544
1929.346,-44.039,-68.599,16.90363,0.32855,0.75183
1929.961,-44.059,-69.520,18.75201,-1.51984,0.76851
1930.437,-44.189,-69.687,18.83120,-1.59903,0.78605
1930.874,-44.329,-70.010,19.23342,-2.00125,0.80801
1931.311,-44.495,-69.239,17.26652,-0.03435,0.80839
1931.892,-44.523,-70.771,20.53187,-3.29970,0.84459
1932.599,-44.756,-70.236,18.79219,-1.56002,0.86171
1933.236,-44.933,-68.416,14.93432,2.29785,0.83650
1933.710,-44.791,-68.431,15.20626,2.02592,0.81427
1934.142,-44.675,-68.234,15.06401,2.16816,0.79048
1934.662,-44.526,-69.010,16.75616,0.47601,0.78526
1935.238,-44.491,-68.025,15.02105,2.21112,0.76099
1935.669,-44.331,-68.029,15.30839,1.92378,0.73989
1936.315,-44.200,-67.776,15.09260,2.13957,0.71641
1936.755,-44.061,-67.593,15.01704,2.21513,0.69211
1937.311,-43.870,-68.615,17.26865,-0.03648,0.69251
1937.868,-43.867,-68.393,16.83916,0.39301,0.68819
1938.303,-43.803,-69.896,20.16840,-2.93623,0.72041
1938.863,-43.925,-69.567,19.14721,-1.91504,0.74142
1939.296,-43.983,-69.040,17.89940,-0.66723,0.74874
1939.879,-43.996,-69.339,18.49953,-1.26736,0.76265
1940.490,-44.023,-71.049,22.45617,-5.22400,0.81997
1941.081,-44.323,-69.847,18.88894,-1.65677,0.83815
1941.776,-44.393,-69.590,18.19126,-0.95909,0.84867
1942.243,-44.417,-69.029,17.00589,0.22628,0.84619
1942.791,-44.388,-69.734,18.50666,-1.27449,0.86017
1943.368,-44.471,-70.242,19.43318,-2.20101,0.88432
1943.793,-44.599,-69.153,16.89236,0.33981,0.88059
1944.397,-44.566,-68.613,15.93595,1.29622,0.86637
1944.864,-44.508,-67.732,14.49303,2.73914,0.83632
1945.307,-44.362,-68.525,16.14858,1.08359,0.82443
1945.933,-44.330,-67.933,15.14080,2.09137,0.80148
1946.399,-44.217,-67.213,14.11816,3.11401,0.76731
1946.842,-44.066,-68.480,16.62384,0.60833,0.76064
1947.271,-44.057,-68.272,16.24464,0.98753,0.74980
1947.704,-44.026,-68.997,17.72379,-0.49162,0.75520
1948.139,-44.079,-68.993,17.60592,-0.37375,0.75930
1948.778,-44.124,-68.383,16.32877,0.90340,0.74938
1949.244,-44.140,-69.024,17.54824,-0.31607,0.75285
1949.693,-44.157,-70.304,20.29170,-3.05953,0.78642
1950.230,-44.404,-70.388,19.91559,-2.68342,0.81587
1950.775,-44.601,-69.585,17.74964,-0.51747,0.82154
1951.365,-44.655,-68.317,15.24329,1.98888,0.79972
1952.058,-44.557,-69.759,18.20106,-0.96889,0.81035
1952.636,-44.620,-68.806,16.19054,1.04163,0.79892
1953.166,-44.571,-67.575,14.13260,3.09957,0.76491
1953.610,-44.354,-67.941,15.11260,2.11957,0.74166
1954.056,-44.213,-68.589,16.54986,0.68231,0.73417
1954.719,-44.165,-68.736,16.92594,0.30623,0.73081
1955.142,-44.109,-68.586,16.74401,0.48816,0.72545
1955.771,-44.062,-67.556,14.95300,2.27917,0.70045
1956.240,-43.898,-68.048,16.12372,1.10845,0.68828
1956.804,-43.770,-69.570,19.49719,-2.26501,0.71314
1957.333,-43.870,-69.100,18.25939,-1.02722,0.72441
1957.910,-43.883,-69.041,18.10995,-0.87778,0.73404
1958.509,-43.895,-69.472,19.00322,-1.77104,0.75347
1959.068,-43.969,-70.929,22.28262,-5.05045,0.80889
1959.516,-44.221,-69.970,19.38362,-2.15145,0.83249
1959.948,-44.351,-69.238,17.55238,-0.32021,0.83601
1960.387,-44.365,-70.039,19.21708,-1.98491,0.85779
1960.841,-44.460,-70.312,19.61540,-2.38323,0.88393
1961.272,-44.589,-70.247,19.18242,-1.95025,0.90533
1961.696,-44.712,-68.879,16.15698,1.07519,0.89354
1962.146,-44.649,-68.857,16.23293,0.99924,0.88257
1962.783,-44.574,-68.801,16.26866,0.96351,0.87200
1963.244,-44.528,-68.546,15.88027,1.35190,0.85717
1963.846,-44.472,-68.302,15.54088,1.69130,0.83861
1964.319,-44.410,-67.842,14.84549,2.38668,0.81242
1964.772,-44.288,-67.176,13.94489,3.28728,0.77635
1965.316,-44.106,-68.838,17.24303,-0.01085,0.77647
1965.750,-44.128,-69.574,18.72017,-1.48800,0.79280
1966.195,-44.257,-68.964,17.19337,0.03880,0.79237
1966.740,-44.300,-68.873,16.93079,0.30138,0.78907
1967.329,-44.322,-68.728,16.60774,0.62443,0.78222
1967.949,-44.315,-69.620,18.41776,-1.18559,0.79522
1968.573,-44.428,-70.551,20.23709,-3.00492,0.82819
1969.161,-44.676,-69.372,17.17144,0.06073,0.82753
1969.660,-44.667,-69.487,17.41883,-0.18666,0.82958
1970.276,-44.739,-69.678,17.65844,-0.42627,0.83425
1970.696,-44.775,-68.580,15.49746,1.73471,0.81522
1971.230,-44.652,-68.720,15.97383,1.25834,0.80141
1971.660,-44.584,-67.808,14.49433,2.73784,0.77137
1972.210,-44.383,-68.457,15.98447,1.24770,0.75768
1972.651,-44.325,-68.664,16.47988,0.75229,0.74943
1973.082,-44.239,-67.721,14.93094,2.30123,0.72418
1973.519,-44.086,-68.584,16.78433,0.44784,0.71926
1974.193,-43.998,-68.838,17.45785,-0.22567,0.72174
1974.800,-43.979,-69.811,19.56953,-2.33736,0.74739
1975.278,-44.080,-68.803,17.22493,0.00724,0.74731
1975.702,-44.043,-69.727,19.23981,-2.00764,0.76934
1976.144,-44.140,-69.705,18.97918,-1.74701,0.78850
1976.598,-44.201,-68.997,17.37129,-0.13912,0.79003
1977.020,-44.184,-69.740,18.95915,-1.72698,0.80898
1977.467,-44.262,-70.752,21.11191,-3.87974,0.85155
1977.912,-44.474,-70.006,18.90510,-1.67293,0.86991
1978.346,-44.565,-69.442,17.53255,-0.30037,0.87320
1978.785,-44.551,-69.632,17.95001,-0.71784,0.88108
1979.190,-44.583,-69.864,18.36671,-1.13454,0.89353
1979.646,-44.680,-70.684,19.96052,-2.72835,0.92346
1980.080,-44.850,-69.394,16.87316,0.35901,0.91952
1980.531,-44.844,-67.868,14.16556,3.06661,0.88588
1981.069,-44.629,-68.405,15.44399,1.78818,0.86625
1981.658,-44.530,-67.934,14.79714,2.43503,0.83954
1982.076,-44.387,-68.893,16.79885,0.43332,0.83478
1982.673,-44.387,-68.223,15.55304,1.67913,0.81636
1983.262,-44.336,-67.286,14.04357,3.18860,0.78137
1983.802,-44.159,-67.841,15.27928,1.95289,0.75994
1984.232,-44.081,-68.735,17.08910,0.14307,0.75837
1984.957,-44.121,-69.297,18.14658,-0.91441,0.76841
1985.438,-44.199,-69.677,18.78874,-1.55657,0.78549
1985.883,-44.321,-70.261,19.81579,-2.58362,0.81384
1986.315,-44.513,-70.523,19.97620,-2.74403,0.84394
1986.869,-44.741,-69.608,17.51191,-0.27974,0.84701
1987.287,-44.779,-69.693,17.60825,-0.37608,0.85114
1987.914,-44.843,-69.728,17.54829,-0.31612,0.85461
1988.384,-44.872,-69.208,16.47295,0.75922,0.84628
1988.824,-44.847,-68.227,14.75648,2.47569,0.81911
1989.267,-44.689,-68.487,15.48458,1.74759,0.79994
1989.715,-44.604,-67.580,14.08633,3.14584,0.76542
1990.145,-44.384,-67.752,14.73693,2.49524,0.73804
1990.588,-44.193,-68.737,16.87379,0.35838,0.73411
1991.020,-44.174,-68.739,16.91543,0.31675,0.73064
1991.611,-44.147,-67.817,15.25657,1.97560,0.70896
1992.132,-43.981,-67.539,15.06335,2.16882,0.68516
1992.575,-43.827,-67.924,16.02771,1.20446,0.67195
1993.011,-43.745,-69.871,20.24599,-3.01382,0.70501
1993.636,-43.855,-70.219,20.80794,-3.57577,0.74425
1994.331,-44.021,-68.757,17.25135,-0.01918,0.74446
1994.759,-43.968,-69.763,19.48616,-2.25399,0.76919
1995.197,-44.088,-69.651,18.97345,-1.74128,0.78830
1995.636,-44.145,-70.656,21.16187,-3.92970,0.83141
1996.063,-44.361,-70.522,20.32724,-3.09507,0.86537
1996.700,-44.534,-70.971,20.98311,-3.75094,0.90653
1997.141,-44.748,-69.291,16.87128,0.36089,0.90257
1997.671,-44.724,-69.323,16.98065,0.25152,0.89981
1998.232,-44.717,-69.077,16.51955,0.71262,0.89199
1998.680,-44.652,-68.331,15.27491,1.95726,0.87052
1999.274,-44.523,-68.958,16.66245,0.56972,0.86427
1999.782,-44.507,-68.683,16.17301,1.05916,0.85264
2000.318,-44.460,-67.749,14.60338,2.62879,0.82380
2000.747,-44.318,-68.279,15.77793,1.45424,0.80784
2001.197,-44.241,-67.841,15.13556,2.09661,0.78484
2001.644,-44.154,-67.447,14.60895,2.62323,0.75606
2002.085,-44.015,-68.733,17.21481,0.01736,0.75587
2002.657,-44.069,-68.593,16.83487,0.39731,0.75151
2003.095,-44.067,-68.505,16.66781,0.56437,0.74531
2003.769,-44.062,-69.435,18.56458,-1.33241,0.75993
2004.403,-44.206,-69.147,17.66166,-0.42948,0.76465
2004.910,-44.264,-70.797,21.21482,-3.98265,0.80834
2005.334,-44.535,-69.474,17.65836,-0.42619,0.81302
2005.789,-44.605,-69.713,18.00424,-0.77207,0.82149
2006.336,-44.643,-69.173,16.84695,0.38522,0.81727
2006.775,-44.653,-68.821,16.15946,1.07271,0.80550
2007.371,-44.602,-68.586,15.82048,1.41169,0.79001
2007.989,-44.548,-67.730,14.42334,2.80883,0.75919
2008.420,-44.308,-68.470,16.14695,1.08522,0.74728
2008.838,-44.235,-68.450,16.24663,0.98555,0.73647
2009.283,-44.173,-67.685,14.98352,2.24865,0.71179
2009.715,-44.058,-67.676,15.16678,2.06539,0.68913
2010.168,-43.876,-67.760,15.63839,1.59378,0.67164
2010.746,-43.748,-67.863,16.06016,1.17201,0.65878
2011.166,-43.667,-69.389,19.32357,-2.09140,0.68173
2011.667,-43.768,-68.864,17.97968,-0.74751,0.68993
2012.136,-43.749,-69.455,19.28859,-2.05642,0.71250
2012.663,-43.823,-68.495,17.12313,0.10904,0.71130
2013.120,-43.793,-70.227,20.97641,-3.74424,0.75238
2013.548,-43.984,-69.519,18.91175,-1.67958,0.77081
2014.201,-44.065,-69.816,19.38947,-2.15730,0.79448
2014.647,-44.133,-70.172,20.04185,-2.80968,0.82531
2015.094,-44.301,-69.373,17.93155,-0.69938,0.83298
2015.529,-44.335,-70.191,19.62380,-2.39163,0.85923
2016.115,-44.449,-70.071,19.10207,-1.86990,0.87974
2016.667,-44.567,-68.860,16.39262,0.83956,0.87053
2017.273,-44.531,-68.334,15.49240,1.73977,0.85144
2017.709,-44.420,-68.045,15.18011,2.05207,0.82893
2018.143,-44.305,-68.712,16.60959,0.62258,0.82210
2018.583,-44.262,-69.001,17.25775,-0.02557,0.82238
2019.017,-44.292,-68.039,15.39329,1.83888,0.80220
2019.462,-44.214,-68.135,15.70689,1.52528,0.78546
2020.066,-44.163,-68.407,16.30150,0.93068,0.77525
2020.554,-44.140,-68.397,16.32464,0.90753,0.76529
2020.994,-44.102,-69.105,17.78857,-0.55640,0.77140
2021.602,-44.176,-68.538,16.52389,0.70828,0.76363
2022.293,-44.169,-69.068,17.57821,-0.34604,0.76742
2023.154,-44.259,-70.242,19.91437,-2.68220,0.79685
2023.616,-44.457,-71.018,21.28452,-4.05234,0.84132
2024.050,-44.750,-68.606,15.58860,1.64357,0.82328
2024.490,-44.675,-69.402,17.23382,-0.00165,0.82330
2025.036,-44.691,-69.612,17.62209,-0.38992,0.82758
2025.475,-44.722,-68.539,15.51969,1.71248,0.80879
2026.033,-44.648,-69.183,16.85737,0.37480,0.80468
2026.463,-44.588,-68.216,15.18401,2.04816,0.78221
2026.893,-44.458,-67.467,14.13932,3.09285,0.74827
2027.330,-44.261,-68.658,16.58877,0.64340,0.74121
2027.766,-44.207,-68.688,16.74999,0.48218,0.73592
2028.364,-44.143,-67.419,14.58268,2.64949,0.70685
2028.983,-43.932,-67.820,15.64552,1.58665,0.68944
2029.521,-43.841,-68.122,16.37131,0.86086,0.67999
2030.098,-43.756,-69.783,20.01510,-2.78293,0.71053
2030.723,-43.819,-68.791,17.72502,-0.49285,0.71594
2031.264,-43.821,-68.852,17.84596,-0.61378,0.72267
2031.815,-43.838,-70.880,22.49612,-5.26395,0.78043
2032.256,-44.091,-69.986,19.71360,-2.48143,0.80766
2032.869,-44.201,-70.033,19.57011,-2.33793,0.83331
2033.586,-44.310,-69.968,19.18304,-1.95087,0.85471
2034.120,-44.422,-69.272,17.47864,-0.24647,0.85742
2034.553,-44.438,-69.994,18.95938,-1.72720,0.87637
2034.994,-44.548,-69.530,17.74510,-0.51293,0.88200
2035.546,-44.600,-68.177,15.09658,2.13559,0.85856
2036.145,-44.471,-68.378,15.67922,1.55296,0.84153
2036.637,-44.402,-68.580,16.17701,1.05516,0.82995
2037.273,-44.352,-68.513,16.14458,1.08759,0.81801
2037.876,-44.309,-68.260,15.75988,1.47229,0.80186
2038.393,-44.249,-68.134,15.63984,1.59234,0.78439
2038.997,-44.183,-68.472,16.38557,0.84660,0.77510
2039.469,-44.170,-69.077,17.59165,-0.35948,0.77904
2040.030,-44.236,-69.002,17.30967,-0.07750,0.77989
2040.647,-44.271,-69.486,18.22997,-0.99780,0.79084
2041.225,-44.395,-69.458,17.91049,-0.67832,0.79829
2041.674,-44.449,-69.732,18.37220,-1.14003,0.81079
2042.211,-44.594,-69.586,17.76694,-0.53477,0.81666
2042.751,-44.622,-68.902,16.36819,0.86398,0.80718
2043.194,-44.588,-69.841,18.30911,-1.07694,0.81900
2043.825,-44.680,-68.953,16.35496,0.87722,0.80937
2044.288,-44.637,-68.244,15.14781,2.08437,0.78650
2044.718,-44.483,-68.388,15.67760,1.55457,0.76945
2045.355,-44.354,-67.976,15.17471,2.05746,0.74687
2045.965,-44.240,-67.666,14.83645,2.39572,0.72058
2046.394,-44.074,-68.481,16.60976,0.62242,0.71375
2046.812,-44.006,-68.043,15.91694,1.31523,0.69932
2047.251,-43.888,-67.489,15.13834,2.09383,0.67635
2047.814,-43.751,-68.910,18.11089,-0.87872,0.68599
2048.372,-43.772,-70.047,20.59448,-3.36231,0.72288
2048.805,-43.911,-69.442,18.90272,-1.67055,0.74121
2049.241,-43.991,-68.389,16.59194,0.64023,0.73419
2049.650,-43.924,-70.076,20.30536,-3.07319,0.76791
2050.080,-44.089,-70.519,20.96644,-3.73427,0.80888
2050.512,-44.266,-70.282,19.98886,-2.75668,0.83913
2050.964,-44.412,-69.994,19.01439,-1.78221,0.85868
2051.406,-44.486,-69.290,17.38429,-0.15212,0.86035
2051.850,-44.476,-70.077,19.05514,-1.82297,0.88035
2052.275,-44.592,-70.002,18.64153,-1.40936,0.89582
2052.718,-44.684,-69.335,17.08301,0.14916,0.89418
2053.141,-44.650,-68.900,16.31170,0.92047,0.88408
2053.842,-44.594,-68.778,16.18840,1.04377,0.87263
2054.482,-44.546,-68.628,16.00000,1.23218,0.85911
2054.907,-44.472,-68.510,15.91945,1.31272,0.84471
2055.346,-44.442,-68.765,16.45035,0.78182,0.83613
2055.916,-44.401,-68.219,15.52044,1.71173,0.81735
2056.419,-44.301,-67.640,14.68863,2.54354,0.78944
2057.029,-44.186,-67.969,15.45713,1.77504,0.76996
2057.523,-44.131,-69.252,18.03304,-0.80087,0.77875
2057.966,-44.200,-69.047,17.47210,-0.23993,0.78138
2058.396,-44.245,-69.241,17.77392,-0.54175,0.78733
2058.837,-44.305,-68.647,16.48532,0.74685,0.77913
2059.273,-44.288,-69.143,17.48887,-0.25670,0.78195
2059.904,-44.361,-69.316,17.69141,-0.45924,0.78699
2060.365,-44.420,-70.514,20.17135,-2.93918,0.81924
2060.794,-44.646,-69.563,17.61399,-0.38182,0.82343
2061.241,-44.678,-69.787,18.00785,-0.77568,0.83194
2061.851,-44.762,-68.964,16.22128,1.01089,0.82084
2062.340,-44.713,-69.158,16.68354,0.54863,0.81483
2062.775,-44.672,-67.719,14.20151,3.03067,0.78157
2063.385,-44.465,-67.961,14.95568,2.27649,0.75659
2063.859,-44.295,-68.298,15.85503,1.37714,0.74148
2064.300,-44.221,-68.654,16.65916,0.57302,0.73520
2064.744,-44.149,-68.090,15.74001,1.49216,0.71882
2065.337,-44.033,-67.879,15.57165,1.66052,0.70060
2065.842,-43.915,-68.621,17.19070,0.04147,0.70015
2066.257,-43.879,-69.557,19.22723,-1.99506,0.72204
2066.721,-43.967,-69.420,18.73417,-1.50200,0.73852
2067.267,-43.987,-68.219,16.27825,0.95392,0.72805
2067.807,-43.897,-69.115,18.23455,-1.00238,0.73905
2068.410,-43.930,-70.499,21.30484,-4.07267,0.78374
2068.890,-44.126,-70.604,21.08228,-3.85011,0.82598
2069.334,-44.331,-70.855,21.19286,-3.96069,0.86944
2069.763,-44.578,-70.571,19.93681,-2.70464,0.89912
2070.309,-44.734,-69.563,17.43561,-0.20344,0.90135
2070.746,-44.723,-70.319,19.04586,-1.81369,0.92125
2071.197,-44.840,-70.568,19.33818,-2.10601,0.94436
2071.637,-44.975,-69.403,16.64902,0.58315,0.93796
2072.178,-44.935,-68.213,14.58373,2.64844,0.90890
2072.616,-44.779,-67.491,13.66420,3.56798,0.86975
2073.155,-44.556,-68.744,16.19577,1.03640,0.85838
2073.725,-44.513,-67.829,14.64800,2.58417,0.83002
2074.158,-44.361,-68.006,15.21461,2.01757,0.80789
2074.824,-44.257,-68.086,15.53931,1.69286,0.78931
2075.250,-44.192,-68.278,16.00651,1.22566,0.77586
2075.679,-44.134,-69.361,18.25423,-1.02205,0.78708
2076.278,-44.241,-69.362,18.03295,-0.80078,0.79586
2076.898,-44.352,-69.711,18.53485,-1.30267,0.81016
2077.321,-44.467,-69.988,18.88112,-1.64895,0.82825
2077.752,-44.618,-70.309,19.25429,-2.02212,0.85044
2078.443,-44.795,-69.141,16.49240,0.73977,0.84232
2078.950,-44.772,-68.673,15.67002,1.56215,0.82518
2079.388,-44.695,-68.989,16.39331,0.83886,0.81598
2079.828,-44.644,-68.796,16.12759,1.10458,0.80386
2080.274,-44.600,-69.247,17.07340,0.15877,0.80211
2080.816,-44.605,-69.201,16.97299,0.25918,0.79927
2081.252,-44.588,-68.183,15.12568,2.10650,0.77616
2081.706,-44.433,-67.749,14.64779,2.58438,0.74780
2082.337,-44.256,-68.331,15.98605,1.24612,0.73413
2082.791,-44.162,-67.876,15.33529,1.89688,0.71331
2083.354,-44.011,-68.534,16.83210,0.40007,0.70893
2083.781,-43.948,-67.381,14.84807,2.38410,0.68277
2084.377,-43.785,-68.425,17.06186,0.17031,0.68090
2084.863,-43.753,-70.007,20.54555,-3.31338,0.71725
2085.413,-43.898,-69.499,19.05773,-1.82556,0.73728
2085.852,-43.961,-69.461,18.83700,-1.60483,0.75489
2086.286,-44.021,-69.823,19.50309,-2.27092,0.77981
2086.927,-44.124,-69.915,19.47816,-2.24599,0.80445
2087.643,-44.196,-70.139,19.82290,-2.59073,0.83288
2088.253,-44.337,-68.746,16.61137,0.62080,0.82607
2088.690,-44.286,-70.304,19.99396,-2.76179,0.85637
2089.288,-44.425,-69.987,18.97079,-1.73861,0.87545
2089.781,-44.555,-69.796,18.28417,-1.05200,0.88699
2090.411,-44.614,-68.205,15.12050,2.11167,0.86382
2090.893,-44.510,-68.452,15.74240,1.48977,0.84747
2091.322,-44.401,-67.805,14.79892,2.43325,0.82078
2091.950,-44.281,-68.054,15.44118,1.79099,0.80112
2092.673,-44.201,-68.380,16.17973,1.05244,0.78958
2093.366,-44.190,-68.185,15.84010,1.39207,0.77430
2094.011,-44.145,-69.052,17.59408,-0.36191,0.77827
2094.709,-44.200,-68.453,16.31677,0.91541,0.76823
2095.141,-44.191,-68.695,16.79620,0.43597,0.76345
2095.683,-44.191,-69.223,17.84937,-0.61719,0.77022
2096.253,-44.272,-69.975,19.28203,-2.04986,0.79271
2096.788,-44.429,-70.108,19.22869,-1.99652,0.81462
2097.370,-44.573,-69.883,18.42750,-1.19533,0.82773
2097.793,-44.699,-68.684,15.82198,1.41019,0.81226
2098.414,-44.620,-69.695,17.93539,-0.70322,0.81997
2098.847,-44.699,-68.297,15.13109,2.10108,0.79692
2099.292,-44.570,-68.105,15.02311,2.20907,0.77268
2099.741,-44.406,-68.555,16.12202,1.11015,0.76050
2100.352,-44.325,-67.638,14.64300,2.58917,0.73209
2100.824,-44.176,-68.856,17.13890,0.09327,0.73107
2101.274,-44.156,-68.704,16.88212,0.35005,0.72723
2101.715,-44.096,-68.477,16.55935,0.67282,0.71985
2102.143,-44.009,-67.683,15.26412,1.96805,0.69825
2102.586,-43.871,-68.751,17.53942,-0.30724,0.70162
2103.021,-43.874,-69.714,19.58965,-2.35748,0.72749
2103.459,-43.983,-69.845,19.63838,-2.40621,0.75389
2104.033,-44.047,-68.782,17.24767,-0.01550,0.75406
2104.550,-44.029,-69.579,18.94673,-1.71456,0.77287
2104.984,-44.082,-69.431,18.51186,-1.27969,0.78691
2105.435,-44.141,-71.026,22.09166,-4.85949,0.84023
2105.866,-44.405,-70.001,19.04425,-1.81208,0.86012
2106.311,-44.508,-70.251,19.37127,-2.13910,0.88359
2106.903,-44.624,-69.912,18.38254,-1.15037,0.89621
2107.398,-44.681,-69.906,18.24980,-1.01763,0.90738
2107.843,-44.746,-70.452,19.28957,-2.05740,0.92995
2108.443,-44.876,-69.078,16.22189,1.01028,0.91887
2109.046,-44.827,-68.742,15.69469,1.53748,0.90200
2109.582,-44.743,-68.047,14.62825,2.60392,0.87342
2110.014,-44.583,-68.096,14.98591,2.24626,0.84878
2110.463,-44.466,-67.710,14.52758,2.70459,0.81910
2111.102,-44.317,-67.508,14.43868,2.79349,0.78845
2111.662,-44.168,-68.510,16.48626,0.74591,0.78027
2112.234,-44.174,-69.562,18.59637,-1.36420,0.79524
2112.857,-44.292,-69.410,18.02522,-0.79305,0.80394
2113.467,-44.384,-68.747,16.52656,0.70561,0.79619
2113.964,-44.379,-68.874,16.77800,0.45417,0.79121
2114.383,-44.394,-70.657,20.56642,-3.33425,0.82780
2114.943,-44.665,-69.665,17.78368,-0.55151,0.83385
2115.409,-44.707,-69.142,16.66279,0.56938,0.82760
2115.933,-44.683,-69.756,17.93317,-0.70100,0.83529
2116.637,-44.771,-69.523,17.28285,-0.05068,0.83585
2117.249,-44.797,-68.788,15.83173,1.40044,0.82048
2117.796,-44.709,-67.963,14.54466,2.68751,0.79099
2118.329,-44.534,-68.047,14.98391,2.24826,0.76632
2118.765,-44.363,-68.757,16.58400,0.64818,0.75921
2119.410,-44.301,-68.545,16.30035,0.93182,0.74899
2120.007,-44.223,-67.459,14.51432,2.71785,0.71917
2120.616,-44.019,-67.574,15.05663,2.17554,0.69530
2121.065,-43.859,-69.043,18.16332,-0.93115,0.70551
2121.615,-43.878,-69.901,20.00646,-2.77428,0.73595
2122.050,-43.979,-68.909,17.64041,-0.40824,0.74043
2122.762,-43.969,-68.375,16.60735,0.62482,0.73358
2123.249,-43.892,-70.528,21.46972,-4.23755,0.78007
2123.812,-44.090,-70.856,21.79061,-4.55844,0.83009
2124.233,-44.351,-69.964,19.08248,-1.85031,0.85039
2124.790,-44.436,-69.307,17.52035,-0.28817,0.85355
2125.432,-44.446,-70.077,19.12373,-1.89156,0.87431
2126.049,-44.528,-69.542,17.81092,-0.57875,0.88066
2126.699,-44.591,-68.288,15.30629,1.92588,0.85953
2127.395,-44.459,-68.202,15.38721,1.84496,0.83928
2127.842,-44.361,-67.917,15.05958,2.17259,0.81545
2128.302,-44.235,-68.976,17.26177,-0.02960,0.81577
2128.728,-44.236,-68.057,15.52461,1.70757,0.79703
2129.324,-44.166,-67.454,14.60094,2.63123,0.76816
2129.829,-44.045,-68.076,15.90673,1.32544,0.75362
2130.461,-44.022,-69.665,19.14888,-1.91671,0.77465
2131.022,-44.160,-68.961,17.37879,-0.14661,0.77626
2131.460,-44.208,-68.383,16.17010,1.06208,0.76461
2131.899,-44.184,-68.745,16.90519,0.32698,0.76102
2132.342,-44.193,-69.811,19.09498,-1.86281,0.78146
2132.759,-44.325,-69.511,18.16644,-0.93427,0.79171
2133.311,-44.421,-69.951,18.90118,-1.66901,0.81002
2133.946,-44.582,-69.916,18.47940,-1.24723,0.82371
2134.542,-44.675,-69.499,17.42544,-0.19327,0.82583
2134.962,-44.733,-68.694,15.77729,1.45488,0.80986
2135.391,-44.637,-68.568,15.72514,1.50703,0.79333
2135.826,-44.558,-68.399,15.56261,1.66956,0.77501
2136.276,-44.432,-67.588,14.38054,2.85163,0.74372
2136.712,-44.234,-67.478,14.52673,2.70545,0.71404
2137.143,-44.055,-67.630,15.09307,2.13910,0.69057
2137.808,-43.915,-67.749,15.54765,1.68452,0.67208
2138.248,-43.805,-68.772,17.71466,-0.48249,0.67738
2138.790,-43.772,-68.157,16.56794,0.66423,0.67009
2139.352,-43.723,-69.356,19.12764,-1.89547,0.69089
2139.774,-43.797,-69.363,18.98020,-1.74803,0.71007
2140.391,-43.839,-69.380,18.92753,-1.69536,0.72867
2140.867,-43.887,-69.585,19.27186,-2.03969,0.75105
2141.295,-43.985,-69.005,17.82445,-0.59228,0.75755
2141.849,-43.990,-70.024,20.03123,-2.79906,0.78826
2142.290,-44.133,-70.021,19.69639,-2.46422,0.81530
2142.731,-44.240,-69.685,18.71749,-1.48532,0.83159
2143.354,-44.303,-70.035,19.34671,-2.11454,0.85480
2143.969,-44.411,-70.236,19.55490,-2.32273,0.88028
2144.481,-44.570,-69.410,17.45656,-0.22439,0.88274
2145.022,-44.583,-69.580,17.77749,-0.54532,0.88873
2145.457,-44.618,-68.548,15.72309,1.50908,0.87217
2145.889,-44.529,-68.252,15.35202,1.88015,0.85154
2146.345,-44.433,-67.956,15.00182,2.23035,0.82707
2146.781,-44.322,-68.028,15.32113,1.91104,0.80610
2147.351,-44.212,-67.942,15.36356,1.86861,0.78560
2147.866,-44.133,-68.006,15.61898,1.61319,0.76790
2148.305,-44.059,-68.641,16.94696,0.28521,0.76477
2148.889,-44.056,-68.541,16.75932,0.47285,0.75958
2149.310,-44.072,-68.793,17.21948,0.01269,0.75944
2149.737,-44.106,-69.382,18.35752,-1.12535,0.77179
2150.182,-44.209,-68.617,16.61022,0.62195,0.76496
2150.695,-44.202,-70.496,20.64066,-3.40849,0.80236
2151.147,-44.436,-70.246,19.52053,-2.28836,0.82747
2151.678,-44.597,-69.950,18.52114,-1.28897,0.84161
2152.232,-44.760,-68.675,15.69565,1.53652,0.82475
2152.874,-44.685,-68.444,15.41471,1.81746,0.80481
2153.315,-44.580,-69.924,18.50237,-1.27020,0.81875
2153.887,-44.685,-68.866,16.18315,1.04902,0.80724
2154.520,-44.596,-67.596,14.12621,3.10596,0.77316
2155.131,-44.390,-68.251,15.59762,1.63455,0.75522
2155.745,-44.285,-67.441,14.38197,2.85020,0.72395
2156.359,-44.091,-67.944,15.58285,1.64932,0.70585
2156.829,-43.952,-68.382,16.65189,0.58028,0.69949
2157.274,-43.893,-67.708,15.51617,1.71600,0.68066
2157.696,-43.777,-68.273,16.77907,0.45310,0.67569
2158.146,-43.741,-69.951,20.44056,-3.20838,0.71089
2158.773,-43.880,-68.714,17.44678,-0.21461,0.71325
2159.347,-43.816,-69.698,19.68236,-2.45019,0.74013
2159.880,-43.932,-69.300,18.55147,-1.31930,0.75460
2160.328,-43.984,-69.604,19.09920,-1.86703,0.77509
2160.777,-44.046,-70.570,21.19375,-3.96158,0.81856
2161.308,-44.260,-70.298,20.04007,-2.80789,0.84937
2161.896,-44.409,-68.909,16.78724,0.44493,0.84448
2162.510,-44.365,-69.572,18.21137,-0.97920,0.85523
2162.956,-44.408,-70.153,19.37521,-2.14304,0.87874
2163.396,-44.542,-68.845,16.41123,0.82094,0.86974
2164.044,-44.492,-69.003,16.80834,0.42383,0.86509
2164.734,-44.486,-68.022,15.02592,2.20625,0.84088
2165.171,-44.371,-68.624,16.31877,0.91341,0.83086
2165.591,-44.354,-68.398,15.93014,1.30203,0.81657
2166.022,-44.289,-68.254,15.78429,1.44788,0.80068
2166.451,-44.238,-68.274,15.91339,1.31878,0.78621
2166.901,-44.176,-67.994,15.52102,1.71115,0.76744
2167.317,-44.107,-68.435,16.46023,0.77194,0.75897
2167.939,-44.075,-69.411,18.48479,-1.25261,0.77271
2168.552,-44.221,-69.535,18.43734,-1.20517,0.78593
2169.086,-44.325,-70.171,19.60264,-2.37047,0.81194
2169.678,-44.527,-70.772,20.52265,-3.29048,0.84805
2170.388,-44.797,-69.903,18.00091,-0.76874,0.85648
2170.831,-44.860,-68.744,15.63826,1.59392,0.83899
2171.275,-44.792,-68.518,15.35638,1.87579,0.81841
2171.721,-44.674,-68.932,16.32680,0.90537,0.80848
2172.148,-44.624,-69.462,17.45585,-0.22367,0.81093
2172.716,-44.631,-68.262,15.18862,2.04355,0.78851
2173.258,-44.508,-67.254,13.71834,3.51383,0.74996
2173.865,-44.253,-68.169,15.69767,1.53450,0.73312
2174.337,-44.148,-68.155,15.86105,1.37112,0.71807
2174.770,-44.044,-67.572,15.00994,2.22224,0.69369
2175.324,-43.868,-67.482,15.15991,2.07226,0.67095
2175.778,-43.727,-67.766,15.92097,1.31120,0.65657
2176.204,-43.633,-69.029,18.61227,-1.38009,0.67171
2176.629,-43.696,-69.146,18.72738,-1.49521,0.68812
2177.348,-43.681,-68.840,18.10936,-0.87719,0.69774
2177.827,-43.692,-69.555,19.63925,-2.40708,0.72415
2178.264,-43.831,-70.398,21.29877,-4.06660,0.76877
2178.718,-44.034,-70.108,20.12380,-2.89163,0.80050
2179.298,-44.168,-69.955,19.46873,-2.23656,0.82504
2179.992,-44.291,-69.943,19.16888,-1.93671,0.84629
2180.641,-44.381,-69.461,17.94661,-0.71444,0.85413
2181.105,-44.425,-69.712,18.37945,-1.14728,0.86672
2181.551,-44.495,-69.258,17.30521,-0.07304,0.86752
2181.985,-44.500,-67.973,14.91554,2.31663,0.84210
2182.571,-44.348,-67.696,14.70297,2.52921,0.81435
2183.205,-44.199,-67.884,15.28375,1.94842,0.79297
2183.805,-44.111,-67.784,15.26308,1.96909,0.77136
2184.296,-44.011,-67.764,15.40338,1.82879,0.75130
2184.726,-43.952,-68.362,16.61414,0.61803,0.74452
2185.344,-43.941,-68.611,17.12107,0.11110,0.74330
2185.948,-43.975,-68.455,16.74907,0.48310,0.73800
2186.464,-43.982,-68.321,16.48008,0.75210,0.72975
2187.091,-44.002,-69.062,17.90473,-0.67256,0.73712
2187.558,-44.071,-70.815,21.73734,-4.50517,0.78656
2187.992,-44.365,-70.106,19.36506,-2.13289,0.80996
2188.554,-44.553,-69.363,17.39943,-0.16726,0.81179
2188.983,-44.597,-68.652,15.94852,1.28366,0.79771
2189.639,-44.552,-68.586,15.91147,1.32070,0.78322
2190.073,-44.444,-69.907,18.75625,-1.52408,0.79994
2190.529,-44.579,-69.357,17.33562,-0.10345,0.80108
2190.966,-44.582,-67.813,14.50706,2.72511,0.77118
2191.392,-44.421,-68.360,15.73846,1.49371,0.75479
2191.838,-44.309,-68.514,16.22865,1.00352,0.74378
2192.275,-44.222,-67.713,14.94749,2.28468,0.71871
2192.804,-44.086,-68.711,17.03127,0.20090,0.71650
2193.358,-44.025,-67.957,15.72608,1.50609,0.69998
2193.805,-43.890,-67.620,15.36332,1.86885,0.67947
2194.238,-43.779,-68.351,16.92642,0.30575,0.67612
2194.681,-43.735,-69.721,19.92052,-2.68834,0.70561
2195.271,-43.823,-69.726,19.72989,-2.49772,0.73302
2195.889,-43.904,-69.461,18.96076,-1.72859,0.75199
2196.328,-44.000,-70.106,20.19785,-2.96568,0.78453
2196.868,-44.131,-70.434,20.66134,-3.42917,0.82215
2197.309,-44.297,-69.948,19.16758,-1.93541,0.84339
2197.844,-44.408,-70.043,19.13330,-1.90113,0.86425
2198.274,-44.516,-70.297,19.45497,-2.22280,0.88864
2198.720,-44.628,-69.894,18.33647,-1.10430,0.90075
2199.168,-44.690,-69.603,17.60392,-0.37174,0.90483
2199.713,-44.725,-69.171,16.68538,0.54679,0.89883
2200.143,-44.680,-69.181,16.79083,0.44134,0.89399
2200.582,-44.669,-67.701,14.17769,3.05448,0.86048
2201.024,-44.483,-68.836,16.50477,0.72740,0.85250
2201.455,-44.441,-68.369,15.71687,1.51531,0.83587
2202.001,-44.356,-68.438,15.99929,1.23288,0.82234
2202.444,-44.315,-67.399,14.26267,2.96950,0.78976
2203.059,-44.174,-67.517,14.69429,2.53788,0.76191
2203.668,-44.051,-68.132,15.99664,1.23553,0.74836
2204.168,-44.001,-68.641,17.05981,0.17236,0.74647
2204.729,-44.048,-69.411,18.54111,-1.30894,0.76083
2205.284,-44.145,-69.882,19.35842,-2.12625,0.78416
2205.834,-44.324,-70.261,19.80791,-2.57574,0.81242
2206.275,-44.509,-70.124,19.08758,-1.85541,0.83278
2206.710,-44.696,-69.940,18.28951,-1.05734,0.84438
2207.144,-44.766,-68.715,15.75604,1.47613,0.82818
2207.679,-44.727,-69.745,17.81836,-0.58619,0.83461
2208.282,-44.770,-69.881,18.01241,-0.78024,0.84317
2208.711,-44.842,-68.279,14.85404,2.37813,0.81708
2209.316,-44.695,-68.533,15.55684,1.67533,0.79870
2209.787,-44.555,-67.194,13.55038,3.68180,0.75830
2210.323,-44.318,-68.307,15.82808,1.40409,0.74290
2210.754,-44.227,-67.879,15.22808,2.00410,0.72091
2211.309,-44.074,-68.194,16.06867,1.16350,0.70814
2211.846,-43.958,-68.429,16.73183,0.50034,0.70265
2212.296,-43.908,-67.621,15.33328,1.89889,0.68181
2212.723,-43.786,-68.978,18.18035,-0.94818,0.69222
2213.157,-43.817,-69.165,18.50985,-1.27768,0.70624
2213.809,-43.810,-69.269,18.74658,-1.51441,0.72285
2214.421,-43.872,-69.296,18.67273,-1.44056,0.73866
2215.012,-43.898,-71.178,23.11942,-5.88724,0.80326
2215.649,-44.202,-69.933,19.34294,-2.11077,0.82642
2216.275,-44.301,-70.115,19.52846,-2.29629,0.85161
2216.781,-44.419,-70.005,19.02265,-1.79048,0.87126
2217.388,-44.522,-70.018,18.82759,-1.59542,0.88876
2217.864,-44.607,-69.087,16.74976,0.48241,0.88347
2218.512,-44.591,-68.136,15.04000,2.19217,0.85942
2219.135,-44.449,-68.149,15.31130,1.92087,0.83834
2219.723,-44.358,-67.807,14.87395,2.35822,0.81247
2220.354,-44.242,-67.932,15.29451,1.93766,0.79120
2220.932,-44.142,-68.435,16.39214,0.84003,0.78199
2221.375,-44.125,-68.256,16.09029,1.14188,0.76946
2221.947,-44.082,-68.212,16.08855,1.14362,0.75691
2222.514,-44.056,-69.035,17.74002,-0.50785,0.76248
2223.123,-44.116,-68.342,16.26557,0.96660,0.75188
2223.550,-44.107,-68.915,17.39423,-0.16206,0.75366
2224.138,-44.122,-69.244,18.03439,-0.80222,0.76246
2224.662,-44.235,-70.945,21.65241,-4.42024,0.81096
2225.098,-44.532,-69.992,18.75066,-1.51849,0.82762
2225.524,-44.689,-68.957,16.34622,0.88595,0.81790
2225.967,-44.614,-68.857,16.29813,0.93404,0.80765
2226.508,-44.610,-69.714,17.99788,-0.76571,0.81605
2227.067,-44.675,-69.459,17.34573,-0.11356,0.81730
2227.500,-44.701,-68.146,14.86757,2.36461,0.79135
2228.038,-44.526,-68.380,15.58458,1.64759,0.77327
2228.672,-44.384,-68.798,16.62229,0.60988,0.76658
2229.129,-44.343,-67.806,14.89882,2.33335,0.74098
2229.563,-44.199,-68.076,15.62702,1.60515,0.72337
2230.203,-44.053,-68.192,16.10322,1.12895,0.71098
2230.661,-43.930,-67.644,15.33648,1.89569,0.69018
2231.202,-43.814,-68.459,17.07061,0.16156,0.68841
2231.649,-43.784,-70.090,20.66824,-3.43607,0.72611
2232.086,-43.934,-68.306,16.54151,0.69066,0.71853
2232.623,-43.851,-69.282,18.68729,-1.45512,0.73450
2233.073,-43.921,-70.130,20.43879,-3.20662,0.76968
2233.657,-44.045,-70.845,21.87637,-4.64420,0.82064
2234.271,-44.297,-71.109,21.90705,-4.67487,0.87193
2234.711,-44.575,-70.558,19.91506,-2.68289,0.90137
2235.152,-44.729,-69.818,17.96671,-0.73454,0.90943
2235.778,-44.756,-69.884,18.04740,-0.81523,0.91837
2236.248,-44.797,-68.964,16.15603,1.07614,0.90657
2236.786,-44.718,-68.664,15.75070,1.48147,0.89031
2237.342,-44.623,-68.756,16.09293,1.13924,0.87781
2237.775,-44.577,-68.108,15.01516,2.21701,0.85349
2238.318,-44.445,-67.967,14.99911,2.23306,0.82898
2238.748,-44.366,-68.186,15.52500,1.70717,0.81025
2239.416,-44.249,-67.801,15.05242,2.17975,0.78634
2240.028,-44.176,-68.479,16.41111,0.82106,0.77733
2240.639,-44.156,-69.565,18.64037,-1.40820,0.79278
2241.259,-44.293,-68.987,17.16629,0.06588,0.79206
2241.822,-44.335,-69.083,17.27270,-0.04053,0.79250
2242.264,-44.349,-68.763,16.62239,0.60978,0.78581
2242.806,-44.351,-69.827,18.78478,-1.55261,0.80285
2243.245,-44.468,-70.065,19.04771,-1.81554,0.82277
2243.788,-44.647,-69.887,18.28019,-1.04802,0.83426
2244.422,-44.734,-69.848,18.01746,-0.78529,0.84288
2245.048,-44.826,-69.240,16.62202,0.61016,0.83619
2245.673,-44.785,-69.126,16.48283,0.74934,0.82796
2246.106,-44.744,-68.707,15.78161,1.45056,0.81205
2246.542,-44.634,-67.141,13.34549,3.88668,0.76940
2247.103,-44.382,-68.271,15.64739,1.58478,0.75201
2247.616,-44.256,-68.346,16.01379,1.21838,0.73865
2248.067,-44.187,-67.492,14.62975,2.60242,0.71009
2248.499,-44.000,-67.961,15.77691,1.45526,0.69412
2249.031,-43.861,-67.864,15.85382,1.37835,0.67900
2249.483,-43.761,-68.350,16.96058,0.27159,0.67602
2249.923,-43.707,-68.880,18.14112,-0.90895,0.68599
2250.360,-43.732,-70.088,20.78639,-3.55422,0.72499
2250.868,-43.894,-69.087,18.18194,-0.94976,0.73541
2251.326,-43.914,-69.189,18.35443,-1.12226,0.74773
2251.763,-43.950,-70.422,21.06688,-3.83471,0.78980
2252.412,-44.136,-70.400,20.56799,-3.33582,0.82640
2252.869,-44.298,-70.972,21.56333,-4.33116,0.87393
2253.416,-44.558,-70.290,19.34524,-2.11307,0.89711
2253.849,-44.686,-69.377,17.16097,0.07120,0.89633
2254.292,-44.663,-70.539,19.67098,-2.43881,0.92309
2254.718,-44.825,-68.779,15.76514,1.46703,0.90699
2255.283,-44.741,-68.043,14.62487,2.60731,0.87838
2255.723,-44.559,-67.818,14.55335,2.67882,0.84899
2256.148,-44.404,-68.281,15.62623,1.60594,0.83137
2256.582,-44.314,-67.765,14.87843,2.35374,0.80554
2257.033,-44.188,-67.941,15.40526,1.82691,0.78550
2257.465,-44.088,-67.758,15.25745,1.97472,0.76383
2257.895,-44.003,-68.202,16.21513,1.01705,0.75267
2258.563,-43.999,-67.755,15.40960,1.82257,0.73268
2258.979,-43.900,-68.793,17.56682,-0.33465,0.73635
2259.583,-43.942,-69.216,18.35175,-1.11958,0.74863
2260.202,-44.074,-69.382,18.42398,-1.19180,0.76171
2260.817,-44.175,-68.946,17.31958,-0.08741,0.76267
2261.283,-44.219,-69.938,19.31719,-2.08502,0.78554
2261.936,-44.388,-70.551,20.33174,-3.09957,0.81955
2262.564,-44.627,-68.965,16.47753,0.75464,0.81127
2263.174,-44.617,-69.725,18.00424,-0.77207,0.81975
2263.856,-44.681,-68.901,16.25590,0.97627,0.80903
2264.560,-44.621,-68.231,15.15312,2.07906,0.78622
2265.108,-44.462,-67.644,14.42456,2.80761,0.75542
2265.726,-44.292,-67.700,14.80557,2.42660,0.72879
2266.350,-44.124,-68.446,16.44725,0.78492,0.72018
2266.863,-44.051,-68.199,16.12113,1.11104,0.70799
2267.470,-43.914,-68.603,17.15766,0.07451,0.70717
2267.968,-43.906,-69.377,18.77404,-1.54187,0.72409
2268.400,-43.955,-69.607,19.16869,-1.93652,0.74534
2268.836,-44.015,-69.161,18.08432,-0.85215,0.75469
2269.274,-44.034,-68.418,16.56543,0.66674,0.74737
2269.717,-43.976,-69.190,18.22580,-0.99362,0.75827
2270.329,-43.988,-71.100,22.67704,-5.44487,0.81801
2270.929,-44.282,-70.635,20.77889,-3.54672,0.85693
2271.567,-44.479,-68.973,16.77556,0.45661,0.85192
2272.107,-44.427,-70.346,19.76806,-2.53589,0.87974
2272.543,-44.563,-70.631,20.10950,-2.87732,0.91132
2272.986,-44.775,-68.928,16.13028,1.10190,0.89923
2273.607,-44.711,-68.316,15.14415,2.08802,0.87631
2274.083,-44.555,-67.643,14.26855,2.96362,0.84380
2274.521,-44.375,-68.739,16.52747,0.70470,0.83606
2274.956,-44.360,-67.776,14.81867,2.41350,0.80958
2275.400,-44.230,-68.869,17.05880,0.17337,0.80768
2275.954,-44.219,-68.332,16.05664,1.17553,0.79478
2276.494,-44.173,-67.872,15.30862,1.92355,0.77368
2277.096,-44.127,-68.364,16.28817,0.94400,0.76332
2277.797,-44.071,-69.146,17.93704,-0.70487,0.77105
2278.241,-44.186,-69.531,18.50236,-1.27019,0.78499
2278.798,-44.297,-68.669,16.54209,0.69008,0.77742
2279.349,-44.300,-69.583,18.37079,-1.13861,0.78991
2279.886,-44.384,-70.921,21.22510,-3.99293,0.83372
2280.324,-44.685,-69.962,18.35869,-1.12652,0.84608
2280.755,-44.772,-69.311,16.86263,0.36954,0.84203
2281.189,-44.781,-69.001,16.25557,0.97660,0.83131
2281.741,-44.729,-68.487,15.41446,1.81772,0.81137
2282.308,-44.648,-69.344,17.17247,0.05970,0.81071
2282.842,-44.641,-68.444,15.49257,1.73960,0.79163
2283.373,-44.496,-66.988,13.32307,3.90910,0.74873
2283.926,-44.260,-68.672,16.61767,0.61450,0.74199
2284.657,-44.208,-67.933,15.35435,1.87782,0.72139
2285.293,-44.044,-67.635,15.11955,2.11262,0.69821
2285.873,-43.897,-67.510,15.15856,2.07361,0.67546
2286.335,-43.740,-69.323,19.01633,-1.78416,0.69503
2286.774,-43.817,-69.488,19.21064,-1.97847,0.71674
2287.318,-43.869,-68.965,17.98026,-0.74809,0.72495
2287.753,-43.878,-69.319,18.70827,-1.47610,0.74114
2288.203,-43.943,-69.288,18.50422,-1.27205,0.75510
2288.779,-43.984,-69.564,19.01190,-1.77973,0.77463
2289.388,-44.044,-69.647,19.06009,-1.82792,0.79469
2289.832,-44.131,-70.718,21.34614,-4.11397,0.83983
2290.284,-44.363,-70.203,19.58804,-2.35587,0.86568
2290.717,-44.495,-70.154,19.18569,-1.95352,0.88711
2291.144,-44.599,-69.579,17.74122,-0.50905,0.89270
2291.576,-44.650,-69.975,18.46132,-1.22915,0.90618
2292.023,-44.725,-67.831,14.29796,2.93421,0.87399
2292.461,-44.531,-67.422,13.94936,3.28282,0.83797
2293.061,-44.340,-67.712,14.74291,2.48926,0.81065
2293.588,-44.195,-68.429,16.28119,0.95098,0.80022
2294.287,-44.168,-68.082,15.69335,1.53882,0.78334
2294.844,-44.128,-67.724,15.12919,2.10298,0.76026
2295.296,-44.048,-68.711,17.10556,0.12661,0.75887
2295.943,-44.062,-69.639,19.00459,-1.77242,0.77832
2296.386,-44.201,-68.716,16.81600,0.41617,0.77375
2296.838,-44.222,-68.527,16.41474,0.81743,0.76478
2297.271,-44.176,-69.514,18.48945,-1.25728,0.77858
2297.721,-44.279,-69.621,18.49741,-1.26523,0.79246
2298.146,-44.397,-71.068,21.55605,-4.32388,0.83990
2298.679,-44.694,-69.254,16.90409,0.32809,0.83630
2299.241,-44.717,-68.865,16.12022,1.11195,0.82410
2299.673,-44.670,-69.097,16.64661,0.58556,0.81768
2300.248,-44.648,-68.525,15.62671,1.60546,0.80006
2300.666,-44.559,-69.112,16.88902,0.34315,0.79630
2301.264,-44.566,-68.309,15.38693,1.84524,0.77605
2301.855,-44.411,-67.425,14.14698,3.08519,0.74220
2302.292,-44.215,-68.425,16.23618,0.99600,0.73127
2302.722,-44.147,-68.831,17.14706,0.08511,0.73034
2303.265,-44.121,-67.637,14.99047,2.24170,0.70574
2303.710,-43.948,-68.412,16.71848,0.51369,0.70010
2304.151,-43.880,-67.982,16.03700,1.19517,0.68699
2304.684,-43.794,-69.251,18.74168,-1.50951,0.70355
2305.132,-43.855,-69.686,19.56760,-2.33542,0.72918
