timestamp_s,s1_dbm,s2_dbm,dir,probe_V,step_V,offset_V
0.878,-43.899,-72.670,→,0.1000,0.03781,4.73781
1.754,-56.114,-65.853,←,0.0200,0.00000,4.73781
2.634,-56.137,-65.982,←,0.0200,0.00000,4.73781
3.507,-56.070,-65.545,←,0.0200,0.00000,4.73781
4.389,-56.077,-65.802,←,0.0200,0.00000,4.73781
5.252,-56.038,-66.042,←,0.0200,0.00000,4.73781
6.132,-56.002,-66.162,←,0.0200,0.00000,4.73781
6.995,-56.066,-65.980,←,0.0200,0.00000,4.73781
7.882,-56.020,-65.208,←,0.0200,0.00000,4.73781
8.753,-56.011,-66.248,←,0.0200,0.00000,4.73781
9.630,-56.022,-66.065,←,0.0200,0.00000,4.73781
10.493,-55.995,-65.373,←,0.0200,0.00000,4.73781
11.387,-55.967,-65.307,←,0.0200,0.00000,4.73781
12.257,-55.958,-65.461,←,0.0200,0.00000,4.73781
13.137,-55.983,-66.149,←,0.0200,0.00000,4.73781
14.005,-55.971,-65.313,←,0.0200,0.00000,4.73781
14.879,-55.960,-65.906,←,0.0200,0.00000,4.73781
15.752,-56.025,-66.276,←,0.0200,0.00000,4.73781
16.633,-55.960,-65.455,←,0.0200,0.00000,4.73781
17.503,-55.930,-65.685,←,0.0200,0.00000,4.73781
18.370,-55.874,-65.329,←,0.0200,0.00000,4.73781
19.247,-55.923,-66.145,←,0.0200,0.00000,4.73781
20.122,-55.906,-65.766,←,0.0200,0.00000,4.73781
21.006,-55.927,-65.886,←,0.0200,0.00000,4.73781
21.875,-55.871,-65.903,←,0.0200,0.00000,4.73781
22.754,-55.880,-65.348,←,0.0200,0.00000,4.73781
23.635,-55.882,-65.647,←,0.0200,0.00000,4.73781
24.504,-55.873,-65.516,←,0.0200,0.00000,4.73781
25.369,-55.839,-65.552,←,0.0200,0.00000,4.73781
26.254,-55.931,-65.589,←,0.0200,0.00000,4.73781
27.126,-55.848,-66.040,←,0.0200,0.00000,4.73781
28.008,-55.841,-65.409,←,0.0200,0.00000,4.73781
28.879,-55.829,-65.571,←,0.0200,0.00202,4.73579
29.747,-55.799,-65.587,←,0.0200,0.00211,4.73368
30.633,-55.898,-65.440,←,0.0200,0.00000,4.73368
31.507,-55.796,-65.566,←,0.0200,0.00212,4.73156
32.383,-55.895,-65.654,←,0.0200,0.00000,4.73156
33.258,-55.820,-66.056,←,0.0200,0.00205,4.72951
34.128,-55.851,-66.229,←,0.0200,0.00000,4.72951
34.998,-55.842,-65.826,←,0.0200,0.00000,4.72951
35.877,-55.797,-65.253,←,0.0200,0.00212,4.72739
36.752,-55.890,-65.540,←,0.0200,0.00000,4.72739
37.630,-55.844,-65.978,←,0.0200,0.00000,4.72739
38.499,-55.847,-66.168,←,0.0200,0.00000,4.72739
39.375,-55.766,-65.669,←,0.0200,0.00221,4.72518
40.251,-55.833,-65.515,←,0.0200,0.00201,4.72317
41.125,-55.902,-66.165,←,0.0200,0.00000,4.72317
42.003,-55.784,-66.038,←,0.0200,0.00216,4.72101
42.879,-55.850,-65.500,←,0.0200,0.00000,4.72101
43.755,-55.820,-65.334,←,0.0200,0.00205,4.71896
44.629,-55.812,-65.982,←,0.0200,0.00207,4.71688
45.499,-55.886,-65.990,←,0.0200,0.00000,4.71688
46.375,-55.814,-65.312,←,0.0200,0.00207,4.71482
47.257,-55.816,-65.427,←,0.0200,0.00206,4.71276
48.123,-55.849,-65.534,←,0.0200,0.00000,4.71276
49.005,-55.819,-65.761,←,0.0200,0.00205,4.71070
49.885,-55.789,-65.979,←,0.0200,0.00214,4.70856
50.748,-55.896,-65.449,←,0.0200,0.00000,4.70856
51.625,-55.889,-66.076,←,0.0200,0.00000,4.70856
52.495,-55.855,-65.751,←,0.0200,0.00000,4.70856
53.378,-55.843,-65.662,←,0.0200,0.00000,4.70856
54.245,-55.848,-65.596,←,0.0200,0.00000,4.70856
55.130,-55.878,-65.237,←,0.0200,0.00000,4.70856
56.001,-55.771,-65.550,←,0.0200,0.00220,4.70636
56.878,-55.831,-66.253,←,0.0200,0.00202,4.70435
57.747,-55.870,-65.478,←,0.0200,0.00000,4.70435
58.628,-55.865,-65.467,←,0.0200,0.00000,4.70435
59.505,-55.851,-65.582,←,0.0200,0.00000,4.70435
60.375,-55.793,-65.893,←,0.0200,0.00213,4.70222
61.248,-55.836,-65.457,←,0.0200,0.00200,4.70022
62.131,-55.794,-65.947,←,0.0200,0.00213,4.69809
63.007,-55.868,-65.796,←,0.0200,0.00000,4.69809
63.883,-55.835,-65.558,←,0.0200,0.00201,4.69608
64.757,-55.892,-65.736,←,0.0200,0.00000,4.69608
65.628,-55.825,-65.575,←,0.0200,0.00203,4.69405
66.501,-55.884,-65.383,←,0.0200,0.00000,4.69405
67.378,-55.828,-65.656,←,0.0200,0.00203,4.69202
68.248,-55.828,-66.101,←,0.0200,0.00203,4.69000
69.123,-55.835,-66.161,←,0.0200,0.00201,4.68799
69.998,-55.934,-65.620,←,0.0200,0.00000,4.68799
70.880,-55.861,-66.144,←,0.0200,0.00000,4.68799
71.751,-55.905,-65.479,←,0.0200,0.00000,4.68799
72.628,-55.953,-66.074,←,0.0200,0.00000,4.68799
73.503,-55.836,-66.185,←,0.0200,0.00200,4.68599
74.373,-55.900,-65.945,←,0.0200,0.00000,4.68599
75.259,-55.864,-65.752,←,0.0200,0.00000,4.68599
76.126,-55.867,-65.338,←,0.0200,0.00000,4.68599
77.007,-55.845,-65.422,←,0.0200,0.00000,4.68599
77.874,-55.864,-66.203,←,0.0200,0.00000,4.68599
78.750,-55.809,-65.388,←,0.0200,0.00208,4.68391
79.632,-55.883,-66.255,←,0.0200,0.00000,4.68391
80.511,-55.892,-65.833,←,0.0200,0.00000,4.68391
81.385,-55.854,-65.849,←,0.0200,0.00000,4.68391
82.248,-55.875,-65.682,←,0.0200,0.00000,4.68391
83.125,-55.891,-65.839,←,0.0200,0.00000,4.68391
84.002,-55.855,-66.276,←,0.0200,0.00000,4.68391
84.882,-55.811,-65.382,←,0.0200,0.00208,4.68183
85.753,-55.891,-65.673,←,0.0200,0.00000,4.68183
86.623,-55.891,-65.565,←,0.0200,0.00000,4.68183
87.498,-55.822,-65.381,←,0.0200,0.00204,4.67979
88.374,-55.854,-65.924,←,0.0200,0.00000,4.67979
89.248,-55.770,-65.454,←,0.0200,0.00220,4.67758
90.127,-55.876,-66.182,←,0.0200,0.00000,4.67758
90.994,-55.815,-65.455,←,0.0200,0.00206,4.67552
91.873,-55.919,-65.749,←,0.0200,0.00000,4.67552
92.753,-55.868,-65.660,←,0.0200,0.00000,4.67552
93.631,-55.864,-65.560,←,0.0200,0.00000,4.67552
94.502,-55.836,-65.630,←,0.0200,0.00200,4.67352
95.373,-55.880,-65.730,←,0.0200,0.00000,4.67352
96.247,-55.874,-66.247,←,0.0200,0.00000,4.67352
97.126,-55.825,-65.995,←,0.0200,0.00204,4.67148
98.002,-55.854,-65.275,←,0.0200,0.00000,4.67148
98.882,-55.879,-66.036,←,0.0200,0.00000,4.67148
99.747,-55.847,-65.400,←,0.0200,0.00000,4.67148
100.625,-55.881,-66.046,←,0.0200,0.00000,4.67148
101.502,-55.737,-66.024,←,0.0200,0.00230,4.66918
102.376,-55.829,-65.945,←,0.0200,0.00202,4.66716
103.248,-55.778,-66.069,←,0.0200,0.00217,4.66499
104.123,-55.867,-66.077,←,0.0200,0.00000,4.66499
105.002,-55.879,-65.813,←,0.0200,0.00000,4.66499
105.877,-55.836,-65.901,←,0.0200,0.00200,4.66298
106.757,-55.892,-65.364,←,0.0200,0.00000,4.66298
107.632,-55.888,-65.300,←,0.0200,0.00000,4.66298
108.497,-55.851,-65.551,←,0.0200,0.00000,4.66298
109.376,-55.884,-65.760,←,0.0200,0.00000,4.66298
110.239,-55.882,-66.039,←,0.0200,0.00000,4.66298
111.131,-55.776,-65.987,←,0.0200,0.00218,4.66080
111.994,-55.840,-65.431,←,0.0200,0.00000,4.66080
112.877,-55.866,-66.113,←,0.0200,0.00000,4.66080
113.752,-55.864,-65.468,←,0.0200,0.00000,4.66080
114.625,-55.838,-65.493,←,0.0200,0.00000,4.66080
115.500,-55.887,-65.294,←,0.0200,0.00000,4.66080
116.369,-55.808,-66.299,←,0.0200,0.00209,4.65872
117.247,-55.832,-66.078,←,0.0200,0.00202,4.65670
118.126,-55.876,-65.632,←,0.0200,0.00000,4.65670
118.996,-55.853,-66.103,←,0.0200,0.00000,4.65670
119.883,-55.814,-65.432,←,0.0200,0.00207,4.65463
120.753,-55.905,-65.344,←,0.0200,0.00000,4.65463
121.625,-55.859,-65.642,←,0.0200,0.00000,4.65463
122.498,-55.805,-65.340,←,0.0200,0.00210,4.65254
123.376,-55.851,-65.464,←,0.0200,0.00000,4.65254
124.245,-55.827,-66.024,←,0.0200,0.00203,4.65051
125.132,-55.811,-65.847,←,0.0200,0.00208,4.64843
126.002,-55.870,-65.634,←,0.0200,0.00000,4.64843
126.871,-55.893,-65.737,←,0.0200,0.00000,4.64843
127.751,-55.887,-65.501,←,0.0200,0.00000,4.64843
128.624,-55.830,-66.078,←,0.0200,0.00202,4.64641
129.502,-55.899,-65.472,←,0.0200,0.00000,4.64641
130.385,-55.861,-65.312,←,0.0200,0.00000,4.64641
131.252,-55.861,-65.876,←,0.0200,0.00000,4.64641
132.126,-55.887,-65.691,←,0.0200,0.00000,4.64641
132.996,-55.829,-66.233,←,0.0200,0.00202,4.64439
133.881,-55.892,-66.012,←,0.0200,0.00000,4.64439
134.747,-55.872,-65.871,←,0.0200,0.00000,4.64439
135.622,-55.846,-66.102,←,0.0200,0.00000,4.64439
136.506,-55.847,-65.527,←,0.0200,0.00000,4.64439
137.364,-55.891,-65.624,←,0.0200,0.00000,4.64439
138.247,-55.886,-65.657,←,0.0200,0.00000,4.64439
139.133,-55.803,-65.431,←,0.0200,0.00210,4.64229
139.993,-55.863,-65.427,←,0.0200,0.00000,4.64229
140.874,-55.888,-66.152,←,0.0200,0.00000,4.64229
141.751,-55.812,-65.824,←,0.0200,0.00207,4.64021
142.625,-55.850,-65.520,←,0.0200,0.00000,4.64021
143.497,-55.838,-66.148,←,0.0200,0.00000,4.64021
144.375,-55.844,-65.467,←,0.0200,0.00000,4.64021
145.250,-55.842,-66.084,←,0.0200,0.00000,4.64021
146.121,-55.855,-65.511,←,0.0200,0.00000,4.64021
146.996,-55.841,-65.524,←,0.0200,0.00000,4.64021
147.875,-55.773,-65.945,←,0.0200,0.00219,4.63802
148.748,-55.855,-65.627,←,0.0200,0.00000,4.63802
149.626,-55.816,-66.121,←,0.0200,0.00206,4.63596
150.498,-55.878,-65.939,←,0.0200,0.00000,4.63596
151.376,-55.816,-66.207,←,0.0200,0.00206,4.63390
152.238,-55.890,-65.962,←,0.0200,0.00000,4.63390
153.121,-55.844,-65.448,←,0.0200,0.00000,4.63390
153.997,-55.843,-66.172,←,0.0200,0.00000,4.63390
154.876,-55.796,-66.006,←,0.0200,0.00212,4.63178
155.752,-55.827,-66.105,←,0.0200,0.00203,4.62975
156.626,-55.898,-66.199,←,0.0200,0.00000,4.62975
157.497,-55.888,-65.403,←,0.0200,0.00000,4.62975
158.376,-55.871,-66.060,←,0.0200,0.00000,4.62975
159.255,-55.855,-65.385,←,0.0200,0.00000,4.62975
160.122,-55.808,-66.259,←,0.0200,0.00209,4.62766
160.993,-55.856,-65.211,←,0.0200,0.00000,4.62766
161.876,-55.874,-65.992,←,0.0200,0.00000,4.62766
162.753,-55.865,-66.133,←,0.0200,0.00000,4.62766
163.631,-55.835,-65.906,←,0.0200,0.00200,4.62566
164.503,-55.887,-65.495,←,0.0200,0.00000,4.62566
165.369,-55.878,-65.587,←,0.0200,0.00000,4.62566
166.255,-55.879,-66.197,←,0.0200,0.00000,4.62566
167.125,-55.863,-65.582,←,0.0200,0.00000,4.62566
167.992,-55.826,-65.341,←,0.0200,0.00203,4.62363
168.880,-55.852,-65.726,←,0.0200,0.00000,4.62363
169.746,-55.838,-65.470,←,0.0200,0.00000,4.62363
170.624,-55.815,-65.526,←,0.0200,0.00207,4.62156
171.505,-55.883,-65.593,←,0.0200,0.00000,4.62156
172.373,-55.855,-65.427,←,0.0200,0.00000,4.62156
173.241,-55.826,-65.436,←,0.0200,0.00203,4.61953
174.114,-55.909,-65.753,←,0.0200,0.00000,4.61953
175.004,-55.826,-66.218,←,0.0200,0.00203,4.61750
175.870,-55.873,-65.796,←,0.0200,0.00000,4.61750
176.745,-55.896,-65.465,←,0.0200,0.00000,4.61750
177.621,-55.843,-65.372,←,0.0200,0.00000,4.61750
178.500,-55.844,-66.080,←,0.0200,0.00000,4.61750
179.372,-55.873,-65.561,←,0.0200,0.00000,4.61750
180.251,-55.833,-65.846,←,0.0200,0.00201,4.61549
181.125,-55.873,-66.009,←,0.0200,0.00000,4.61549
181.992,-55.885,-65.576,←,0.0200,0.00000,4.61549
182.880,-55.908,-65.291,←,0.0200,0.00000,4.61549
183.744,-55.881,-65.570,←,0.0200,0.00000,4.61549
184.629,-55.869,-66.237,←,0.0200,0.00000,4.61549
185.497,-55.879,-65.205,←,0.0200,0.00000,4.61549
186.376,-55.866,-66.120,←,0.0200,0.00000,4.61549
187.242,-55.798,-65.800,←,0.0200,0.00212,4.61337
188.121,-55.880,-65.274,←,0.0200,0.00000,4.61337
188.994,-55.860,-65.686,←,0.0200,0.00000,4.61337
189.875,-55.859,-66.129,←,0.0200,0.00000,4.61337
190.754,-55.874,-65.750,←,0.0200,0.00000,4.61337
191.624,-55.812,-65.804,←,0.0200,0.00207,4.61130
192.496,-55.849,-65.202,←,0.0200,0.00000,4.61130
193.380,-55.847,-66.204,←,0.0200,0.00000,4.61130
194.254,-55.858,-65.509,←,0.0200,0.00000,4.61130
195.117,-55.812,-66.214,←,0.0200,0.00207,4.60922
196.000,-55.875,-65.758,←,0.0200,0.00000,4.60922
196.873,-55.846,-65.752,←,0.0200,0.00000,4.60922
197.753,-55.840,-66.020,←,0.0200,0.00000,4.60922
198.618,-55.842,-65.495,←,0.0200,0.00000,4.60922
199.504,-55.830,-65.998,←,0.0200,0.00202,4.60720
200.367,-55.889,-65.771,←,0.0200,0.00000,4.60720
201.251,-55.842,-65.555,←,0.0200,0.00000,4.60720
202.125,-55.885,-66.015,←,0.0200,0.00000,4.60720
202.997,-55.836,-66.124,←,0.0200,0.00200,4.60520
203.878,-55.840,-65.921,←,0.0200,0.00000,4.60520
204.755,-55.813,-65.318,←,0.0200,0.00207,4.60313
205.620,-55.918,-65.361,←,0.0200,0.00000,4.60313
206.496,-55.919,-66.176,←,0.0200,0.00000,4.60313
207.379,-55.873,-65.449,←,0.0200,0.00000,4.60313
208.244,-55.877,-65.905,←,0.0200,0.00000,4.60313
209.125,-55.872,-65.377,←,0.0200,0.00000,4.60313
209.996,-55.871,-65.858,←,0.0200,0.00000,4.60313
210.881,-55.850,-65.315,←,0.0200,0.00000,4.60313
211.750,-55.861,-65.541,←,0.0200,0.00000,4.60313
212.625,-55.864,-66.126,←,0.0200,0.00000,4.60313
213.509,-55.815,-65.486,←,0.0200,0.00206,4.60107
214.386,-55.888,-66.015,←,0.0200,0.00000,4.60107
215.249,-55.863,-65.779,←,0.0200,0.00000,4.60107
216.125,-55.833,-66.074,←,0.0200,0.00201,4.59905
217.000,-55.923,-65.695,←,0.0200,0.00000,4.59905
217.869,-55.871,-65.976,←,0.0200,0.00000,4.59905
218.761,-55.871,-66.245,←,0.0200,0.00000,4.59905
219.623,-55.829,-65.905,←,0.0200,0.00202,4.59703
220.494,-55.846,-65.759,←,0.0200,0.00000,4.59703
221.371,-55.907,-65.877,←,0.0200,0.00000,4.59703
222.247,-55.931,-65.660,←,0.0200,0.00000,4.59703
223.120,-55.869,-65.226,←,0.0200,0.00000,4.59703
224.001,-55.814,-65.976,←,0.0200,0.00207,4.59496
224.873,-55.898,-65.960,←,0.0200,0.00000,4.59496
225.754,-55.882,-65.977,←,0.0200,0.00000,4.59496
226.629,-55.875,-65.408,←,0.0200,0.00000,4.59496
227.497,-55.836,-66.150,←,0.0200,0.00200,4.59296
228.379,-55.935,-65.366,←,0.0200,0.00000,4.59296
229.248,-55.823,-65.573,←,0.0200,0.00204,4.59092
230.126,-55.900,-66.259,←,0.0200,0.00000,4.59092
230.993,-55.856,-66.217,←,0.0200,0.00000,4.59092
231.871,-55.956,-65.518,←,0.0200,0.00000,4.59092
232.879,-55.873,-65.475,←,0.0200,0.00000,4.59092
233.735,-55.877,-66.044,←,0.0200,0.00000,4.59092
234.604,-55.936,-65.513,←,0.0200,0.00000,4.59092
235.482,-55.897,-65.294,←,0.0200,0.00000,4.59092
236.355,-55.862,-65.926,←,0.0200,0.00000,4.59092
237.229,-55.893,-65.394,←,0.0200,0.00000,4.59092
238.099,-55.879,-65.527,←,0.0200,0.00000,4.59092
238.980,-55.905,-65.648,←,0.0200,0.00000,4.59092
239.858,-55.840,-65.895,←,0.0200,0.00000,4.59092
240.730,-55.865,-65.967,←,0.0200,0.00000,4.59092
241.608,-55.836,-66.004,←,0.0200,0.00200,4.58892
242.474,-55.868,-65.661,←,0.0200,0.00000,4.58892
243.355,-55.854,-65.686,←,0.0200,0.00000,4.58892
244.229,-55.847,-65.371,←,0.0200,0.00000,4.58892
245.106,-55.905,-66.130,←,0.0200,0.00000,4.58892
245.978,-55.871,-65.303,←,0.0200,0.00000,4.58892
246.857,-55.817,-65.761,←,0.0200,0.00206,4.58686
247.734,-55.878,-66.184,←,0.0200,0.00000,4.58686
248.611,-55.869,-66.043,←,0.0200,0.00000,4.58686
249.475,-55.838,-65.923,←,0.0200,0.00000,4.58686
250.351,-55.812,-65.876,←,0.0200,0.00208,4.58479
251.225,-55.845,-65.842,←,0.0200,0.00000,4.58479
252.105,-55.829,-65.877,←,0.0200,0.00202,4.58277
252.987,-55.861,-66.203,←,0.0200,0.00000,4.58277
253.851,-55.898,-65.855,←,0.0200,0.00000,4.58277
254.735,-55.869,-65.568,←,0.0200,0.00000,4.58277
255.609,-55.854,-66.172,←,0.0200,0.00000,4.58277
256.482,-55.833,-65.665,←,0.0200,0.00201,4.58075
257.357,-55.840,-65.879,←,0.0200,0.00000,4.58075
258.223,-55.852,-65.581,←,0.0200,0.00000,4.58075
259.107,-55.879,-66.265,←,0.0200,0.00000,4.58075
259.973,-55.852,-65.984,←,0.0200,0.00000,4.58075
260.862,-55.868,-65.770,←,0.0200,0.00000,4.58075
261.729,-55.859,-65.768,←,0.0200,0.00000,4.58075
262.600,-55.889,-66.090,←,0.0200,0.00000,4.58075
263.473,-55.835,-66.091,←,0.0200,0.00201,4.57875
264.362,-55.848,-66.082,←,0.0200,0.00000,4.57875
265.231,-55.926,-66.295,←,0.0200,0.00000,4.57875
266.109,-55.874,-66.043,←,0.0200,0.00000,4.57875
266.977,-55.900,-66.037,←,0.0200,0.00000,4.57875
267.849,-55.877,-66.236,←,0.0200,0.00000,4.57875
268.728,-55.781,-65.792,←,0.0200,0.00217,4.57658
269.608,-55.864,-66.301,←,0.0200,0.00000,4.57658
270.477,-55.898,-65.473,←,0.0200,0.00000,4.57658
271.357,-55.815,-65.478,←,0.0200,0.00207,4.57452
272.224,-55.862,-65.925,←,0.0200,0.00000,4.57452
273.105,-55.876,-66.242,←,0.0200,0.00000,4.57452
273.977,-55.840,-65.933,←,0.0200,0.00000,4.57452
274.858,-55.864,-65.399,←,0.0200,0.00000,4.57452
275.729,-55.827,-66.037,←,0.0200,0.00203,4.57249
276.606,-55.887,-65.371,←,0.0200,0.00000,4.57249
277.477,-55.853,-65.818,←,0.0200,0.00000,4.57249
278.360,-55.905,-65.483,←,0.0200,0.00000,4.57249
279.228,-55.862,-65.988,←,0.0200,0.00000,4.57249
280.109,-55.817,-65.471,←,0.0200,0.00206,4.57043
280.985,-55.909,-66.193,←,0.0200,0.00000,4.57043
281.848,-55.927,-65.476,←,0.0200,0.00000,4.57043
282.728,-55.862,-65.774,←,0.0200,0.00000,4.57043
283.608,-55.835,-65.309,←,0.0200,0.00200,4.56842
284.485,-55.917,-66.103,←,0.0200,0.00000,4.56842
285.350,-55.853,-65.964,←,0.0200,0.00000,4.56842
286.354,-55.848,-65.740,←,0.0200,0.00000,4.56842
287.219,-55.851,-65.833,←,0.0200,0.00000,4.56842
288.098,-55.922,-65.729,←,0.0200,0.00000,4.56842
288.976,-55.886,-66.142,←,0.0200,0.00000,4.56842
289.857,-55.821,-65.933,←,0.0200,0.00205,4.56638
290.726,-55.848,-65.529,←,0.0200,0.00000,4.56638
291.597,-55.829,-65.861,←,0.0200,0.00202,4.56435
292.479,-55.950,-65.555,←,0.0200,0.00000,4.56435
293.341,-55.861,-65.823,←,0.0200,0.00000,4.56435
294.221,-55.885,-66.089,←,0.0200,0.00000,4.56435
295.102,-55.874,-65.935,←,0.0200,0.00000,4.56435
295.974,-55.903,-65.406,←,0.0200,0.00000,4.56435
296.854,-55.904,-65.885,←,0.0200,0.00000,4.56435
297.726,-55.936,-65.309,←,0.0200,0.00000,4.56435
298.599,-55.879,-66.022,←,0.0200,0.00000,4.56435
299.481,-55.814,-65.525,←,0.0200,0.00207,4.56229
300.343,-55.887,-66.083,←,0.0200,0.00000,4.56229
301.227,-55.888,-65.735,←,0.0200,0.00000,4.56229
302.094,-55.916,-65.951,←,0.0200,0.00000,4.56229
302.974,-55.893,-65.408,←,0.0200,0.00000,4.56229
303.857,-55.929,-65.382,←,0.0200,0.00000,4.56229
304.724,-55.888,-65.647,←,0.0200,0.00000,4.56229
305.593,-55.873,-65.358,←,0.0200,0.00000,4.56229
306.469,-55.859,-65.797,←,0.0200,0.00000,4.56229
307.358,-55.862,-65.717,←,0.0200,0.00000,4.56229
308.226,-55.890,-65.488,←,0.0200,0.00000,4.56229
309.097,-55.827,-65.210,←,0.0200,0.00203,4.56026
309.969,-55.899,-65.713,←,0.0200,0.00000,4.56026
310.853,-55.882,-65.723,←,0.0200,0.00000,4.56026
311.721,-55.861,-66.029,←,0.0200,0.00000,4.56026
312.603,-55.834,-66.191,←,0.0200,0.00201,4.55825
313.474,-55.841,-65.382,←,0.0200,0.00000,4.55825
314.347,-55.828,-65.835,←,0.0200,0.00203,4.55622
315.256,-55.869,-66.184,←,0.0200,0.00000,4.55622
316.107,-55.827,-66.016,←,0.0200,0.00203,4.55419
317.002,-55.895,-66.221,←,0.0200,0.00000,4.55419
318.074,-55.904,-66.099,←,0.0200,0.00000,4.55419
318.969,-55.877,-66.044,←,0.0200,0.00000,4.55419
319.872,-55.887,-65.880,←,0.0200,0.00000,4.55419
320.815,-55.853,-65.471,←,0.0200,0.00000,4.55419
321.700,-55.924,-66.136,←,0.0200,0.00000,4.55419
322.600,-55.878,-66.074,←,0.0200,0.00000,4.55419
323.648,-55.899,-65.234,←,0.0200,0.00000,4.55419
324.534,-55.922,-65.364,←,0.0200,0.00000,4.55419
325.420,-55.802,-65.503,←,0.0200,0.00210,4.55209
326.287,-55.881,-65.538,←,0.0200,0.00000,4.55209
327.173,-55.862,-65.675,←,0.0200,0.00000,4.55209
328.050,-55.866,-65.979,←,0.0200,0.00000,4.55209
328.943,-55.837,-66.157,←,0.0200,0.00000,4.55209
330.018,-55.918,-65.474,←,0.0200,0.00000,4.55209
330.891,-55.839,-65.216,←,0.0200,0.00000,4.55209
331.778,-55.898,-65.606,←,0.0200,0.00000,4.55209
332.765,-55.851,-65.521,←,0.0200,0.00000,4.55209
333.845,-55.877,-66.189,←,0.0200,0.00000,4.55209
334.742,-55.876,-65.523,←,0.0200,0.00000,4.55209
335.688,-55.891,-65.446,←,0.0200,0.00000,4.55209
336.578,-55.893,-66.121,←,0.0200,0.00000,4.55209
337.466,-55.835,-65.899,←,0.0200,0.00200,4.55009
338.555,-55.900,-65.557,←,0.0200,0.00000,4.55009
339.432,-55.893,-65.475,←,0.0200,0.00000,4.55009
340.407,-55.894,-65.756,←,0.0200,0.00000,4.55009
341.292,-55.866,-65.715,←,0.0200,0.00000,4.55009
342.522,-55.835,-65.714,←,0.0200,0.00201,4.54808
343.458,-55.939,-66.233,←,0.0200,0.00000,4.54808
344.342,-55.874,-65.242,←,0.0200,0.00000,4.54808
345.232,-55.867,-65.557,←,0.0200,0.00000,4.54808
346.193,-55.862,-65.353,←,0.0200,0.00000,4.54808
347.088,-55.852,-65.208,←,0.0200,0.00000,4.54808
348.164,-55.846,-65.358,←,0.0200,0.00000,4.54808
349.020,-55.852,-66.096,←,0.0200,0.00000,4.54808
349.920,-55.874,-65.776,←,0.0200,0.00000,4.54808
350.789,-55.909,-65.983,←,0.0200,0.00000,4.54808
351.653,-55.824,-65.446,←,0.0200,0.00204,4.54604
352.533,-55.846,-65.345,←,0.0200,0.00000,4.54604
353.419,-55.857,-65.705,←,0.0200,0.00000,4.54604
354.305,-55.901,-65.407,←,0.0200,0.00000,4.54604
355.170,-55.827,-66.066,←,0.0200,0.00203,4.54401
356.268,-55.864,-66.068,←,0.0200,0.00000,4.54401
357.138,-55.852,-65.533,←,0.0200,0.00000,4.54401
358.002,-55.924,-65.735,←,0.0200,0.00000,4.54401
358.880,-55.851,-65.322,←,0.0200,0.00000,4.54401
359.759,-55.855,-66.137,←,0.0200,0.00000,4.54401
360.630,-55.856,-65.986,←,0.0200,0.00000,4.54401
361.511,-55.893,-65.822,←,0.0200,0.00000,4.54401
362.393,-55.845,-65.366,←,0.0200,0.00000,4.54401
363.282,-55.810,-65.361,←,0.0200,0.00208,4.54193
364.256,-55.874,-65.395,←,0.0200,0.00000,4.54193
365.427,-55.888,-66.283,←,0.0200,0.00000,4.54193
366.324,-55.877,-65.529,←,0.0200,0.00000,4.54193
367.219,-55.861,-65.408,←,0.0200,0.00000,4.54193
368.177,-55.868,-66.309,←,0.0200,0.00000,4.54193
369.063,-55.834,-65.649,←,0.0200,0.00201,4.53993
369.950,-55.868,-65.562,←,0.0200,0.00000,4.53993
370.905,-55.800,-65.363,←,0.0200,0.00211,4.53782
371.791,-55.851,-65.792,←,0.0200,0.00000,4.53782
372.856,-55.849,-65.620,←,0.0200,0.00000,4.53782
373.765,-55.894,-65.585,←,0.0200,0.00000,4.53782
374.645,-55.940,-65.188,←,0.0200,0.00000,4.53782
375.535,-55.864,-65.667,←,0.0200,0.00000,4.53782
376.511,-55.873,-65.386,←,0.0200,0.00000,4.53782
377.565,-55.853,-65.910,←,0.0200,0.00000,4.53782
378.475,-55.850,-65.422,←,0.0200,0.00000,4.53782
379.349,-55.823,-65.614,←,0.0200,0.00204,4.53577
380.397,-55.847,-65.648,←,0.0200,0.00000,4.53577
381.304,-55.830,-66.237,←,0.0200,0.00202,4.53376
382.205,-55.890,-65.757,←,0.0200,0.00000,4.53376
383.169,-55.880,-65.542,←,0.0200,0.00000,4.53376
384.064,-55.803,-65.812,←,0.0200,0.00210,4.53165
385.033,-55.877,-65.974,←,0.0200,0.00000,4.53165
385.923,-55.895,-65.542,←,0.0200,0.00000,4.53165
386.990,-55.925,-65.621,←,0.0200,0.00000,4.53165
387.869,-55.889,-65.794,←,0.0200,0.00000,4.53165
388.740,-55.862,-66.166,←,0.0200,0.00000,4.53165
389.622,-55.837,-65.439,←,0.0200,0.00000,4.53165
390.497,-55.872,-65.945,←,0.0200,0.00000,4.53165
391.362,-55.855,-65.999,←,0.0200,0.00000,4.53165
392.242,-55.921,-65.900,←,0.0200,0.00000,4.53165
393.118,-55.894,-65.663,←,0.0200,0.00000,4.53165
394.011,-55.828,-65.883,←,0.0200,0.00203,4.52963
395.081,-55.849,-65.321,←,0.0200,0.00000,4.52963
395.964,-55.859,-66.189,←,0.0200,0.00000,4.52963
396.838,-55.866,-65.276,←,0.0200,0.00000,4.52963
397.722,-55.924,-65.893,←,0.0200,0.00000,4.52963
398.799,-55.846,-66.038,←,0.0200,0.00000,4.52963
399.667,-55.897,-66.051,←,0.0200,0.00000,4.52963
400.548,-55.860,-65.836,←,0.0200,0.00000,4.52963
401.401,-55.861,-65.457,←,0.0200,0.00000,4.52963
402.288,-55.865,-66.121,←,0.0200,0.00000,4.52963
403.160,-55.858,-66.115,←,0.0200,0.00000,4.52963
404.037,-55.883,-65.312,←,0.0200,0.00000,4.52963
404.907,-55.880,-65.490,←,0.0200,0.00000,4.52963
405.786,-55.830,-65.842,←,0.0200,0.00202,4.52761
406.663,-55.866,-65.466,←,0.0200,0.00000,4.52761
407.539,-55.900,-65.801,←,0.0200,0.00000,4.52761
408.413,-55.883,-65.772,←,0.0200,0.00000,4.52761
409.290,-55.874,-65.453,←,0.0200,0.00000,4.52761
410.163,-55.897,-65.738,←,0.0200,0.00000,4.52761
411.034,-55.787,-65.334,←,0.0200,0.00215,4.52546
411.913,-55.862,-65.787,←,0.0200,0.00000,4.52546
412.788,-55.909,-65.924,←,0.0200,0.00000,4.52546
413.655,-55.873,-65.830,←,0.0200,0.00000,4.52546
414.533,-55.898,-65.369,←,0.0200,0.00000,4.52546
415.403,-55.871,-65.508,←,0.0200,0.00000,4.52546
416.292,-55.882,-65.458,←,0.0200,0.00000,4.52546
417.153,-55.867,-65.287,←,0.0200,0.00000,4.52546
418.041,-55.804,-65.997,←,0.0200,0.00210,4.52336
418.912,-55.807,-65.770,←,0.0200,0.00209,4.52127
419.780,-55.849,-65.349,←,0.0200,0.00000,4.52127
420.648,-55.908,-66.070,←,0.0200,0.00000,4.52127
421.535,-55.832,-66.049,←,0.0200,0.00201,4.51926
422.412,-55.862,-65.392,←,0.0200,0.00000,4.51926
423.284,-55.858,-65.898,←,0.0200,0.00000,4.51926
424.162,-55.871,-66.190,←,0.0200,0.00000,4.51926
425.029,-55.879,-66.035,←,0.0200,0.00000,4.51926
425.906,-55.894,-65.277,←,0.0200,0.00000,4.51926
426.781,-55.859,-65.687,←,0.0200,0.00000,4.51926
427.664,-55.899,-66.186,←,0.0200,0.00000,4.51926
428.529,-55.861,-66.059,←,0.0200,0.00000,4.51926
429.410,-55.867,-65.297,←,0.0200,0.00000,4.51926
430.287,-55.863,-65.478,←,0.0200,0.00000,4.51926
431.158,-55.838,-65.238,←,0.0200,0.00000,4.51926
432.037,-55.843,-66.149,←,0.0200,0.00000,4.51926
432.921,-55.873,-65.786,←,0.0200,0.00000,4.51926
433.784,-55.879,-66.239,←,0.0200,0.00000,4.51926
434.664,-55.836,-65.453,←,0.0200,0.00200,4.51726
435.532,-55.880,-66.068,←,0.0200,0.00000,4.51726
436.410,-55.875,-66.132,←,0.0200,0.00000,4.51726
437.298,-55.925,-65.357,←,0.0200,0.00000,4.51726
438.159,-55.936,-65.570,←,0.0200,0.00000,4.51726
439.037,-55.826,-65.747,←,0.0200,0.00203,4.51523
439.917,-55.859,-65.771,←,0.0200,0.00000,4.51523
440.786,-55.850,-65.548,←,0.0200,0.00000,4.51523
441.654,-55.891,-66.160,←,0.0200,0.00000,4.51523
442.537,-55.887,-65.526,←,0.0200,0.00000,4.51523
443.409,-55.792,-66.170,←,0.0200,0.00213,4.51309
444.286,-55.926,-65.872,←,0.0200,0.00000,4.51309
445.162,-55.821,-66.091,←,0.0200,0.00205,4.51105
446.033,-55.914,-65.858,←,0.0200,0.00000,4.51105
446.908,-55.910,-65.893,←,0.0200,0.00000,4.51105
447.865,-55.920,-65.673,←,0.0200,0.00000,4.51105
448.764,-55.900,-66.197,←,0.0200,0.00000,4.51105
449.653,-55.873,-65.622,←,0.0200,0.00000,4.51105
450.525,-55.860,-66.091,←,0.0200,0.00000,4.51105
451.392,-55.864,-65.559,←,0.0200,0.00000,4.51105
452.279,-55.896,-65.701,←,0.0200,0.00000,4.51105
453.147,-55.876,-65.458,←,0.0200,0.00000,4.51105
454.030,-55.930,-65.906,←,0.0200,0.00000,4.51105
454.884,-55.893,-65.363,←,0.0200,0.00000,4.51105
455.770,-55.857,-65.255,←,0.0200,0.00000,4.51105
456.642,-55.847,-65.536,←,0.0200,0.00000,4.51105
457.513,-55.827,-65.859,←,0.0200,0.00203,4.50902
458.388,-55.857,-65.769,←,0.0200,0.00000,4.50902
459.267,-55.850,-66.080,←,0.0200,0.00000,4.50902
460.141,-55.881,-66.210,←,0.0200,0.00000,4.50902
461.015,-55.889,-65.433,←,0.0200,0.00000,4.50902
461.893,-55.802,-65.913,←,0.0200,0.00210,4.50692
462.768,-55.883,-66.273,←,0.0200,0.00000,4.50692
463.642,-55.928,-66.124,←,0.0200,0.00000,4.50692
464.519,-55.919,-65.942,←,0.0200,0.00000,4.50692
465.387,-55.895,-66.102,←,0.0200,0.00000,4.50692
466.277,-55.893,-65.673,←,0.0200,0.00000,4.50692
467.135,-55.888,-66.186,←,0.0200,0.00000,4.50692
468.039,-55.912,-65.321,←,0.0200,0.00000,4.50692
468.889,-55.894,-65.421,←,0.0200,0.00000,4.50692
469.774,-55.893,-65.549,←,0.0200,0.00000,4.50692
470.642,-55.788,-65.929,←,0.0200,0.00214,4.50477
471.518,-55.885,-65.884,←,0.0200,0.00000,4.50477
472.395,-55.841,-65.175,←,0.0200,0.00000,4.50477
473.266,-55.849,-65.632,←,0.0200,0.00000,4.50477
474.147,-55.858,-66.215,←,0.0200,0.00000,4.50477
475.012,-55.890,-65.871,←,0.0200,0.00000,4.50477
475.893,-55.890,-65.311,←,0.0200,0.00000,4.50477
476.768,-55.847,-65.570,←,0.0200,0.00000,4.50477
477.645,-55.837,-66.075,←,0.0200,0.00000,4.50477
478.520,-55.916,-65.558,←,0.0200,0.00000,4.50477
479.396,-55.869,-65.521,←,0.0200,0.00000,4.50477
480.274,-55.898,-66.259,←,0.0200,0.00000,4.50477
481.145,-55.898,-66.106,←,0.0200,0.00000,4.50477
482.019,-55.896,-65.776,←,0.0200,0.00000,4.50477
482.896,-55.849,-65.651,←,0.0200,0.00000,4.50477
483.771,-55.843,-65.892,←,0.0200,0.00000,4.50477
484.644,-55.845,-65.441,←,0.0200,0.00000,4.50477
485.518,-55.879,-66.393,←,0.0200,0.00000,4.50477
486.399,-55.869,-65.663,←,0.0200,0.00000,4.50477
487.268,-55.862,-66.041,←,0.0200,0.00000,4.50477
488.153,-55.869,-66.033,←,0.0200,0.00000,4.50477
489.015,-55.825,-65.272,←,0.0200,0.00203,4.50274
489.896,-55.832,-66.312,←,0.0200,0.00202,4.50072
490.766,-55.849,-65.719,←,0.0200,0.00000,4.50072
491.645,-55.870,-65.299,←,0.0200,0.00000,4.50072
492.516,-55.869,-65.947,←,0.0200,0.00000,4.50072
493.398,-55.909,-65.594,←,0.0200,0.00000,4.50072
494.268,-55.830,-65.624,←,0.0200,0.00202,4.49870
495.147,-55.865,-65.866,←,0.0200,0.00000,4.49870
496.019,-55.865,-65.550,←,0.0200,0.00000,4.49870
496.893,-55.873,-65.631,←,0.0200,0.00000,4.49870
497.766,-55.899,-65.292,←,0.0200,0.00000,4.49870
498.651,-55.853,-66.173,←,0.0200,0.00000,4.49870
499.517,-55.912,-65.692,←,0.0200,0.00000,4.49870
500.393,-55.919,-65.759,←,0.0200,0.00000,4.49870
501.271,-55.893,-66.206,←,0.0200,0.00000,4.49870
502.150,-55.873,-65.772,←,0.0200,0.00000,4.49870
503.024,-55.929,-66.141,←,0.0200,0.00000,4.49870
503.893,-55.886,-66.065,←,0.0200,0.00000,4.49870
504.770,-55.836,-65.835,←,0.0200,0.00200,4.49670
505.636,-55.861,-65.891,←,0.0200,0.00000,4.49670
506.516,-55.825,-65.318,←,0.0200,0.00203,4.49467
507.391,-55.857,-65.290,←,0.0200,0.00000,4.49467
508.270,-55.935,-66.069,←,0.0200,0.00000,4.49467
509.137,-55.897,-66.097,←,0.0200,0.00000,4.49467
510.018,-55.828,-66.199,←,0.0200,0.00203,4.49264
510.888,-55.853,-65.374,←,0.0200,0.00000,4.49264
511.770,-55.948,-65.644,←,0.0200,0.00000,4.49264
512.649,-55.867,-65.814,←,0.0200,0.00000,4.49264
513.526,-55.884,-65.709,←,0.0200,0.00000,4.49264
514.392,-55.890,-65.335,←,0.0200,0.00000,4.49264
515.265,-55.860,-65.322,←,0.0200,0.00000,4.49264
516.149,-55.906,-65.340,←,0.0200,0.00000,4.49264
517.011,-55.934,-65.635,←,0.0200,0.00000,4.49264
517.888,-55.879,-65.425,←,0.0200,0.00000,4.49264
518.766,-55.924,-65.836,←,0.0200,0.00000,4.49264
519.640,-55.847,-65.806,←,0.0200,0.00000,4.49264
520.519,-55.872,-65.469,←,0.0200,0.00000,4.49264
521.389,-55.833,-65.806,←,0.0200,0.00201,4.49063
522.263,-55.908,-65.658,←,0.0200,0.00000,4.49063
523.151,-55.814,-65.395,←,0.0200,0.00207,4.48856
524.023,-55.846,-65.899,←,0.0200,0.00000,4.48856
525.016,-55.863,-66.155,←,0.0200,0.00000,4.48856
525.873,-55.894,-65.337,←,0.0200,0.00000,4.48856
526.758,-55.852,-65.390,←,0.0200,0.00000,4.48856
527.624,-55.902,-65.283,←,0.0200,0.00000,4.48856
528.495,-55.890,-65.567,←,0.0200,0.00000,4.48856
529.379,-55.885,-65.527,←,0.0200,0.00000,4.48856
530.256,-55.901,-65.390,←,0.0200,0.00000,4.48856
531.129,-55.913,-65.878,←,0.0200,0.00000,4.48856
532.009,-55.866,-65.761,←,0.0200,0.00000,4.48856
532.865,-55.871,-65.489,←,0.0200,0.00000,4.48856
533.748,-55.890,-66.201,←,0.0200,0.00000,4.48856
534.623,-55.896,-65.407,←,0.0200,0.00000,4.48856
535.515,-55.870,-65.475,←,0.0200,0.00000,4.48856
536.384,-55.874,-66.016,←,0.0200,0.00000,4.48856
537.253,-55.852,-65.445,←,0.0200,0.00000,4.48856
538.124,-55.877,-65.795,←,0.0200,0.00000,4.48856
539.000,-55.915,-65.945,←,0.0200,0.00000,4.48856
539.875,-55.862,-65.396,←,0.0200,0.00000,4.48856
540.745,-55.853,-65.521,←,0.0200,0.00000,4.48856
541.730,-55.868,-65.515,←,0.0200,0.00000,4.48856
542.615,-55.844,-65.950,←,0.0200,0.00000,4.48856
543.486,-55.878,-65.691,←,0.0200,0.00000,4.48856
544.358,-55.823,-65.287,←,0.0200,0.00204,4.48652
545.234,-55.840,-66.040,←,0.0200,0.00000,4.48652
546.119,-55.854,-65.771,←,0.0200,0.00000,4.48652
546.982,-55.806,-65.356,←,0.0200,0.00209,4.48443
547.859,-55.838,-65.682,←,0.0200,0.00000,4.48443
548.737,-55.841,-65.371,←,0.0200,0.00000,4.48443
549.612,-55.896,-65.783,←,0.0200,0.00000,4.48443
550.486,-55.896,-65.566,←,0.0200,0.00000,4.48443
551.361,-55.891,-66.040,←,0.0200,0.00000,4.48443
552.234,-55.833,-65.226,←,0.0200,0.00201,4.48242
553.108,-55.887,-65.724,←,0.0200,0.00000,4.48242
553.975,-55.843,-65.580,←,0.0200,0.00000,4.48242
554.857,-55.845,-66.157,←,0.0200,0.00000,4.48242
555.771,-55.921,-65.575,←,0.0200,0.00000,4.48242
556.719,-55.886,-65.385,←,0.0200,0.00000,4.48242
557.594,-55.894,-65.541,←,0.0200,0.00000,4.48242
558.464,-55.821,-65.780,←,0.0200,0.00205,4.48037
559.345,-55.875,-65.216,←,0.0200,0.00000,4.48037
560.225,-55.820,-65.661,←,0.0200,0.00205,4.47832
561.091,-55.869,-66.106,←,0.0200,0.00000,4.47832
561.961,-55.870,-65.943,←,0.0200,0.00000,4.47832
562.846,-55.932,-65.330,←,0.0200,0.00000,4.47832
563.723,-55.874,-66.021,←,0.0200,0.00000,4.47832
564.599,-55.894,-65.575,←,0.0200,0.00000,4.47832
565.470,-55.904,-65.400,←,0.0200,0.00000,4.47832
566.342,-55.891,-66.022,←,0.0200,0.00000,4.47832
567.219,-55.873,-66.103,←,0.0200,0.00000,4.47832
568.085,-55.888,-65.886,←,0.0200,0.00000,4.47832
568.975,-55.860,-66.265,←,0.0200,0.00000,4.47832
569.847,-55.910,-66.063,←,0.0200,0.00000,4.47832
570.717,-55.898,-65.541,←,0.0200,0.00000,4.47832
571.596,-55.895,-65.772,←,0.0200,0.00000,4.47832
572.476,-55.853,-66.143,←,0.0200,0.00000,4.47832
573.342,-55.820,-66.174,←,0.0200,0.00205,4.47627
574.226,-55.859,-66.117,←,0.0200,0.00000,4.47627
575.199,-55.873,-66.020,←,0.0200,0.00000,4.47627
576.086,-55.851,-65.406,←,0.0200,0.00000,4.47627
576.953,-55.860,-65.650,←,0.0200,0.00000,4.47627
577.828,-55.872,-65.616,←,0.0200,0.00000,4.47627
578.702,-55.921,-66.242,←,0.0200,0.00000,4.47627
579.574,-55.901,-65.727,←,0.0200,0.00000,4.47627
580.449,-55.908,-66.144,←,0.0200,0.00000,4.47627
581.360,-55.890,-65.569,←,0.0200,0.00000,4.47627
582.208,-55.866,-65.424,←,0.0200,0.00000,4.47627
583.075,-55.879,-65.659,←,0.0200,0.00000,4.47627
583.944,-55.875,-65.872,←,0.0200,0.00000,4.47627
584.827,-55.851,-65.434,←,0.0200,0.00000,4.47627
585.703,-55.813,-65.299,←,0.0200,0.00207,4.47420
586.572,-55.920,-65.446,←,0.0200,0.00000,4.47420
587.450,-55.877,-65.505,←,0.0200,0.00000,4.47420
588.331,-55.851,-65.364,←,0.0200,0.00000,4.47420
589.208,-55.909,-66.041,←,0.0200,0.00000,4.47420
590.075,-55.830,-65.568,←,0.0200,0.00202,4.47218
590.955,-55.890,-65.406,←,0.0200,0.00000,4.47218
591.823,-55.852,-65.710,←,0.0200,0.00000,4.47218
592.706,-55.886,-65.322,←,0.0200,0.00000,4.47218
593.574,-55.839,-66.035,←,0.0200,0.00000,4.47218
594.465,-55.933,-65.567,←,0.0200,0.00000,4.47218
595.332,-55.898,-65.409,←,0.0200,0.00000,4.47218
596.200,-55.859,-65.451,←,0.0200,0.00000,4.47218
597.091,-55.920,-65.377,←,0.0200,0.00000,4.47218
597.952,-55.865,-65.585,←,0.0200,0.00000,4.47218
598.830,-55.873,-66.291,←,0.0200,0.00000,4.47218
599.700,-55.919,-65.869,←,0.0200,0.00000,4.47218
600.580,-55.820,-65.507,←,0.0200,0.00205,4.47013
601.446,-55.890,-65.928,←,0.0200,0.00000,4.47013
602.331,-55.830,-65.899,←,0.0200,0.00202,4.46811
603.210,-55.950,-65.781,←,0.0200,0.00000,4.46811
604.083,-55.898,-65.930,←,0.0200,0.00000,4.46811
604.949,-55.889,-65.825,←,0.0200,0.00000,4.46811
605.825,-55.914,-65.884,←,0.0200,0.00000,4.46811
606.700,-55.954,-65.360,←,0.0200,0.00000,4.46811
607.576,-55.928,-65.801,←,0.0200,0.00000,4.46811
608.454,-55.933,-66.245,←,0.0200,0.00000,4.46811
609.335,-55.919,-65.997,←,0.0200,0.00000,4.46811
610.195,-55.888,-65.616,←,0.0200,0.00000,4.46811
611.077,-55.919,-65.453,←,0.0200,0.00000,4.46811
611.953,-55.885,-66.245,←,0.0200,0.00000,4.46811
612.828,-55.889,-65.480,←,0.0200,0.00000,4.46811
613.703,-55.877,-65.991,←,0.0200,0.00000,4.46811
614.581,-55.817,-65.349,←,0.0200,0.00206,4.46605
615.446,-55.872,-65.605,←,0.0200,0.00000,4.46605
616.343,-55.897,-65.768,←,0.0200,0.00000,4.46605
617.203,-55.880,-65.921,←,0.0200,0.00000,4.46605
618.083,-55.887,-65.320,←,0.0200,0.00000,4.46605
618.955,-55.857,-65.503,←,0.0200,0.00000,4.46605
619.828,-55.901,-66.046,←,0.0200,0.00000,4.46605
620.702,-55.925,-65.488,←,0.0200,0.00000,4.46605
621.576,-55.876,-65.915,←,0.0200,0.00000,4.46605
622.457,-55.864,-65.523,←,0.0200,0.00000,4.46605
623.331,-55.884,-65.549,←,0.0200,0.00000,4.46605
624.196,-55.880,-65.102,←,0.0200,0.00000,4.46605
625.077,-55.876,-65.144,←,0.0200,0.00000,4.46605
625.947,-55.857,-65.889,←,0.0200,0.00000,4.46605
626.833,-55.886,-65.471,←,0.0200,0.00000,4.46605
627.706,-55.855,-65.976,←,0.0200,0.00000,4.46605
628.584,-55.879,-65.641,←,0.0200,0.00000,4.46605
629.448,-55.886,-66.251,←,0.0200,0.00000,4.46605
630.326,-55.799,-66.224,←,0.0200,0.00211,4.46394
631.211,-55.853,-66.117,←,0.0200,0.00000,4.46394
632.077,-55.865,-65.755,←,0.0200,0.00000,4.46394
632.959,-55.849,-65.413,←,0.0200,0.00000,4.46394
633.832,-55.861,-65.999,←,0.0200,0.00000,4.46394
634.707,-55.881,-65.552,←,0.0200,0.00000,4.46394
635.577,-55.816,-65.493,←,0.0200,0.00206,4.46187
636.459,-55.869,-66.083,←,0.0200,0.00000,4.46187
637.323,-55.873,-66.178,←,0.0200,0.00000,4.46187
638.211,-55.893,-65.325,←,0.0200,0.00000,4.46187
639.070,-55.822,-65.534,←,0.0200,0.00204,4.45983
639.946,-55.837,-65.721,←,0.0200,0.00000,4.45983
640.831,-55.844,-65.474,←,0.0200,0.00000,4.45983
641.704,-55.838,-65.431,←,0.0200,0.00000,4.45983
642.573,-55.862,-65.876,←,0.0200,0.00000,4.45983
643.449,-55.920,-65.809,←,0.0200,0.00000,4.45983
644.328,-55.871,-66.152,←,0.0200,0.00000,4.45983
645.199,-55.898,-65.480,←,0.0200,0.00000,4.45983
646.078,-55.898,-66.173,←,0.0200,0.00000,4.45983
646.954,-55.916,-66.147,←,0.0200,0.00000,4.45983
647.835,-55.827,-65.829,←,0.0200,0.00203,4.45780
648.699,-55.966,-65.839,←,0.0200,0.00000,4.45780
649.569,-55.830,-65.423,←,0.0200,0.00202,4.45578
650.446,-55.937,-66.031,←,0.0200,0.00000,4.45578
651.328,-55.886,-65.442,←,0.0200,0.00000,4.45578
652.197,-55.879,-65.483,←,0.0200,0.00000,4.45578
653.081,-55.845,-65.586,←,0.0200,0.00000,4.45578
653.956,-55.858,-65.836,←,0.0200,0.00000,4.45578
654.836,-55.869,-65.378,←,0.0200,0.00000,4.45578
655.700,-55.886,-65.963,←,0.0200,0.00000,4.45578
656.585,-55.909,-66.129,←,0.0200,0.00000,4.45578
657.454,-55.870,-66.254,←,0.0200,0.00000,4.45578
658.337,-55.894,-66.132,←,0.0200,0.00000,4.45578
659.203,-55.869,-65.242,←,0.0200,0.00000,4.45578
660.073,-55.858,-65.392,←,0.0200,0.00000,4.45578
660.956,-55.859,-65.485,←,0.0200,0.00000,4.45578
661.832,-55.896,-65.634,←,0.0200,0.00000,4.45578
662.699,-55.830,-65.869,←,0.0200,0.00202,4.45376
663.577,-55.903,-65.841,←,0.0200,0.00000,4.45376
664.455,-55.925,-65.892,←,0.0200,0.00000,4.45376
665.332,-55.881,-65.495,←,0.0200,0.00000,4.45376
666.208,-55.887,-65.859,←,0.0200,0.00000,4.45376
667.073,-55.904,-65.603,←,0.0200,0.00000,4.45376
667.957,-55.880,-65.357,←,0.0200,0.00000,4.45376
668.826,-55.840,-65.895,←,0.0200,0.00000,4.45376
669.705,-55.894,-65.564,←,0.0200,0.00000,4.45376
670.576,-55.897,-65.490,←,0.0200,0.00000,4.45376
671.456,-55.866,-65.755,←,0.0200,0.00000,4.45376
672.330,-55.864,-65.857,←,0.0200,0.00000,4.45376
673.194,-55.873,-66.002,←,0.0200,0.00000,4.45376
674.077,-55.857,-65.469,←,0.0200,0.00000,4.45376
674.946,-55.853,-65.939,←,0.0200,0.00000,4.45376
675.834,-55.833,-65.712,←,0.0200,0.00201,4.45175
676.706,-55.910,-65.722,←,0.0200,0.00000,4.45175
677.580,-55.883,-66.068,←,0.0200,0.00000,4.45175
678.451,-55.823,-65.430,←,0.0200,0.00204,4.44971
679.330,-55.941,-65.600,←,0.0200,0.00000,4.44971
680.205,-55.979,-65.567,←,0.0200,0.00000,4.44971
681.069,-55.876,-65.262,←,0.0200,0.00000,4.44971
681.958,-55.947,-65.449,←,0.0200,0.00000,4.44971
682.830,-55.928,-66.052,←,0.0200,0.00000,4.44971
683.705,-55.876,-65.495,←,0.0200,0.00000,4.44971
684.587,-55.873,-65.365,←,0.0200,0.00000,4.44971
685.449,-55.841,-65.436,←,0.0200,0.00000,4.44971
686.325,-55.914,-65.381,←,0.0200,0.00000,4.44971
687.210,-55.840,-65.306,←,0.0200,0.00000,4.44971
688.078,-55.929,-65.928,←,0.0200,0.00000,4.44971
688.946,-55.853,-65.433,←,0.0200,0.00000,4.44971
689.831,-55.891,-65.916,←,0.0200,0.00000,4.44971
690.703,-55.879,-65.347,←,0.0200,0.00000,4.44971
691.577,-55.850,-66.055,←,0.0200,0.00000,4.44971
692.447,-55.847,-65.991,←,0.0200,0.00000,4.44971
693.338,-55.899,-65.897,←,0.0200,0.00000,4.44971
694.202,-55.833,-65.575,←,0.0200,0.00201,4.44770
695.073,-55.877,-65.528,←,0.0200,0.00000,4.44770
695.955,-55.855,-65.900,←,0.0200,0.00000,4.44770
696.820,-55.886,-66.086,←,0.0200,0.00000,4.44770
697.706,-55.920,-65.410,←,0.0200,0.00000,4.44770
698.581,-55.831,-65.412,←,0.0200,0.00202,4.44568
699.454,-55.877,-65.314,←,0.0200,0.00000,4.44568
700.339,-55.831,-65.673,←,0.0200,0.00202,4.44367
701.202,-55.933,-66.054,←,0.0200,0.00000,4.44367
702.077,-55.876,-65.920,←,0.0200,0.00000,4.44367
702.948,-55.889,-65.888,←,0.0200,0.00000,4.44367
703.831,-55.853,-65.870,←,0.0200,0.00000,4.44367
704.710,-55.962,-65.445,←,0.0200,0.00000,4.44367
705.581,-55.824,-66.218,←,0.0200,0.00204,4.44163
706.457,-55.928,-65.789,←,0.0200,0.00000,4.44163
707.439,-55.855,-66.251,←,0.0200,0.00000,4.44163
708.306,-55.928,-65.404,←,0.0200,0.00000,4.44163
709.180,-55.904,-65.478,←,0.0200,0.00000,4.44163
710.053,-55.918,-65.204,←,0.0200,0.00000,4.44163
710.931,-55.895,-65.928,←,0.0200,0.00000,4.44163
711.810,-55.917,-65.597,←,0.0200,0.00000,4.44163
712.687,-55.878,-65.889,←,0.0200,0.00000,4.44163
713.554,-55.918,-66.192,←,0.0200,0.00000,4.44163
714.424,-55.891,-65.351,←,0.0200,0.00000,4.44163
715.302,-55.949,-65.789,←,0.0200,0.00000,4.44163
716.182,-55.922,-65.586,←,0.0200,0.00000,4.44163
717.045,-55.905,-65.747,←,0.0200,0.00000,4.44163
717.936,-55.930,-66.131,←,0.0200,0.00000,4.44163
718.802,-55.911,-65.527,←,0.0200,0.00000,4.44163
719.685,-55.870,-65.599,←,0.0200,0.00000,4.44163
720.558,-55.915,-65.578,←,0.0200,0.00000,4.44163
721.430,-55.937,-65.202,←,0.0200,0.00000,4.44163
722.300,-55.871,-66.021,←,0.0200,0.00000,4.44163
723.184,-55.881,-65.903,←,0.0200,0.00000,4.44163
724.064,-55.886,-66.153,←,0.0200,0.00000,4.44163
724.934,-55.905,-65.941,←,0.0200,0.00000,4.44163
725.820,-55.923,-65.821,←,0.0200,0.00000,4.44163
726.692,-55.825,-65.375,←,0.0200,0.00203,4.43959
727.551,-55.885,-66.238,←,0.0200,0.00000,4.43959
728.439,-55.959,-65.706,←,0.0200,0.00000,4.43959
729.309,-55.902,-65.825,←,0.0200,0.00000,4.43959
730.183,-55.900,-65.675,←,0.0200,0.00000,4.43959
731.053,-55.882,-65.471,←,0.0200,0.00000,4.43959
731.946,-55.931,-65.396,←,0.0200,0.00000,4.43959
732.807,-55.876,-65.342,←,0.0200,0.00000,4.43959
733.698,-55.843,-65.873,←,0.0200,0.00000,4.43959
734.558,-55.942,-65.519,←,0.0200,0.00000,4.43959
735.432,-55.848,-65.418,←,0.0200,0.00000,4.43959
736.307,-55.852,-66.003,←,0.0200,0.00000,4.43959
737.188,-55.900,-65.217,←,0.0200,0.00000,4.43959
738.063,-55.822,-66.103,←,0.0200,0.00204,4.43755
738.930,-55.863,-65.598,←,0.0200,0.00000,4.43755
739.816,-55.897,-65.400,←,0.0200,0.00000,4.43755
740.687,-55.880,-66.126,←,0.0200,0.00000,4.43755
741.560,-55.848,-66.251,←,0.0200,0.00000,4.43755
742.437,-55.849,-66.273,←,0.0200,0.00000,4.43755
743.312,-55.869,-66.094,←,0.0200,0.00000,4.43755
744.184,-55.857,-65.528,←,0.0200,0.00000,4.43755
745.062,-55.902,-65.485,←,0.0200,0.00000,4.43755
745.934,-55.834,-65.994,←,0.0200,0.00201,4.43554
746.806,-55.866,-65.307,←,0.0200,0.00000,4.43554
747.688,-55.915,-65.926,←,0.0200,0.00000,4.43554
748.561,-55.855,-66.065,←,0.0200,0.00000,4.43554
749.437,-55.901,-66.143,←,0.0200,0.00000,4.43554
750.315,-55.891,-66.226,←,0.0200,0.00000,4.43554
751.179,-55.864,-65.550,←,0.0200,0.00000,4.43554
752.060,-55.895,-66.250,←,0.0200,0.00000,4.43554
752.928,-55.959,-66.350,←,0.0200,0.00000,4.43554
753.814,-55.879,-65.965,←,0.0200,0.00000,4.43554
754.697,-55.891,-66.196,←,0.0200,0.00000,4.43554
755.561,-55.842,-65.264,←,0.0200,0.00000,4.43554
756.434,-55.834,-65.471,←,0.0200,0.00201,4.43354
757.313,-55.965,-65.631,←,0.0200,0.00000,4.43354
758.183,-55.844,-66.038,←,0.0200,0.00000,4.43354
759.057,-55.898,-65.394,←,0.0200,0.00000,4.43354
759.939,-55.845,-65.505,←,0.0200,0.00000,4.43354
760.806,-55.877,-65.941,←,0.0200,0.00000,4.43354
761.684,-55.869,-65.388,←,0.0200,0.00000,4.43354
762.547,-55.850,-65.614,←,0.0200,0.00000,4.43354
763.433,-55.883,-65.390,←,0.0200,0.00000,4.43354
764.311,-55.929,-65.287,←,0.0200,0.00000,4.43354
765.191,-55.927,-65.382,←,0.0200,0.00000,4.43354
766.055,-55.866,-65.429,←,0.0200,0.00000,4.43354
766.943,-55.882,-65.372,←,0.0200,0.00000,4.43354
767.806,-55.893,-65.785,←,0.0200,0.00000,4.43354
768.685,-55.832,-65.851,←,0.0200,0.00201,4.43152
769.557,-55.857,-66.174,←,0.0200,0.00000,4.43152
770.432,-55.950,-66.061,←,0.0200,0.00000,4.43152
771.318,-55.856,-66.178,←,0.0200,0.00000,4.43152
772.182,-55.827,-65.663,←,0.0200,0.00203,4.42949
773.058,-55.888,-66.205,←,0.0200,0.00000,4.42949
773.932,-55.905,-66.159,←,0.0200,0.00000,4.42949
774.812,-55.869,-66.202,←,0.0200,0.00000,4.42949
775.683,-55.898,-65.658,←,0.0200,0.00000,4.42949
776.559,-55.897,-66.004,←,0.0200,0.00000,4.42949
777.432,-55.953,-65.352,←,0.0200,0.00000,4.42949
778.306,-55.898,-65.565,←,0.0200,0.00000,4.42949
779.186,-55.872,-65.389,←,0.0200,0.00000,4.42949
780.057,-55.853,-65.653,←,0.0200,0.00000,4.42949
780.930,-55.853,-65.440,←,0.0200,0.00000,4.42949
781.809,-55.923,-65.456,←,0.0200,0.00000,4.42949
782.693,-55.900,-65.499,←,0.0200,0.00000,4.42949
783.549,-55.854,-65.915,←,0.0200,0.00000,4.42949
784.432,-55.900,-65.981,←,0.0200,0.00000,4.42949
785.301,-55.839,-66.106,←,0.0200,0.00000,4.42949
786.186,-55.883,-65.708,←,0.0200,0.00000,4.42949
787.073,-55.862,-65.987,←,0.0200,0.00000,4.42949
787.942,-55.854,-66.069,←,0.0200,0.00000,4.42949
788.805,-55.814,-65.843,←,0.0200,0.00207,4.42743
789.694,-55.936,-65.658,←,0.0200,0.00000,4.42743
790.568,-55.877,-65.454,←,0.0200,0.00000,4.42743
791.440,-55.885,-66.041,←,0.0200,0.00000,4.42743
792.314,-55.908,-66.082,←,0.0200,0.00000,4.42743
793.185,-55.880,-65.326,←,0.0200,0.00000,4.42743
794.058,-55.901,-65.619,←,0.0200,0.00000,4.42743
794.939,-55.838,-65.614,←,0.0200,0.00000,4.42743
795.808,-55.865,-65.719,←,0.0200,0.00000,4.42743
796.687,-55.885,-66.215,←,0.0200,0.00000,4.42743
797.560,-55.888,-66.060,←,0.0200,0.00000,4.42743
798.427,-55.854,-66.133,←,0.0200,0.00000,4.42743
799.297,-55.903,-66.205,←,0.0200,0.00000,4.42743
800.184,-55.858,-65.242,←,0.0200,0.00000,4.42743
801.053,-55.908,-65.507,←,0.0200,0.00000,4.42743
801.931,-55.868,-65.418,←,0.0200,0.00000,4.42743
802.810,-55.891,-66.129,←,0.0200,0.00000,4.42743
803.675,-55.849,-65.405,←,0.0200,0.00000,4.42743
804.548,-55.877,-65.971,←,0.0200,0.00000,4.42743
805.427,-55.858,-65.786,←,0.0200,0.00000,4.42743
806.312,-55.805,-65.541,←,0.0200,0.00209,4.42533
807.166,-55.813,-65.297,←,0.0200,0.00207,4.42326
808.058,-55.894,-65.922,←,0.0200,0.00000,4.42326
808.928,-55.913,-66.023,←,0.0200,0.00000,4.42326
809.804,-55.897,-65.809,←,0.0200,0.00000,4.42326
810.681,-55.919,-65.738,←,0.0200,0.00000,4.42326
811.551,-55.890,-65.420,←,0.0200,0.00000,4.42326
812.426,-55.953,-65.514,←,0.0200,0.00000,4.42326
813.296,-55.916,-65.612,←,0.0200,0.00000,4.42326
814.180,-55.921,-65.655,←,0.0200,0.00000,4.42326
815.059,-55.907,-66.063,←,0.0200,0.00000,4.42326
815.933,-55.895,-65.295,←,0.0200,0.00000,4.42326
816.819,-55.894,-65.599,←,0.0200,0.00000,4.42326
817.676,-55.889,-65.675,←,0.0200,0.00000,4.42326
818.560,-55.850,-65.391,←,0.0200,0.00000,4.42326
819.430,-55.890,-65.933,←,0.0200,0.00000,4.42326
820.310,-55.846,-65.915,←,0.0200,0.00000,4.42326
821.184,-55.948,-65.278,←,0.0200,0.00000,4.42326
822.050,-55.912,-65.349,←,0.0200,0.00000,4.42326
822.934,-55.876,-65.757,←,0.0200,0.00000,4.42326
823.799,-55.900,-65.400,←,0.0200,0.00000,4.42326
824.669,-55.881,-65.414,←,0.0200,0.00000,4.42326
825.556,-55.894,-65.709,←,0.0200,0.00000,4.42326
826.419,-55.878,-65.393,←,0.0200,0.00000,4.42326
827.300,-55.827,-65.500,←,0.0200,0.00203,4.42123
828.181,-55.843,-65.643,←,0.0200,0.00000,4.42123
829.055,-55.904,-66.260,←,0.0200,0.00000,4.42123
829.932,-55.872,-65.703,←,0.0200,0.00000,4.42123
830.796,-55.902,-65.257,←,0.0200,0.00000,4.42123
831.672,-55.846,-65.592,←,0.0200,0.00000,4.42123
832.555,-55.890,-66.087,←,0.0200,0.00000,4.42123
833.429,-55.866,-66.080,←,0.0200,0.00000,4.42123
834.311,-55.818,-65.801,←,0.0200,0.00206,4.41917
835.180,-55.926,-65.337,←,0.0200,0.00000,4.41917
836.055,-55.870,-65.818,←,0.0200,0.00000,4.41917
836.933,-55.842,-65.930,←,0.0200,0.00000,4.41917
837.804,-55.921,-65.222,←,0.0200,0.00000,4.41917
838.682,-55.887,-65.888,←,0.0200,0.00000,4.41917
839.555,-55.940,-65.403,←,0.0200,0.00000,4.41917
840.431,-55.884,-65.421,←,0.0200,0.00000,4.41917
841.305,-55.894,-65.852,←,0.0200,0.00000,4.41917
842.185,-55.874,-66.097,←,0.0200,0.00000,4.41917
843.053,-55.870,-65.287,←,0.0200,0.00000,4.41917
843.930,-55.888,-66.010,←,0.0200,0.00000,4.41917
844.806,-55.887,-65.516,←,0.0200,0.00000,4.41917
845.685,-55.840,-65.679,←,0.0200,0.00000,4.41917
846.555,-55.871,-65.487,←,0.0200,0.00000,4.41917
847.425,-55.886,-66.111,←,0.0200,0.00000,4.41917
848.307,-55.927,-65.392,←,0.0200,0.00000,4.41917
849.177,-55.949,-66.197,←,0.0200,0.00000,4.41917
850.046,-55.893,-65.931,←,0.0200,0.00000,4.41917
850.925,-55.895,-65.871,←,0.0200,0.00000,4.41917
851.800,-55.886,-65.728,←,0.0200,0.00000,4.41917
852.676,-55.850,-66.086,←,0.0200,0.00000,4.41917
853.556,-55.865,-66.072,←,0.0200,0.00000,4.41917
854.426,-55.860,-65.919,←,0.0200,0.00000,4.41917
855.305,-55.906,-65.656,←,0.0200,0.00000,4.41917
856.185,-55.815,-66.165,←,0.0200,0.00207,4.41711
857.054,-55.873,-65.783,←,0.0200,0.00000,4.41711
857.929,-55.872,-65.692,←,0.0200,0.00000,4.41711
858.806,-55.900,-65.998,←,0.0200,0.00000,4.41711
859.689,-55.857,-65.636,←,0.0200,0.00000,4.41711
860.561,-55.877,-66.268,←,0.0200,0.00000,4.41711
861.428,-55.803,-66.002,←,0.0200,0.00210,4.41501
862.297,-55.893,-66.077,←,0.0200,0.00000,4.41501
863.179,-55.896,-66.281,←,0.0200,0.00000,4.41501
864.050,-55.876,-66.061,←,0.0200,0.00000,4.41501
864.924,-55.845,-65.203,←,0.0200,0.00000,4.41501
865.806,-55.876,-65.894,←,0.0200,0.00000,4.41501
866.684,-55.898,-65.363,←,0.0200,0.00000,4.41501
867.554,-55.856,-66.003,←,0.0200,0.00000,4.41501
868.422,-55.860,-65.580,←,0.0200,0.00000,4.41501
869.302,-55.885,-65.507,←,0.0200,0.00000,4.41501
870.179,-55.873,-65.573,←,0.0200,0.00000,4.41501
871.049,-55.864,-65.770,←,0.0200,0.00000,4.41501
871.927,-55.857,-65.896,←,0.0200,0.00000,4.41501
872.807,-55.811,-65.370,←,0.0200,0.00208,4.41293
873.689,-55.899,-65.446,←,0.0200,0.00000,4.41293
874.557,-55.853,-65.955,←,0.0200,0.00000,4.41293
875.433,-55.860,-65.241,←,0.0200,0.00000,4.41293
876.304,-55.864,-65.657,←,0.0200,0.00000,4.41293
877.177,-55.849,-65.810,←,0.0200,0.00000,4.41293
878.046,-55.868,-65.872,←,0.0200,0.00000,4.41293
878.929,-55.874,-66.019,←,0.0200,0.00000,4.41293
879.813,-55.897,-65.867,←,0.0200,0.00000,4.41293
880.685,-55.887,-65.469,←,0.0200,0.00000,4.41293
881.557,-55.863,-65.170,←,0.0200,0.00000,4.41293
882.430,-55.852,-65.509,←,0.0200,0.00000,4.41293
883.309,-55.901,-65.661,←,0.0200,0.00000,4.41293
884.185,-55.815,-66.215,←,0.0200,0.00207,4.41086
885.061,-55.897,-65.596,←,0.0200,0.00000,4.41086
885.933,-55.830,-65.342,←,0.0200,0.00202,4.40884
886.808,-55.907,-65.769,←,0.0200,0.00000,4.40884
887.672,-55.930,-66.234,←,0.0200,0.00000,4.40884
888.546,-55.956,-66.065,←,0.0200,0.00000,4.40884
889.434,-55.955,-66.217,←,0.0200,0.00000,4.40884
890.308,-55.921,-65.558,←,0.0200,0.00000,4.40884
891.172,-55.929,-65.971,←,0.0200,0.00000,4.40884
892.050,-55.900,-65.612,←,0.0200,0.00000,4.40884
892.940,-55.847,-65.644,←,0.0200,0.00000,4.40884
893.801,-55.816,-65.949,←,0.0200,0.00206,4.40678
894.680,-55.897,-66.195,←,0.0200,0.00000,4.40678
895.549,-55.871,-65.861,←,0.0200,0.00000,4.40678
896.424,-55.853,-65.307,←,0.0200,0.00000,4.40678
897.297,-55.933,-66.186,←,0.0200,0.00000,4.40678
898.189,-55.867,-65.728,←,0.0200,0.00000,4.40678
899.047,-55.830,-65.447,←,0.0200,0.00202,4.40476
899.927,-55.874,-65.791,←,0.0200,0.00000,4.40476
900.807,-55.922,-65.712,←,0.0200,0.00000,4.40476
901.680,-55.914,-65.651,←,0.0200,0.00000,4.40476
902.557,-55.889,-65.808,←,0.0200,0.00000,4.40476
903.430,-55.908,-66.103,←,0.0200,0.00000,4.40476
904.314,-55.934,-65.358,←,0.0200,0.00000,4.40476
905.180,-55.938,-65.614,←,0.0200,0.00000,4.40476
906.056,-55.911,-66.133,←,0.0200,0.00000,4.40476
906.924,-55.949,-65.403,←,0.0200,0.00000,4.40476
907.799,-55.923,-66.055,←,0.0200,0.00000,4.40476
908.681,-55.902,-66.000,←,0.0200,0.00000,4.40476
909.551,-55.897,-65.577,←,0.0200,0.00000,4.40476
910.434,-55.902,-65.315,←,0.0200,0.00000,4.40476
911.308,-55.866,-65.535,←,0.0200,0.00000,4.40476
912.186,-55.901,-66.060,←,0.0200,0.00000,4.40476
913.059,-55.874,-65.474,←,0.0200,0.00000,4.40476
913.925,-55.863,-65.355,←,0.0200,0.00000,4.40476
914.800,-55.902,-66.199,←,0.0200,0.00000,4.40476
915.677,-55.917,-65.302,←,0.0200,0.00000,4.40476
916.554,-55.897,-65.646,←,0.0200,0.00000,4.40476
917.426,-55.903,-65.372,←,0.0200,0.00000,4.40476
918.303,-55.901,-65.736,←,0.0200,0.00000,4.40476
919.185,-55.886,-65.308,←,0.0200,0.00000,4.40476
920.054,-55.950,-65.606,←,0.0200,0.00000,4.40476
920.921,-55.882,-65.942,←,0.0200,0.00000,4.40476
921.802,-55.872,-66.071,←,0.0200,0.00000,4.40476
922.680,-55.816,-66.014,←,0.0200,0.00206,4.40270
923.553,-55.866,-65.730,←,0.0200,0.00000,4.40270
924.438,-55.879,-65.771,←,0.0200,0.00000,4.40270
925.308,-55.891,-65.962,←,0.0200,0.00000,4.40270
926.182,-55.871,-65.559,←,0.0200,0.00000,4.40270
927.059,-55.895,-65.441,←,0.0200,0.00000,4.40270
927.929,-55.852,-65.505,←,0.0200,0.00000,4.40270
928.804,-55.897,-65.483,←,0.0200,0.00000,4.40270
929.684,-55.894,-65.877,←,0.0200,0.00000,4.40270
930.564,-55.894,-65.867,←,0.0200,0.00000,4.40270
931.432,-55.975,-65.598,←,0.0200,0.00000,4.40270
932.300,-55.884,-65.961,←,0.0200,0.00000,4.40270
933.180,-55.864,-65.770,←,0.0200,0.00000,4.40270
934.050,-56.009,-65.983,←,0.0200,0.00000,4.40270
934.940,-55.881,-65.378,←,0.0200,0.00000,4.40270
935.805,-55.940,-65.334,←,0.0200,0.00000,4.40270
936.689,-55.926,-65.660,←,0.0200,0.00000,4.40270
937.559,-55.911,-65.358,←,0.0200,0.00000,4.40270
938.428,-55.943,-66.146,←,0.0200,0.00000,4.40270
939.303,-55.899,-65.383,←,0.0200,0.00000,4.40270
940.185,-55.884,-65.850,←,0.0200,0.00000,4.40270
941.053,-55.836,-66.032,←,0.0200,0.00200,4.40070
941.926,-55.929,-65.600,←,0.0200,0.00000,4.40070
942.807,-55.892,-66.062,←,0.0200,0.00000,4.40070
943.674,-55.852,-66.107,←,0.0200,0.00000,4.40070
944.553,-55.874,-65.745,←,0.0200,0.00000,4.40070
945.451,-55.913,-66.112,←,0.0200,0.00000,4.40070
946.301,-55.836,-66.225,←,0.0200,0.00200,4.39869
947.181,-55.931,-65.734,←,0.0200,0.00000,4.39869
948.056,-55.906,-65.636,←,0.0200,0.00000,4.39869
948.925,-55.912,-66.146,←,0.0200,0.00000,4.39869
949.804,-55.930,-65.900,←,0.0200,0.00000,4.39869
950.670,-55.830,-65.088,←,0.0200,0.00202,4.39668
951.556,-55.918,-66.134,←,0.0200,0.00000,4.39668
952.427,-55.891,-65.788,←,0.0200,0.00000,4.39668
953.301,-55.912,-65.266,←,0.0200,0.00000,4.39668
954.179,-55.915,-65.410,←,0.0200,0.00000,4.39668
955.051,-55.878,-65.652,←,0.0200,0.00000,4.39668
955.929,-55.888,-66.095,←,0.0200,0.00000,4.39668
956.797,-55.953,-66.014,←,0.0200,0.00000,4.39668
957.677,-55.877,-65.804,←,0.0200,0.00000,4.39668
958.554,-55.896,-65.903,←,0.0200,0.00000,4.39668
959.430,-55.932,-65.348,←,0.0200,0.00000,4.39668
960.307,-55.896,-66.128,←,0.0200,0.00000,4.39668
961.183,-55.931,-65.694,←,0.0200,0.00000,4.39668
962.063,-55.938,-65.532,←,0.0200,0.00000,4.39668
962.936,-55.906,-66.295,←,0.0200,0.00000,4.39668
963.802,-55.918,-65.913,←,0.0200,0.00000,4.39668
964.680,-55.878,-65.997,←,0.0200,0.00000,4.39668
965.555,-55.889,-65.316,←,0.0200,0.00000,4.39668
966.422,-55.875,-66.044,←,0.0200,0.00000,4.39668
967.295,-55.865,-65.234,←,0.0200,0.00000,4.39668
968.175,-55.900,-65.380,←,0.0200,0.00000,4.39668
969.044,-55.895,-65.595,←,0.0200,0.00000,4.39668
969.926,-55.898,-65.523,←,0.0200,0.00000,4.39668
970.797,-55.918,-66.090,←,0.0200,0.00000,4.39668
971.674,-55.864,-65.925,←,0.0200,0.00000,4.39668
972.559,-55.887,-65.482,←,0.0200,0.00000,4.39668
973.429,-55.815,-65.485,←,0.0200,0.00206,4.39461
974.298,-55.931,-65.361,←,0.0200,0.00000,4.39461
975.188,-55.836,-65.473,←,0.0200,0.00200,4.39261
976.050,-55.914,-65.303,←,0.0200,0.00000,4.39261
976.931,-55.922,-66.267,←,0.0200,0.00000,4.39261
977.800,-55.954,-66.002,←,0.0200,0.00000,4.39261
978.676,-55.909,-65.477,←,0.0200,0.00000,4.39261
979.551,-55.910,-65.499,←,0.0200,0.00000,4.39261
980.424,-55.908,-65.673,←,0.0200,0.00000,4.39261
981.306,-55.926,-65.552,←,0.0200,0.00000,4.39261
982.180,-55.944,-65.441,←,0.0200,0.00000,4.39261
983.051,-55.939,-65.494,←,0.0200,0.00000,4.39261
983.932,-55.898,-65.532,←,0.0200,0.00000,4.39261
984.797,-55.879,-65.611,←,0.0200,0.00000,4.39261
985.676,-55.924,-65.611,←,0.0200,0.00000,4.39261
986.558,-55.946,-65.593,←,0.0200,0.00000,4.39261
987.430,-55.925,-65.464,←,0.0200,0.00000,4.39261
988.304,-55.908,-65.810,←,0.0200,0.00000,4.39261
989.175,-55.935,-66.031,←,0.0200,0.00000,4.39261
990.047,-55.915,-66.169,←,0.0200,0.00000,4.39261
990.919,-55.862,-65.301,←,0.0200,0.00000,4.39261
991.803,-55.880,-65.366,←,0.0200,0.00000,4.39261
992.670,-55.891,-66.145,←,0.0200,0.00000,4.39261
993.569,-55.889,-65.519,←,0.0200,0.00000,4.39261
994.427,-55.840,-66.282,←,0.0200,0.00000,4.39261
995.311,-55.844,-65.548,←,0.0200,0.00000,4.39261
996.169,-55.873,-65.391,←,0.0200,0.00000,4.39261
997.044,-55.826,-66.018,←,0.0200,0.00203,4.39058
997.920,-55.938,-66.139,←,0.0200,0.00000,4.39058
998.802,-55.838,-65.782,←,0.0200,0.00000,4.39058
999.680,-55.852,-65.528,←,0.0200,0.00000,4.39058
1000.551,-55.880,-65.309,←,0.0200,0.00000,4.39058
1001.421,-55.893,-65.586,←,0.0200,0.00000,4.39058
1002.296,-55.857,-66.090,←,0.0200,0.00000,4.39058
1003.170,-55.865,-65.534,←,0.0200,0.00000,4.39058
1004.060,-55.823,-65.350,←,0.0200,0.00204,4.38854
1004.924,-55.960,-65.695,←,0.0200,0.00000,4.38854
1005.797,-55.851,-65.485,←,0.0200,0.00000,4.38854
1006.675,-55.925,-65.977,←,0.0200,0.00000,4.38854
1007.552,-55.930,-65.580,←,0.0200,0.00000,4.38854
1008.435,-55.916,-65.733,←,0.0200,0.00000,4.38854
1009.302,-55.887,-66.148,←,0.0200,0.00000,4.38854
1010.170,-55.874,-65.631,←,0.0200,0.00000,4.38854
1011.050,-55.883,-65.614,←,0.0200,0.00000,4.38854
1011.928,-55.881,-65.629,←,0.0200,0.00000,4.38854
1012.789,-55.868,-65.380,←,0.0200,0.00000,4.38854
1013.673,-55.915,-65.961,←,0.0200,0.00000,4.38854
1014.552,-55.933,-65.683,←,0.0200,0.00000,4.38854
1015.435,-55.873,-66.107,←,0.0200,0.00000,4.38854
1016.295,-55.866,-66.023,←,0.0200,0.00000,4.38854
1017.178,-55.879,-65.444,←,0.0200,0.00000,4.38854
1018.050,-55.912,-65.810,←,0.0200,0.00000,4.38854
1018.915,-55.907,-65.512,←,0.0200,0.00000,4.38854
1019.794,-55.903,-65.982,←,0.0200,0.00000,4.38854
1020.675,-55.872,-65.398,←,0.0200,0.00000,4.38854
1021.548,-55.917,-66.206,←,0.0200,0.00000,4.38854
1022.423,-55.942,-65.473,←,0.0200,0.00000,4.38854
1023.301,-55.885,-65.999,←,0.0200,0.00000,4.38854
1024.168,-55.945,-65.374,←,0.0200,0.00000,4.38854
1025.059,-55.866,-65.859,←,0.0200,0.00000,4.38854
1025.930,-55.887,-65.371,←,0.0200,0.00000,4.38854
1026.798,-55.874,-65.371,←,0.0200,0.00000,4.38854
1027.682,-55.885,-66.182,←,0.0200,0.00000,4.38854
1028.559,-55.898,-65.739,←,0.0200,0.00000,4.38854
1029.430,-55.933,-65.263,←,0.0200,0.00000,4.38854
1030.302,-55.876,-66.068,←,0.0200,0.00000,4.38854
1031.180,-55.861,-66.037,←,0.0200,0.00000,4.38854
1032.056,-55.883,-66.155,←,0.0200,0.00000,4.38854
1032.920,-55.912,-66.104,←,0.0200,0.00000,4.38854
1033.805,-55.867,-65.837,←,0.0200,0.00000,4.38854
1034.678,-55.806,-66.211,←,0.0200,0.00209,4.38644
1035.552,-55.896,-65.733,←,0.0200,0.00000,4.38644
1036.452,-55.900,-65.645,←,0.0200,0.00000,4.38644
1037.292,-55.886,-65.434,←,0.0200,0.00000,4.38644
1038.181,-55.903,-65.394,←,0.0200,0.00000,4.38644
1039.048,-55.903,-65.452,←,0.0200,0.00000,4.38644
1039.927,-55.845,-65.690,←,0.0200,0.00000,4.38644
1040.801,-55.874,-65.710,←,0.0200,0.00000,4.38644
1041.675,-55.833,-65.529,←,0.0200,0.00201,4.38443
1042.553,-55.902,-66.230,←,0.0200,0.00000,4.38443
1043.419,-55.910,-65.677,←,0.0200,0.00000,4.38443
1044.294,-55.877,-65.742,←,0.0200,0.00000,4.38443
1045.175,-55.917,-65.364,←,0.0200,0.00000,4.38443
1046.053,-55.867,-66.215,←,0.0200,0.00000,4.38443
1046.926,-55.776,-66.029,←,0.0200,0.00218,4.38225
1047.796,-55.903,-66.217,←,0.0200,0.00000,4.38225
1048.678,-55.910,-65.311,←,0.0200,0.00000,4.38225
1049.553,-55.876,-65.454,←,0.0200,0.00000,4.38225
1050.426,-55.922,-66.116,←,0.0200,0.00000,4.38225
1051.312,-55.922,-65.810,←,0.0200,0.00000,4.38225
1052.183,-55.829,-65.788,←,0.0200,0.00202,4.38023
1053.045,-55.879,-65.333,←,0.0200,0.00000,4.38023
1053.935,-55.886,-66.017,←,0.0200,0.00000,4.38023
1054.805,-55.906,-65.898,←,0.0200,0.00000,4.38023
1055.679,-55.871,-66.141,←,0.0200,0.00000,4.38023
1056.546,-55.933,-66.127,←,0.0200,0.00000,4.38023
1057.432,-55.908,-65.749,←,0.0200,0.00000,4.38023
1058.299,-55.889,-65.587,←,0.0200,0.00000,4.38023
1059.173,-55.848,-65.604,←,0.0200,0.00000,4.38023
1060.051,-55.898,-65.164,←,0.0200,0.00000,4.38023
1060.927,-55.846,-66.163,←,0.0200,0.00000,4.38023
1061.799,-55.858,-65.859,←,0.0200,0.00000,4.38023
1062.681,-55.869,-65.442,←,0.0200,0.00000,4.38023
1063.552,-55.846,-65.330,←,0.0200,0.00000,4.38023
1064.433,-55.870,-65.520,←,0.0200,0.00000,4.38023
1065.308,-55.891,-66.136,←,0.0200,0.00000,4.38023
1066.165,-55.890,-65.204,←,0.0200,0.00000,4.38023
1067.055,-55.866,-65.380,←,0.0200,0.00000,4.38023
1067.923,-55.864,-65.353,←,0.0200,0.00000,4.38023
1068.799,-55.947,-65.554,←,0.0200,0.00000,4.38023
1069.680,-55.902,-65.837,←,0.0200,0.00000,4.38023
1070.551,-55.959,-66.047,←,0.0200,0.00000,4.38023
1071.431,-55.880,-65.320,←,0.0200,0.00000,4.38023
1072.317,-55.826,-65.866,←,0.0200,0.00203,4.37820
1073.170,-55.909,-66.199,←,0.0200,0.00000,4.37820
1074.045,-55.954,-65.383,←,0.0200,0.00000,4.37820
1074.927,-55.871,-65.972,←,0.0200,0.00000,4.37820
1075.799,-55.919,-66.004,←,0.0200,0.00000,4.37820
1076.675,-55.876,-66.198,←,0.0200,0.00000,4.37820
1077.550,-55.935,-65.996,←,0.0200,0.00000,4.37820
1078.425,-55.901,-65.896,←,0.0200,0.00000,4.37820
1079.297,-55.894,-65.239,←,0.0200,0.00000,4.37820
1080.166,-55.923,-65.698,←,0.0200,0.00000,4.37820
1081.047,-55.894,-65.876,←,0.0200,0.00000,4.37820
1081.934,-55.812,-66.045,←,0.0200,0.00207,4.37612
1082.801,-55.866,-66.164,←,0.0200,0.00000,4.37612
1083.674,-55.925,-66.001,←,0.0200,0.00000,4.37612
1084.547,-55.865,-65.327,←,0.0200,0.00000,4.37612
1085.423,-55.917,-65.585,←,0.0200,0.00000,4.37612
1086.296,-55.914,-65.264,←,0.0200,0.00000,4.37612
1087.165,-55.979,-65.974,←,0.0200,0.00000,4.37612
1088.050,-55.892,-65.757,←,0.0200,0.00000,4.37612
1088.928,-55.897,-66.227,←,0.0200,0.00000,4.37612
1089.798,-55.908,-65.840,←,0.0200,0.00000,4.37612
1090.680,-55.852,-65.718,←,0.0200,0.00000,4.37612
1091.560,-55.983,-65.848,←,0.0200,0.00000,4.37612
1092.423,-55.865,-65.603,←,0.0200,0.00000,4.37612
1093.305,-55.869,-65.600,←,0.0200,0.00000,4.37612
1094.181,-55.932,-65.898,←,0.0200,0.00000,4.37612
1095.052,-55.877,-66.078,←,0.0200,0.00000,4.37612
1095.936,-55.848,-65.999,←,0.0200,0.00000,4.37612
1096.816,-55.905,-65.448,←,0.0200,0.00000,4.37612
1097.677,-55.856,-66.071,←,0.0200,0.00000,4.37612
1098.565,-55.872,-65.531,←,0.0200,0.00000,4.37612
1099.427,-55.875,-65.831,←,0.0200,0.00000,4.37612
1100.300,-55.901,-66.067,←,0.0200,0.00000,4.37612
1101.183,-55.887,-65.928,←,0.0200,0.00000,4.37612
1102.067,-55.864,-65.471,←,0.0200,0.00000,4.37612
1102.935,-55.880,-65.832,←,0.0200,0.00000,4.37612
1103.796,-55.871,-66.016,←,0.0200,0.00000,4.37612
1104.677,-55.872,-66.145,←,0.0200,0.00000,4.37612
1105.562,-55.830,-65.645,←,0.0200,0.00202,4.37410
1106.431,-55.872,-65.708,←,0.0200,0.00000,4.37410
1107.317,-55.896,-65.730,←,0.0200,0.00000,4.37410
1108.185,-55.872,-65.953,←,0.0200,0.00000,4.37410
1109.044,-55.867,-65.408,←,0.0200,0.00000,4.37410
1109.931,-55.845,-65.665,←,0.0200,0.00000,4.37410
1110.802,-55.869,-66.124,←,0.0200,0.00000,4.37410
1111.680,-55.903,-65.710,←,0.0200,0.00000,4.37410
1112.544,-55.900,-65.328,←,0.0200,0.00000,4.37410
1113.437,-55.876,-65.464,←,0.0200,0.00000,4.37410
1114.312,-55.872,-66.025,←,0.0200,0.00000,4.37410
1115.180,-55.882,-65.308,←,0.0200,0.00000,4.37410
1116.058,-55.891,-66.031,←,0.0200,0.00000,4.37410
1116.928,-55.873,-65.351,←,0.0200,0.00000,4.37410
1117.804,-55.857,-66.088,←,0.0200,0.00000,4.37410
1118.683,-55.861,-65.720,←,0.0200,0.00000,4.37410
1119.551,-55.824,-65.819,←,0.0200,0.00204,4.37207
1120.431,-55.909,-65.694,←,0.0200,0.00000,4.37207
1121.313,-55.882,-65.842,←,0.0200,0.00000,4.37207
1122.180,-55.862,-65.551,←,0.0200,0.00000,4.37207
1123.055,-55.877,-65.422,←,0.0200,0.00000,4.37207
1123.934,-55.822,-65.392,←,0.0200,0.00204,4.37002
1124.804,-55.885,-65.464,←,0.0200,0.00000,4.37002
1125.686,-55.920,-65.927,←,0.0200,0.00000,4.37002
1126.549,-55.877,-65.793,←,0.0200,0.00000,4.37002
1127.425,-55.903,-66.340,←,0.0200,0.00000,4.37002
1128.306,-55.894,-65.568,←,0.0200,0.00000,4.37002
1129.183,-55.870,-65.385,←,0.0200,0.00000,4.37002
1130.055,-55.874,-65.998,←,0.0200,0.00000,4.37002
1130.935,-55.934,-65.678,←,0.0200,0.00000,4.37002
1131.802,-55.884,-65.168,←,0.0200,0.00000,4.37002
1132.683,-55.882,-65.436,←,0.0200,0.00000,4.37002
1133.556,-55.872,-65.324,←,0.0200,0.00000,4.37002
1134.432,-55.902,-65.805,←,0.0200,0.00000,4.37002
1135.300,-55.887,-65.651,←,0.0200,0.00000,4.37002
1136.180,-55.851,-65.788,←,0.0200,0.00000,4.37002
1137.054,-55.891,-66.029,←,0.0200,0.00000,4.37002
1137.922,-55.865,-65.879,←,0.0200,0.00000,4.37002
1138.807,-55.832,-66.089,←,0.0200,0.00201,4.36801
1139.685,-55.883,-66.020,←,0.0200,0.00000,4.36801
1140.545,-55.891,-65.412,←,0.0200,0.00000,4.36801
1141.441,-55.898,-65.751,←,0.0200,0.00000,4.36801
1142.306,-55.898,-65.619,←,0.0200,0.00000,4.36801
1143.172,-55.910,-65.336,←,0.0200,0.00000,4.36801
1144.063,-55.918,-65.872,←,0.0200,0.00000,4.36801
1144.925,-55.903,-65.980,←,0.0200,0.00000,4.36801
1145.805,-55.896,-65.403,←,0.0200,0.00000,4.36801
1146.676,-55.932,-66.244,←,0.0200,0.00000,4.36801
1147.551,-55.884,-66.110,←,0.0200,0.00000,4.36801
1148.430,-55.876,-65.998,←,0.0200,0.00000,4.36801
1149.297,-55.896,-65.374,←,0.0200,0.00000,4.36801
1150.176,-55.809,-65.553,←,0.0200,0.00208,4.36592
1151.063,-55.875,-65.968,←,0.0200,0.00000,4.36592
1151.930,-55.902,-65.351,←,0.0200,0.00000,4.36592
1152.795,-55.847,-65.392,←,0.0200,0.00000,4.36592
1153.680,-55.896,-65.550,←,0.0200,0.00000,4.36592
1154.550,-55.884,-65.678,←,0.0200,0.00000,4.36592
1155.428,-55.935,-65.522,←,0.0200,0.00000,4.36592
1156.294,-55.962,-65.506,←,0.0200,0.00000,4.36592
1157.181,-55.858,-65.900,←,0.0200,0.00000,4.36592
1158.062,-55.859,-65.513,←,0.0200,0.00000,4.36592
1158.936,-55.884,-65.580,←,0.0200,0.00000,4.36592
1159.817,-55.916,-65.593,←,0.0200,0.00000,4.36592
1160.676,-55.914,-65.834,←,0.0200,0.00000,4.36592
1161.545,-55.892,-66.086,←,0.0200,0.00000,4.36592
1162.426,-55.927,-65.920,←,0.0200,0.00000,4.36592
1163.313,-55.872,-66.140,←,0.0200,0.00000,4.36592
1164.183,-55.915,-66.163,←,0.0200,0.00000,4.36592
1165.064,-55.887,-65.826,←,0.0200,0.00000,4.36592
1165.934,-55.873,-66.103,←,0.0200,0.00000,4.36592
1166.794,-55.894,-66.138,←,0.0200,0.00000,4.36592
1167.680,-55.841,-66.047,←,0.0200,0.00000,4.36592
1168.545,-55.926,-65.854,←,0.0200,0.00000,4.36592
1169.427,-55.883,-65.405,←,0.0200,0.00000,4.36592
1170.305,-55.862,-65.830,←,0.0200,0.00000,4.36592
1171.180,-55.902,-66.087,←,0.0200,0.00000,4.36592
1172.052,-55.892,-65.566,←,0.0200,0.00000,4.36592
1172.928,-55.937,-66.099,←,0.0200,0.00000,4.36592
1173.803,-55.877,-65.645,←,0.0200,0.00000,4.36592
1174.680,-55.838,-66.106,←,0.0200,0.00000,4.36592
1175.554,-55.876,-65.679,←,0.0200,0.00000,4.36592
1176.429,-55.872,-65.292,←,0.0200,0.00000,4.36592
1177.303,-55.817,-65.421,←,0.0200,0.00206,4.36386
1178.170,-55.868,-65.406,←,0.0200,0.00000,4.36386
1179.052,-55.859,-65.456,←,0.0200,0.00000,4.36386
1179.920,-55.915,-65.960,←,0.0200,0.00000,4.36386
1180.808,-55.909,-65.759,←,0.0200,0.00000,4.36386
1181.662,-55.926,-65.712,←,0.0200,0.00000,4.36386
1182.549,-55.906,-65.253,←,0.0200,0.00000,4.36386
1183.427,-55.844,-65.519,←,0.0200,0.00000,4.36386
1184.301,-55.899,-65.821,←,0.0200,0.00000,4.36386
1185.160,-55.899,-65.857,←,0.0200,0.00000,4.36386
1186.037,-55.884,-65.926,←,0.0200,0.00000,4.36386
1186.917,-55.866,-65.860,←,0.0200,0.00000,4.36386
1187.790,-55.881,-65.984,←,0.0200,0.00000,4.36386
1188.663,-55.865,-65.785,←,0.0200,0.00000,4.36386
1189.555,-55.856,-65.707,←,0.0200,0.00000,4.36386
1190.436,-55.907,-65.273,←,0.0200,0.00000,4.36386
1191.304,-55.894,-65.829,←,0.0200,0.00000,4.36386
1192.184,-55.893,-65.860,←,0.0200,0.00000,4.36386
1193.057,-55.864,-65.530,←,0.0200,0.00000,4.36386
1193.942,-55.860,-65.654,←,0.0200,0.00000,4.36386
1194.802,-55.859,-66.157,←,0.0200,0.00000,4.36386
1195.688,-55.914,-65.974,←,0.0200,0.00000,4.36386
1196.577,-55.865,-65.401,←,0.0200,0.00000,4.36386
1197.443,-55.872,-65.573,←,0.0200,0.00000,4.36386
1198.310,-55.902,-65.357,←,0.0200,0.00000,4.36386
1199.191,-55.837,-65.585,←,0.0200,0.00000,4.36386
1200.056,-55.854,-65.650,←,0.0200,0.00000,4.36386
1200.951,-55.866,-65.919,←,0.0200,0.00000,4.36386
1201.818,-55.864,-65.653,←,0.0200,0.00000,4.36386
1202.696,-55.851,-65.738,←,0.0200,0.00000,4.36386
1203.575,-55.874,-65.746,←,0.0200,0.00000,4.36386
1204.439,-55.842,-66.052,←,0.0200,0.00000,4.36386
1205.320,-55.828,-65.793,←,0.0200,0.00202,4.36184
1206.201,-55.829,-65.417,←,0.0200,0.00202,4.35982
1207.073,-55.924,-65.931,←,0.0200,0.00000,4.35982
1207.943,-55.908,-65.750,←,0.0200,0.00000,4.35982
1208.827,-55.878,-65.383,←,0.0200,0.00000,4.35982
1209.696,-55.852,-65.597,←,0.0200,0.00000,4.35982
1210.575,-55.852,-65.992,←,0.0200,0.00000,4.35982
1211.447,-55.931,-65.803,←,0.0200,0.00000,4.35982
1212.316,-55.958,-66.185,←,0.0200,0.00000,4.35982
1213.195,-55.863,-65.265,←,0.0200,0.00000,4.35982
1214.075,-55.864,-66.021,←,0.0200,0.00000,4.35982
1214.947,-55.885,-66.144,←,0.0200,0.00000,4.35982
1215.826,-55.897,-65.365,←,0.0200,0.00000,4.35982
1216.702,-55.876,-65.546,←,0.0200,0.00000,4.35982
1217.577,-55.857,-65.998,←,0.0200,0.00000,4.35982
1218.448,-55.885,-65.644,←,0.0200,0.00000,4.35982
1219.319,-55.837,-66.103,←,0.0200,0.00000,4.35982
1220.196,-55.877,-65.399,←,0.0200,0.00000,4.35982
1221.075,-55.894,-65.622,←,0.0200,0.00000,4.35982
1221.943,-55.849,-66.031,←,0.0200,0.00000,4.35982
1222.822,-55.918,-65.634,←,0.0200,0.00000,4.35982
1223.697,-55.843,-65.423,←,0.0200,0.00000,4.35982
1224.580,-55.855,-65.940,←,0.0200,0.00000,4.35982
1225.448,-55.945,-65.844,←,0.0200,0.00000,4.35982
1226.324,-55.871,-65.356,←,0.0200,0.00000,4.35982
1227.203,-55.910,-65.964,←,0.0200,0.00000,4.35982
1228.073,-55.911,-65.888,←,0.0200,0.00000,4.35982
1228.951,-55.891,-65.486,←,0.0200,0.00000,4.35982
1229.823,-55.834,-66.130,←,0.0200,0.00201,4.35781
1230.697,-55.887,-65.778,←,0.0200,0.00000,4.35781
1231.565,-55.793,-65.431,←,0.0200,0.00213,4.35568
1232.449,-55.869,-65.793,←,0.0200,0.00000,4.35568
1233.323,-55.916,-65.858,←,0.0200,0.00000,4.35568
1234.190,-55.896,-66.077,←,0.0200,0.00000,4.35568
1235.079,-55.894,-65.965,←,0.0200,0.00000,4.35568
1235.947,-55.857,-65.545,←,0.0200,0.00000,4.35568
1236.826,-55.899,-66.009,←,0.0200,0.00000,4.35568
1237.695,-55.837,-65.428,←,0.0200,0.00000,4.35568
1238.571,-55.888,-65.710,←,0.0200,0.00000,4.35568
1239.444,-55.936,-65.969,←,0.0200,0.00000,4.35568
1240.328,-55.903,-65.377,←,0.0200,0.00000,4.35568
1241.204,-55.883,-65.744,←,0.0200,0.00000,4.35568
1242.079,-55.877,-65.301,←,0.0200,0.00000,4.35568
1242.954,-55.918,-66.172,←,0.0200,0.00000,4.35568
1243.823,-55.876,-65.282,←,0.0200,0.00000,4.35568
1244.702,-55.862,-65.446,←,0.0200,0.00000,4.35568
1245.577,-55.875,-65.289,←,0.0200,0.00000,4.35568
1246.449,-55.895,-65.991,←,0.0200,0.00000,4.35568
1247.328,-55.899,-65.489,←,0.0200,0.00000,4.35568
1248.197,-55.945,-65.336,←,0.0200,0.00000,4.35568
1249.078,-55.870,-65.628,←,0.0200,0.00000,4.35568
1249.949,-55.865,-65.826,←,0.0200,0.00000,4.35568
1250.827,-55.932,-65.682,←,0.0200,0.00000,4.35568
1251.699,-55.873,-66.093,←,0.0200,0.00000,4.35568
1252.577,-55.844,-65.396,←,0.0200,0.00000,4.35568
1253.459,-55.875,-66.108,←,0.0200,0.00000,4.35568
1254.319,-55.842,-66.124,←,0.0200,0.00000,4.35568
1255.191,-55.877,-65.240,←,0.0200,0.00000,4.35568
1256.072,-55.944,-65.436,←,0.0200,0.00000,4.35568
1256.950,-55.878,-66.090,←,0.0200,0.00000,4.35568
1257.827,-55.836,-65.578,←,0.0200,0.00200,4.35368
1258.708,-55.926,-65.506,←,0.0200,0.00000,4.35368
1259.580,-55.870,-65.395,←,0.0200,0.00000,4.35368
1260.457,-55.834,-65.400,←,0.0200,0.00201,4.35167
1261.324,-55.927,-65.878,←,0.0200,0.00000,4.35167
1262.208,-55.932,-66.107,←,0.0200,0.00000,4.35167
1263.077,-55.889,-65.383,←,0.0200,0.00000,4.35167
1263.949,-55.872,-65.310,←,0.0200,0.00000,4.35167
1264.829,-55.877,-65.790,←,0.0200,0.00000,4.35167
1265.700,-55.880,-66.048,←,0.0200,0.00000,4.35167
1266.575,-55.918,-65.368,←,0.0200,0.00000,4.35167
1267.446,-55.961,-65.628,←,0.0200,0.00000,4.35167
1268.330,-55.929,-65.690,←,0.0200,0.00000,4.35167
1269.196,-55.870,-65.407,←,0.0200,0.00000,4.35167
1270.079,-55.895,-65.998,←,0.0200,0.00000,4.35167
1270.949,-55.911,-65.960,←,0.0200,0.00000,4.35167
1271.819,-55.891,-65.217,←,0.0200,0.00000,4.35167
1272.702,-55.917,-65.776,←,0.0200,0.00000,4.35167
1273.575,-55.889,-65.881,←,0.0200,0.00000,4.35167
1274.445,-55.936,-65.809,←,0.0200,0.00000,4.35167
1275.328,-55.861,-65.221,←,0.0200,0.00000,4.35167
1276.200,-55.886,-66.003,←,0.0200,0.00000,4.35167
1277.082,-55.925,-66.441,←,0.0200,0.00000,4.35167
1277.954,-55.873,-65.529,←,0.0200,0.00000,4.35167
1278.816,-55.862,-65.489,←,0.0200,0.00000,4.35167
1279.710,-55.871,-66.120,←,0.0200,0.00000,4.35167
1280.581,-55.924,-65.635,←,0.0200,0.00000,4.35167
1281.458,-55.867,-65.643,←,0.0200,0.00000,4.35167
1282.325,-55.819,-65.654,←,0.0200,0.00205,4.34961
1283.196,-55.903,-65.862,←,0.0200,0.00000,4.34961
1284.077,-55.930,-65.529,←,0.0200,0.00000,4.34961
1284.948,-55.878,-65.842,←,0.0200,0.00000,4.34961
1285.833,-55.900,-65.508,←,0.0200,0.00000,4.34961
1286.704,-55.866,-66.105,←,0.0200,0.00000,4.34961
1287.577,-55.854,-65.798,←,0.0200,0.00000,4.34961
1288.449,-55.871,-65.945,←,0.0200,0.00000,4.34961
1289.323,-55.865,-65.470,←,0.0200,0.00000,4.34961
1290.207,-55.900,-65.487,←,0.0200,0.00000,4.34961
1291.080,-55.878,-65.775,←,0.0200,0.00000,4.34961
1291.955,-55.830,-65.398,←,0.0200,0.00202,4.34759
1292.827,-55.895,-65.649,←,0.0200,0.00000,4.34759
1293.712,-55.923,-65.534,←,0.0200,0.00000,4.34759
1294.573,-55.921,-65.697,←,0.0200,0.00000,4.34759
1295.456,-55.870,-65.936,←,0.0200,0.00000,4.34759
1296.336,-55.912,-66.218,←,0.0200,0.00000,4.34759
1297.207,-55.857,-65.329,←,0.0200,0.00000,4.34759
1298.082,-55.870,-66.062,←,0.0200,0.00000,4.34759
1298.965,-55.854,-65.786,←,0.0200,0.00000,4.34759
1299.825,-55.910,-65.820,←,0.0200,0.00000,4.34759
1300.707,-55.845,-66.127,←,0.0200,0.00000,4.34759
1301.567,-55.866,-66.211,←,0.0200,0.00000,4.34759
1302.444,-55.857,-65.631,←,0.0200,0.00000,4.34759
1303.321,-55.920,-65.594,←,0.0200,0.00000,4.34759
1304.199,-55.855,-66.113,←,0.0200,0.00000,4.34759
1305.077,-55.889,-65.843,←,0.0200,0.00000,4.34759
1305.956,-55.874,-65.953,←,0.0200,0.00000,4.34759
1306.827,-55.897,-65.816,←,0.0200,0.00000,4.34759
1307.697,-55.876,-65.495,←,0.0200,0.00000,4.34759
1308.568,-55.876,-65.384,←,0.0200,0.00000,4.34759
1309.455,-55.901,-65.544,←,0.0200,0.00000,4.34759
1310.322,-55.892,-65.680,←,0.0200,0.00000,4.34759
1311.213,-55.800,-66.380,←,0.0200,0.00211,4.34548
1312.075,-55.874,-66.047,←,0.0200,0.00000,4.34548
1312.955,-55.889,-66.018,←,0.0200,0.00000,4.34548
1313.827,-55.874,-65.876,←,0.0200,0.00000,4.34548
1314.702,-55.891,-65.294,←,0.0200,0.00000,4.34548
1315.576,-55.910,-65.849,←,0.0200,0.00000,4.34548
1316.446,-55.871,-65.411,←,0.0200,0.00000,4.34548
1317.335,-55.898,-65.218,←,0.0200,0.00000,4.34548
1318.201,-55.951,-66.091,←,0.0200,0.00000,4.34548
1319.076,-55.871,-65.483,←,0.0200,0.00000,4.34548
1319.964,-55.884,-65.443,←,0.0200,0.00000,4.34548
1320.837,-55.882,-65.568,←,0.0200,0.00000,4.34548
1321.702,-55.863,-65.397,←,0.0200,0.00000,4.34548
1322.569,-55.906,-65.921,←,0.0200,0.00000,4.34548
1323.448,-55.881,-66.086,←,0.0200,0.00000,4.34548
1324.324,-55.881,-66.202,←,0.0200,0.00000,4.34548
1325.207,-55.874,-65.545,←,0.0200,0.00000,4.34548
1326.078,-55.892,-66.091,←,0.0200,0.00000,4.34548
1326.954,-55.851,-66.059,←,0.0200,0.00000,4.34548
1327.831,-55.907,-65.831,←,0.0200,0.00000,4.34548
1328.697,-55.939,-65.338,←,0.0200,0.00000,4.34548
1329.574,-55.868,-66.217,←,0.0200,0.00000,4.34548
1330.458,-55.969,-66.278,←,0.0200,0.00000,4.34548
1331.324,-55.837,-65.424,←,0.0200,0.00200,4.34348
1332.207,-55.863,-65.362,←,0.0200,0.00000,4.34348
1333.080,-55.925,-65.551,←,0.0200,0.00000,4.34348
1333.952,-55.879,-65.486,←,0.0200,0.00000,4.34348
1334.826,-55.854,-65.860,←,0.0200,0.00000,4.34348
1335.708,-55.880,-65.493,←,0.0200,0.00000,4.34348
1336.583,-55.881,-65.961,←,0.0200,0.00000,4.34348
1337.449,-55.849,-65.558,←,0.0200,0.00000,4.34348
1338.316,-55.872,-65.618,←,0.0200,0.00000,4.34348
1339.205,-55.877,-66.038,←,0.0200,0.00000,4.34348
1340.082,-55.886,-65.390,←,0.0200,0.00000,4.34348
1340.950,-55.855,-65.552,←,0.0200,0.00000,4.34348
1341.827,-55.900,-65.543,←,0.0200,0.00000,4.34348
1342.705,-55.891,-65.826,←,0.0200,0.00000,4.34348
1343.579,-55.935,-66.034,←,0.0200,0.00000,4.34348
1344.451,-55.881,-65.983,←,0.0200,0.00000,4.34348
1345.323,-55.853,-65.832,←,0.0200,0.00000,4.34348
1346.204,-55.900,-66.021,←,0.0200,0.00000,4.34348
1347.079,-55.921,-65.986,←,0.0200,0.00000,4.34348
1347.949,-55.894,-65.440,←,0.0200,0.00000,4.34348
1348.831,-55.854,-65.956,←,0.0200,0.00000,4.34348
1349.699,-55.931,-65.405,←,0.0200,0.00000,4.34348
1350.574,-55.888,-66.138,←,0.0200,0.00000,4.34348
1351.450,-55.915,-65.843,←,0.0200,0.00000,4.34348
1352.315,-55.906,-65.981,←,0.0200,0.00000,4.34348
1353.196,-55.877,-66.157,←,0.0200,0.00000,4.34348
1354.076,-55.849,-65.848,←,0.0200,0.00000,4.34348
1354.949,-55.931,-66.139,←,0.0200,0.00000,4.34348
1355.827,-55.915,-65.421,←,0.0200,0.00000,4.34348
1356.707,-55.861,-66.173,←,0.0200,0.00000,4.34348
1357.586,-55.854,-65.914,←,0.0200,0.00000,4.34348
1358.446,-55.854,-65.783,←,0.0200,0.00000,4.34348
1359.324,-55.924,-65.858,←,0.0200,0.00000,4.34348
1360.201,-55.837,-65.547,←,0.0200,0.00000,4.34348
1361.078,-55.827,-65.971,←,0.0200,0.00203,4.34145
1361.959,-55.886,-65.944,←,0.0200,0.00000,4.34145
1362.820,-55.857,-65.779,←,0.0200,0.00000,4.34145
1363.705,-55.886,-65.598,←,0.0200,0.00000,4.34145
1364.574,-55.919,-66.106,←,0.0200,0.00000,4.34145
1365.445,-55.886,-65.449,←,0.0200,0.00000,4.34145
1366.326,-55.863,-65.498,←,0.0200,0.00000,4.34145
1367.197,-55.822,-65.663,←,0.0200,0.00204,4.33941
1368.078,-55.838,-65.445,←,0.0200,0.00000,4.33941
1368.949,-55.848,-66.035,←,0.0200,0.00000,4.33941
1369.825,-55.914,-65.960,←,0.0200,0.00000,4.33941
1370.698,-55.888,-65.358,←,0.0200,0.00000,4.33941
1371.578,-55.855,-65.810,←,0.0200,0.00000,4.33941
1372.457,-55.880,-66.327,←,0.0200,0.00000,4.33941
1373.329,-55.883,-66.210,←,0.0200,0.00000,4.33941
1374.202,-55.859,-65.397,←,0.0200,0.00000,4.33941
1375.069,-55.912,-65.564,←,0.0200,0.00000,4.33941
1375.954,-55.795,-66.015,←,0.0200,0.00212,4.33729
1376.826,-55.847,-65.912,←,0.0200,0.00000,4.33729
1377.694,-55.866,-65.984,←,0.0200,0.00000,4.33729
1378.578,-55.943,-65.466,←,0.0200,0.00000,4.33729
1379.453,-55.845,-65.341,←,0.0200,0.00000,4.33729
1380.331,-55.853,-65.868,←,0.0200,0.00000,4.33729
1381.198,-55.929,-65.742,←,0.0200,0.00000,4.33729
1382.072,-55.890,-65.647,←,0.0200,0.00000,4.33729
1382.950,-55.850,-66.148,←,0.0200,0.00000,4.33729
1383.830,-55.936,-65.803,←,0.0200,0.00000,4.33729
1384.703,-55.819,-66.289,←,0.0200,0.00205,4.33523
1385.578,-55.897,-65.659,←,0.0200,0.00000,4.33523
1386.450,-55.865,-66.059,←,0.0200,0.00000,4.33523
1387.339,-55.861,-65.764,←,0.0200,0.00000,4.33523
1388.199,-55.911,-65.305,←,0.0200,0.00000,4.33523
1389.082,-55.826,-65.880,←,0.0200,0.00203,4.33320
1389.955,-55.818,-65.149,←,0.0200,0.00206,4.33114
1390.828,-55.905,-65.598,←,0.0200,0.00000,4.33114
1391.702,-55.903,-65.194,←,0.0200,0.00000,4.33114
1392.570,-55.874,-65.301,←,0.0200,0.00000,4.33114
1393.447,-55.916,-65.865,←,0.0200,0.00000,4.33114
1394.327,-55.918,-65.270,←,0.0200,0.00000,4.33114
1395.202,-55.893,-65.660,←,0.0200,0.00000,4.33114
1396.073,-55.896,-65.535,←,0.0200,0.00000,4.33114
1396.954,-55.923,-65.319,←,0.0200,0.00000,4.33114
1397.830,-55.966,-65.462,←,0.0200,0.00000,4.33114
1398.698,-55.891,-65.508,←,0.0200,0.00000,4.33114
1399.579,-55.885,-65.324,←,0.0200,0.00000,4.33114
1400.453,-55.952,-65.871,←,0.0200,0.00000,4.33114
1401.327,-55.895,-65.378,←,0.0200,0.00000,4.33114
1402.206,-55.907,-65.761,←,0.0200,0.00000,4.33114
1403.076,-55.893,-65.588,←,0.0200,0.00000,4.33114
1403.949,-55.858,-66.108,←,0.0200,0.00000,4.33114
1404.827,-55.892,-65.881,←,0.0200,0.00000,4.33114
1405.705,-55.887,-65.827,←,0.0200,0.00000,4.33114
1406.580,-55.969,-65.711,←,0.0200,0.00000,4.33114
1407.450,-55.932,-65.571,←,0.0200,0.00000,4.33114
1408.322,-55.888,-65.556,←,0.0200,0.00000,4.33114
1409.199,-55.881,-65.588,←,0.0200,0.00000,4.33114
1410.075,-55.903,-65.794,←,0.0200,0.00000,4.33114
1410.948,-55.910,-65.361,←,0.0200,0.00000,4.33114
1411.822,-55.874,-66.167,←,0.0200,0.00000,4.33114
1412.698,-55.880,-66.160,←,0.0200,0.00000,4.33114
1413.585,-55.911,-65.736,←,0.0200,0.00000,4.33114
1414.458,-55.873,-65.524,←,0.0200,0.00000,4.33114
1415.317,-55.948,-65.576,←,0.0200,0.00000,4.33114
1416.202,-55.867,-65.504,←,0.0200,0.00000,4.33114
1417.073,-55.891,-65.686,←,0.0200,0.00000,4.33114
1417.953,-55.864,-65.496,←,0.0200,0.00000,4.33114
1418.823,-55.851,-66.149,←,0.0200,0.00000,4.33114
1419.698,-55.917,-66.065,←,0.0200,0.00000,4.33114
1420.572,-55.842,-65.782,←,0.0200,0.00000,4.33114
1421.452,-55.894,-65.669,←,0.0200,0.00000,4.33114
1422.322,-55.874,-65.806,←,0.0200,0.00000,4.33114
1423.198,-55.914,-66.058,←,0.0200,0.00000,4.33114
1424.072,-55.917,-65.694,←,0.0200,0.00000,4.33114
1424.950,-55.904,-65.756,←,0.0200,0.00000,4.33114
1425.826,-55.872,-65.369,←,0.0200,0.00000,4.33114
1426.705,-55.923,-66.392,←,0.0200,0.00000,4.33114
1427.572,-55.852,-65.602,←,0.0200,0.00000,4.33114
1428.455,-55.867,-65.322,←,0.0200,0.00000,4.33114
1429.321,-55.891,-66.035,←,0.0200,0.00000,4.33114
1430.202,-55.858,-65.717,←,0.0200,0.00000,4.33114
1431.074,-55.832,-66.163,←,0.0200,0.00201,4.32913
1431.947,-55.849,-65.291,←,0.0200,0.00000,4.32913
1432.833,-55.881,-65.425,←,0.0200,0.00000,4.32913
1433.698,-55.862,-65.384,←,0.0200,0.00000,4.32913
1434.575,-55.853,-65.923,←,0.0200,0.00000,4.32913
1435.457,-55.898,-65.871,←,0.0200,0.00000,4.32913
1436.327,-55.934,-65.758,←,0.0200,0.00000,4.32913
1437.203,-55.913,-66.004,←,0.0200,0.00000,4.32913
1438.074,-55.914,-65.770,←,0.0200,0.00000,4.32913
1438.943,-55.874,-66.213,←,0.0200,0.00000,4.32913
1439.828,-55.879,-65.812,←,0.0200,0.00000,4.32913
1440.702,-55.854,-66.238,←,0.0200,0.00000,4.32913
1441.576,-55.897,-66.041,←,0.0200,0.00000,4.32913
1442.460,-55.852,-65.687,←,0.0200,0.00000,4.32913
1443.326,-55.864,-65.391,←,0.0200,0.00000,4.32913
1444.203,-55.806,-65.397,←,0.0200,0.00209,4.32704
1445.079,-55.887,-66.037,←,0.0200,0.00000,4.32704
1445.946,-55.828,-65.455,←,0.0200,0.00203,4.32501
1446.825,-55.902,-65.799,←,0.0200,0.00000,4.32501
1447.701,-55.910,-66.248,←,0.0200,0.00000,4.32501
1448.578,-55.906,-65.530,←,0.0200,0.00000,4.32501
1449.452,-55.912,-65.661,←,0.0200,0.00000,4.32501
1450.330,-55.945,-65.272,←,0.0200,0.00000,4.32501
1451.197,-55.909,-65.402,←,0.0200,0.00000,4.32501
1452.073,-55.907,-65.695,←,0.0200,0.00000,4.32501
1452.948,-55.864,-65.928,←,0.0200,0.00000,4.32501
1453.826,-55.945,-65.239,←,0.0200,0.00000,4.32501
1454.696,-55.896,-66.038,←,0.0200,0.00000,4.32501
1455.580,-55.889,-65.589,←,0.0200,0.00000,4.32501
1456.451,-55.894,-65.544,←,0.0200,0.00000,4.32501
1457.323,-55.929,-65.233,←,0.0200,0.00000,4.32501
1458.194,-55.879,-66.057,←,0.0200,0.00000,4.32501
1459.068,-55.891,-66.068,←,0.0200,0.00000,4.32501
1459.948,-55.915,-66.164,←,0.0200,0.00000,4.32501
1460.834,-55.918,-65.843,←,0.0200,0.00000,4.32501
1461.701,-55.848,-65.241,←,0.0200,0.00000,4.32501
1462.573,-55.822,-65.870,←,0.0200,0.00204,4.32297
1463.450,-55.893,-65.885,←,0.0200,0.00000,4.32297
1464.325,-55.918,-66.254,←,0.0200,0.00000,4.32297
1465.198,-55.941,-65.947,←,0.0200,0.00000,4.32297
1466.080,-55.900,-65.595,←,0.0200,0.00000,4.32297
1466.949,-55.905,-65.505,←,0.0200,0.00000,4.32297
1467.823,-55.930,-65.513,←,0.0200,0.00000,4.32297
1468.698,-55.886,-65.341,←,0.0200,0.00000,4.32297
1469.567,-55.910,-65.328,←,0.0200,0.00000,4.32297
1470.444,-55.844,-65.753,←,0.0200,0.00000,4.32297
1471.318,-55.881,-65.437,←,0.0200,0.00000,4.32297
1472.199,-55.854,-65.618,←,0.0200,0.00000,4.32297
1473.076,-55.844,-65.737,←,0.0200,0.00000,4.32297
1473.948,-55.853,-65.326,←,0.0200,0.00000,4.32297
1474.826,-55.883,-65.656,←,0.0200,0.00000,4.32297
1475.700,-55.879,-65.912,←,0.0200,0.00000,4.32297
1476.575,-55.905,-65.716,←,0.0200,0.00000,4.32297
1477.452,-55.910,-65.803,←,0.0200,0.00000,4.32297
1478.323,-55.886,-65.567,←,0.0200,0.00000,4.32297
1479.202,-55.889,-66.032,←,0.0200,0.00000,4.32297
1480.077,-55.895,-65.671,←,0.0200,0.00000,4.32297
1480.949,-55.930,-65.642,←,0.0200,0.00000,4.32297
1481.826,-55.868,-66.107,←,0.0200,0.00000,4.32297
1482.703,-55.884,-66.095,←,0.0200,0.00000,4.32297
1483.585,-55.857,-66.084,←,0.0200,0.00000,4.32297
1484.457,-55.872,-66.084,←,0.0200,0.00000,4.32297
1485.323,-55.880,-66.036,←,0.0200,0.00000,4.32297
1486.194,-55.937,-66.105,←,0.0200,0.00000,4.32297
1487.072,-55.931,-65.449,←,0.0200,0.00000,4.32297
1487.953,-55.874,-66.093,←,0.0200,0.00000,4.32297
1488.818,-55.893,-65.895,←,0.0200,0.00000,4.32297
1489.693,-55.896,-65.773,←,0.0200,0.00000,4.32297
1490.572,-55.859,-65.692,←,0.0200,0.00000,4.32297
1491.451,-55.866,-65.378,←,0.0200,0.00000,4.32297
1492.318,-55.924,-65.261,←,0.0200,0.00000,4.32297
1493.205,-55.870,-65.472,←,0.0200,0.00000,4.32297
1494.085,-55.875,-65.659,←,0.0200,0.00000,4.32297
1494.942,-55.886,-65.536,←,0.0200,0.00000,4.32297
1495.822,-55.866,-65.662,←,0.0200,0.00000,4.32297
1496.702,-55.876,-65.680,←,0.0200,0.00000,4.32297
1497.572,-55.864,-65.422,←,0.0200,0.00000,4.32297
1498.452,-55.835,-66.154,←,0.0200,0.00200,4.32096
1499.323,-55.868,-65.812,←,0.0200,0.00000,4.32096
1500.188,-55.884,-65.433,←,0.0200,0.00000,4.32096
1501.072,-55.842,-65.608,←,0.0200,0.00000,4.32096
1501.953,-55.872,-66.104,←,0.0200,0.00000,4.32096
1502.819,-55.905,-65.609,←,0.0200,0.00000,4.32096
1503.701,-55.862,-65.425,←,0.0200,0.00000,4.32096
1504.568,-55.877,-66.053,←,0.0200,0.00000,4.32096
1505.447,-55.911,-65.711,←,0.0200,0.00000,4.32096
1506.322,-55.860,-66.017,←,0.0200,0.00000,4.32096
1507.201,-55.858,-66.051,←,0.0200,0.00000,4.32096
1508.076,-55.908,-65.605,←,0.0200,0.00000,4.32096
1508.949,-55.898,-65.545,←,0.0200,0.00000,4.32096
1509.828,-55.818,-65.563,←,0.0200,0.00206,4.31891
1510.698,-55.909,-65.607,←,0.0200,0.00000,4.31891
1511.573,-55.890,-65.655,←,0.0200,0.00000,4.31891
1512.450,-55.916,-65.758,←,0.0200,0.00000,4.31891
1513.315,-55.905,-65.559,←,0.0200,0.00000,4.31891
1514.202,-55.861,-65.789,←,0.0200,0.00000,4.31891
1515.072,-55.853,-65.603,←,0.0200,0.00000,4.31891
1515.948,-55.892,-66.291,←,0.0200,0.00000,4.31891
1516.826,-55.885,-65.890,←,0.0200,0.00000,4.31891
1517.698,-55.927,-66.184,←,0.0200,0.00000,4.31891
1518.575,-55.845,-66.094,←,0.0200,0.00000,4.31891
1519.452,-55.852,-65.889,←,0.0200,0.00000,4.31891
1520.323,-55.855,-65.778,←,0.0200,0.00000,4.31891
1521.197,-55.838,-66.043,←,0.0200,0.00000,4.31891
1522.073,-55.877,-65.579,←,0.0200,0.00000,4.31891
1522.940,-55.872,-65.858,←,0.0200,0.00000,4.31891
1523.812,-55.927,-65.493,←,0.0200,0.00000,4.31891
1524.700,-55.858,-65.794,←,0.0200,0.00000,4.31891
1525.574,-55.891,-65.434,←,0.0200,0.00000,4.31891
1526.453,-55.847,-65.911,←,0.0200,0.00000,4.31891
1527.317,-55.891,-65.410,←,0.0200,0.00000,4.31891
1528.197,-55.894,-65.678,←,0.0200,0.00000,4.31891
1529.076,-55.843,-65.668,←,0.0200,0.00000,4.31891
1529.954,-55.886,-65.674,←,0.0200,0.00000,4.31891
1530.820,-55.908,-65.746,←,0.0200,0.00000,4.31891
1531.702,-55.925,-65.693,←,0.0200,0.00000,4.31891
1532.578,-55.901,-65.866,←,0.0200,0.00000,4.31891
1533.447,-55.885,-66.014,←,0.0200,0.00000,4.31891
1534.317,-55.882,-65.573,←,0.0200,0.00000,4.31891
1535.202,-55.860,-65.991,←,0.0200,0.00000,4.31891
1536.068,-55.904,-65.583,←,0.0200,0.00000,4.31891
1536.951,-55.833,-65.827,←,0.0200,0.00201,4.31689
1537.829,-55.854,-65.962,←,0.0200,0.00000,4.31689
1538.693,-55.849,-65.839,←,0.0200,0.00000,4.31689
1539.579,-55.906,-65.493,←,0.0200,0.00000,4.31689
1540.456,-55.896,-65.677,←,0.0200,0.00000,4.31689
1541.319,-55.899,-65.812,←,0.0200,0.00000,4.31689
1542.202,-55.895,-65.992,←,0.0200,0.00000,4.31689
1543.073,-55.919,-65.740,←,0.0200,0.00000,4.31689
1543.947,-55.898,-65.836,←,0.0200,0.00000,4.31689
1544.823,-55.913,-65.806,←,0.0200,0.00000,4.31689
1545.702,-55.893,-65.387,←,0.0200,0.00000,4.31689
1546.566,-55.869,-66.065,←,0.0200,0.00000,4.31689
1547.447,-55.831,-66.061,←,0.0200,0.00202,4.31488
1548.317,-55.915,-65.374,←,0.0200,0.00000,4.31488
1549.204,-55.906,-65.431,←,0.0200,0.00000,4.31488
1550.071,-55.933,-66.013,←,0.0200,0.00000,4.31488
1550.945,-55.877,-65.373,←,0.0200,0.00000,4.31488
1551.819,-55.889,-65.428,←,0.0200,0.00000,4.31488
1552.702,-55.897,-65.904,←,0.0200,0.00000,4.31488
1553.573,-55.874,-65.336,←,0.0200,0.00000,4.31488
1554.448,-55.867,-65.971,←,0.0200,0.00000,4.31488
1555.311,-55.868,-65.671,←,0.0200,0.00000,4.31488
1556.197,-55.870,-65.292,←,0.0200,0.00000,4.31488
1557.068,-55.880,-66.105,←,0.0200,0.00000,4.31488
1557.947,-55.876,-65.645,←,0.0200,0.00000,4.31488
1558.829,-55.903,-65.787,←,0.0200,0.00000,4.31488
1559.702,-55.871,-66.120,←,0.0200,0.00000,4.31488
1560.574,-55.872,-65.826,←,0.0200,0.00000,4.31488
1561.445,-55.854,-66.111,←,0.0200,0.00000,4.31488
1562.326,-55.907,-65.318,←,0.0200,0.00000,4.31488
1563.200,-55.829,-65.703,←,0.0200,0.00202,4.31285
1564.073,-55.866,-66.187,←,0.0200,0.00000,4.31285
1564.942,-55.852,-65.688,←,0.0200,0.00000,4.31285
1565.822,-55.919,-65.608,←,0.0200,0.00000,4.31285
1566.702,-55.882,-65.788,←,0.0200,0.00000,4.31285
1567.568,-55.858,-66.078,←,0.0200,0.00000,4.31285
1568.452,-55.922,-65.951,←,0.0200,0.00000,4.31285
1569.327,-55.911,-65.537,←,0.0200,0.00000,4.31285
1570.201,-55.916,-65.976,←,0.0200,0.00000,4.31285
1571.067,-55.847,-65.386,←,0.0200,0.00000,4.31285
1571.951,-55.858,-66.273,←,0.0200,0.00000,4.31285
1572.824,-55.899,-66.208,←,0.0200,0.00000,4.31285
1573.697,-55.849,-65.734,←,0.0200,0.00000,4.31285
1574.571,-55.816,-66.101,←,0.0200,0.00206,4.31079
1575.447,-55.896,-65.470,←,0.0200,0.00000,4.31079
1576.327,-55.906,-65.952,←,0.0200,0.00000,4.31079
1577.234,-55.915,-65.321,←,0.0200,0.00000,4.31079
1578.188,-55.869,-66.086,←,0.0200,0.00000,4.31079
1579.057,-55.955,-66.115,←,0.0200,0.00000,4.31079
1579.938,-55.911,-65.622,←,0.0200,0.00000,4.31079
1580.805,-55.906,-65.824,←,0.0200,0.00000,4.31079
1581.700,-55.847,-65.428,←,0.0200,0.00000,4.31079
1582.550,-55.920,-65.889,←,0.0200,0.00000,4.31079
1583.434,-55.839,-66.198,←,0.0200,0.00000,4.31079
1584.297,-55.865,-65.904,←,0.0200,0.00000,4.31079
1585.181,-55.923,-66.040,←,0.0200,0.00000,4.31079
1586.068,-55.883,-65.384,←,0.0200,0.00000,4.31079
1586.935,-55.889,-65.165,←,0.0200,0.00000,4.31079
1587.807,-55.889,-66.229,←,0.0200,0.00000,4.31079
1588.689,-55.870,-65.466,←,0.0200,0.00000,4.31079
1589.554,-55.852,-65.862,←,0.0200,0.00000,4.31079
1590.432,-55.888,-65.485,←,0.0200,0.00000,4.31079
1591.310,-55.908,-65.729,←,0.0200,0.00000,4.31079
1592.185,-55.929,-65.889,←,0.0200,0.00000,4.31079
1593.055,-55.888,-65.206,←,0.0200,0.00000,4.31079
1593.917,-55.868,-65.574,←,0.0200,0.00000,4.31079
1594.806,-55.885,-65.492,←,0.0200,0.00000,4.31079
1595.690,-55.891,-65.327,←,0.0200,0.00000,4.31079
1596.564,-55.862,-66.247,←,0.0200,0.00000,4.31079
1597.421,-55.827,-65.274,←,0.0200,0.00203,4.30876
1598.310,-55.874,-65.459,←,0.0200,0.00000,4.30876
1599.179,-55.910,-66.218,←,0.0200,0.00000,4.30876
1600.052,-55.884,-65.420,←,0.0200,0.00000,4.30876
1600.932,-55.884,-65.679,←,0.0200,0.00000,4.30876
1601.809,-55.904,-66.142,←,0.0200,0.00000,4.30876
1602.670,-55.837,-65.835,←,0.0200,0.00000,4.30876
1603.556,-55.877,-65.424,←,0.0200,0.00000,4.30876
1604.430,-55.903,-65.679,←,0.0200,0.00000,4.30876
1605.308,-55.864,-65.425,←,0.0200,0.00000,4.30876
1606.178,-55.851,-65.906,←,0.0200,0.00000,4.30876
1607.063,-55.909,-65.635,←,0.0200,0.00000,4.30876
1607.930,-55.851,-66.179,←,0.0200,0.00000,4.30876
1608.809,-55.898,-66.085,←,0.0200,0.00000,4.30876
1609.683,-55.898,-65.501,←,0.0200,0.00000,4.30876
1610.559,-55.916,-65.619,←,0.0200,0.00000,4.30876
1611.434,-55.891,-65.698,←,0.0200,0.00000,4.30876
1612.301,-55.877,-65.508,←,0.0200,0.00000,4.30876
1613.190,-55.914,-65.441,←,0.0200,0.00000,4.30876
1614.055,-55.855,-65.889,←,0.0200,0.00000,4.30876
1614.925,-55.852,-65.705,←,0.0200,0.00000,4.30876
1615.795,-55.860,-65.674,←,0.0200,0.00000,4.30876
1616.681,-55.895,-66.165,←,0.0200,0.00000,4.30876
1617.564,-55.870,-65.708,←,0.0200,0.00000,4.30876
1618.434,-55.837,-65.850,←,0.0200,0.00000,4.30876
1619.301,-55.880,-65.603,←,0.0200,0.00000,4.30876
1620.179,-55.893,-66.061,←,0.0200,0.00000,4.30876
1621.062,-55.867,-66.152,←,0.0200,0.00000,4.30876
1621.928,-55.854,-66.051,←,0.0200,0.00000,4.30876
1622.797,-55.854,-66.114,←,0.0200,0.00000,4.30876
1623.689,-55.807,-65.433,←,0.0200,0.00209,4.30668
1624.558,-55.850,-65.791,←,0.0200,0.00000,4.30668
1625.429,-55.891,-65.916,←,0.0200,0.00000,4.30668
1626.305,-55.841,-66.279,←,0.0200,0.00000,4.30668
1627.184,-55.904,-66.074,←,0.0200,0.00000,4.30668
1628.059,-55.940,-65.909,←,0.0200,0.00000,4.30668
1628.939,-55.895,-66.017,←,0.0200,0.00000,4.30668
1629.807,-55.820,-66.014,←,0.0200,0.00205,4.30463
1630.679,-55.849,-66.131,←,0.0200,0.00000,4.30463
1631.555,-55.928,-66.146,←,0.0200,0.00000,4.30463
1632.431,-55.931,-66.133,←,0.0200,0.00000,4.30463
1633.305,-55.914,-65.634,←,0.0200,0.00000,4.30463
1634.179,-55.903,-65.582,←,0.0200,0.00000,4.30463
1635.055,-55.896,-65.554,←,0.0200,0.00000,4.30463
1635.932,-55.923,-65.932,←,0.0200,0.00000,4.30463
1636.808,-55.871,-66.097,←,0.0200,0.00000,4.30463
1637.678,-55.867,-65.950,←,0.0200,0.00000,4.30463
1638.550,-55.862,-65.374,←,0.0200,0.00000,4.30463
1639.432,-55.929,-65.518,←,0.0200,0.00000,4.30463
1640.304,-55.838,-65.754,←,0.0200,0.00000,4.30463
1641.184,-55.895,-65.319,←,0.0200,0.00000,4.30463
1642.054,-55.865,-66.299,←,0.0200,0.00000,4.30463
1642.929,-55.893,-66.050,←,0.0200,0.00000,4.30463
1643.806,-55.885,-66.051,←,0.0200,0.00000,4.30463
1644.692,-55.848,-66.057,←,0.0200,0.00000,4.30463
1645.548,-55.924,-66.070,←,0.0200,0.00000,4.30463
1646.433,-55.850,-66.009,←,0.0200,0.00000,4.30463
1647.311,-55.940,-65.949,←,0.0200,0.00000,4.30463
1648.172,-55.860,-65.430,←,0.0200,0.00000,4.30463
1649.051,-55.877,-65.984,←,0.0200,0.00000,4.30463
1649.926,-55.897,-65.506,←,0.0200,0.00000,4.30463
1650.811,-55.872,-65.715,←,0.0200,0.00000,4.30463
1651.679,-55.874,-66.024,←,0.0200,0.00000,4.30463
1652.552,-55.886,-66.288,←,0.0200,0.00000,4.30463
1653.429,-55.895,-65.412,←,0.0200,0.00000,4.30463
1654.302,-55.816,-65.594,←,0.0200,0.00206,4.30256
1655.175,-55.930,-66.048,←,0.0200,0.00000,4.30256
1656.055,-55.895,-66.027,←,0.0200,0.00000,4.30256
1656.935,-55.930,-65.394,←,0.0200,0.00000,4.30256
1657.804,-55.913,-66.182,←,0.0200,0.00000,4.30256
1658.677,-55.904,-65.642,←,0.0200,0.00000,4.30256
1659.558,-55.907,-65.556,←,0.0200,0.00000,4.30256
1660.424,-55.926,-65.739,←,0.0200,0.00000,4.30256
1661.307,-55.919,-65.872,←,0.0200,0.00000,4.30256
1662.176,-55.882,-65.363,←,0.0200,0.00000,4.30256
1663.058,-55.890,-65.651,←,0.0200,0.00000,4.30256
1663.934,-55.850,-66.205,←,0.0200,0.00000,4.30256
1664.802,-55.896,-66.157,←,0.0200,0.00000,4.30256
1665.685,-55.845,-65.460,←,0.0200,0.00000,4.30256
1666.556,-55.886,-65.410,←,0.0200,0.00000,4.30256
1667.429,-55.923,-65.970,←,0.0200,0.00000,4.30256
1668.305,-55.868,-65.499,←,0.0200,0.00000,4.30256
1669.181,-55.849,-65.589,←,0.0200,0.00000,4.30256
1670.055,-55.824,-65.345,←,0.0200,0.00204,4.30053
1670.930,-55.869,-65.853,←,0.0200,0.00000,4.30053
1671.806,-55.925,-65.719,←,0.0200,0.00000,4.30053
1672.680,-55.926,-66.095,←,0.0200,0.00000,4.30053
1673.553,-55.882,-66.138,←,0.0200,0.00000,4.30053
1674.429,-55.850,-65.756,←,0.0200,0.00000,4.30053
1675.304,-55.879,-65.622,←,0.0200,0.00000,4.30053
1676.171,-55.862,-65.520,←,0.0200,0.00000,4.30053
1677.057,-55.865,-65.421,←,0.0200,0.00000,4.30053
1677.926,-55.842,-65.681,←,0.0200,0.00000,4.30053
1678.803,-55.913,-65.955,←,0.0200,0.00000,4.30053
1679.672,-55.869,-65.426,←,0.0200,0.00000,4.30053
1680.557,-55.940,-65.885,←,0.0200,0.00000,4.30053
1681.429,-55.903,-65.420,←,0.0200,0.00000,4.30053
1682.297,-55.882,-65.866,←,0.0200,0.00000,4.30053
1683.175,-55.903,-65.267,←,0.0200,0.00000,4.30053
1684.050,-55.910,-65.926,←,0.0200,0.00000,4.30053
1684.929,-55.946,-66.145,←,0.0200,0.00000,4.30053
1685.808,-55.887,-66.205,←,0.0200,0.00000,4.30053
1686.682,-55.915,-65.654,←,0.0200,0.00000,4.30053
1687.558,-55.841,-66.023,←,0.0200,0.00000,4.30053
1688.423,-55.867,-65.478,←,0.0200,0.00000,4.30053
1689.305,-55.918,-65.871,←,0.0200,0.00000,4.30053
1690.179,-55.897,-66.037,←,0.0200,0.00000,4.30053
1691.050,-55.832,-66.284,←,0.0200,0.00201,4.29851
1691.927,-55.842,-65.780,←,0.0200,0.00000,4.29851
1692.808,-55.884,-66.061,←,0.0200,0.00000,4.29851
1693.676,-55.931,-65.470,←,0.0200,0.00000,4.29851
1694.559,-55.934,-65.957,←,0.0200,0.00000,4.29851
1695.423,-55.930,-66.248,←,0.0200,0.00000,4.29851
1696.300,-55.894,-65.331,←,0.0200,0.00000,4.29851
1697.176,-55.904,-66.174,←,0.0200,0.00000,4.29851
1698.058,-55.947,-65.427,←,0.0200,0.00000,4.29851
1698.932,-55.931,-66.217,←,0.0200,0.00000,4.29851
1699.801,-55.871,-65.774,←,0.0200,0.00000,4.29851
1700.675,-55.826,-65.441,←,0.0200,0.00203,4.29648
1701.552,-55.873,-65.290,←,0.0200,0.00000,4.29648
1702.422,-55.906,-65.659,←,0.0200,0.00000,4.29648
1703.303,-55.889,-65.335,←,0.0200,0.00000,4.29648
1704.178,-55.871,-65.673,←,0.0200,0.00000,4.29648
1705.054,-55.906,-65.210,←,0.0200,0.00000,4.29648
1705.930,-55.938,-66.144,←,0.0200,0.00000,4.29648
1706.804,-55.889,-65.202,←,0.0200,0.00000,4.29648
1707.679,-55.904,-65.600,←,0.0200,0.00000,4.29648
1708.563,-55.885,-65.744,←,0.0200,0.00000,4.29648
1709.438,-55.930,-65.516,←,0.0200,0.00000,4.29648
1710.308,-55.917,-65.352,←,0.0200,0.00000,4.29648
1711.177,-55.894,-65.545,←,0.0200,0.00000,4.29648
1712.055,-55.870,-65.959,←,0.0200,0.00000,4.29648
1712.935,-55.911,-66.161,←,0.0200,0.00000,4.29648
1713.809,-55.910,-65.799,←,0.0200,0.00000,4.29648
1714.675,-55.912,-65.364,←,0.0200,0.00000,4.29648
1715.550,-55.885,-65.817,←,0.0200,0.00000,4.29648
1716.434,-55.884,-66.141,←,0.0200,0.00000,4.29648
1717.305,-55.916,-66.151,←,0.0200,0.00000,4.29648
1718.186,-55.857,-65.417,←,0.0200,0.00000,4.29648
1719.057,-55.854,-65.261,←,0.0200,0.00000,4.29648
1719.924,-55.918,-65.531,←,0.0200,0.00000,4.29648
1720.800,-55.902,-65.708,←,0.0200,0.00000,4.29648
1721.675,-55.934,-65.414,←,0.0200,0.00000,4.29648
1722.550,-55.845,-65.692,←,0.0200,0.00000,4.29648
1723.434,-55.873,-65.544,←,0.0200,0.00000,4.29648
1724.302,-55.882,-65.385,←,0.0200,0.00000,4.29648
1725.184,-55.830,-65.962,←,0.0200,0.00202,4.29446
1726.056,-55.948,-66.075,←,0.0200,0.00000,4.29446
1726.930,-55.886,-65.525,←,0.0200,0.00000,4.29446
1727.808,-55.885,-65.702,←,0.0200,0.00000,4.29446
1728.677,-55.897,-66.169,←,0.0200,0.00000,4.29446
1729.560,-55.900,-66.108,←,0.0200,0.00000,4.29446
1730.419,-55.884,-65.427,←,0.0200,0.00000,4.29446
1731.313,-55.907,-65.828,←,0.0200,0.00000,4.29446
1732.179,-55.902,-66.257,←,0.0200,0.00000,4.29446
1733.059,-55.920,-65.940,←,0.0200,0.00000,4.29446
1733.932,-55.935,-66.068,←,0.0200,0.00000,4.29446
1734.805,-55.841,-65.510,←,0.0200,0.00000,4.29446
1735.678,-55.933,-66.001,←,0.0200,0.00000,4.29446
1736.546,-55.859,-65.928,←,0.0200,0.00000,4.29446
1737.429,-55.859,-66.109,←,0.0200,0.00000,4.29446
1738.305,-55.884,-65.486,←,0.0200,0.00000,4.29446
1739.183,-55.876,-65.689,←,0.0200,0.00000,4.29446
1740.055,-55.918,-66.125,←,0.0200,0.00000,4.29446
1740.931,-55.845,-66.264,←,0.0200,0.00000,4.29446
1741.808,-55.868,-65.763,←,0.0200,0.00000,4.29446
1742.676,-55.886,-65.473,←,0.0200,0.00000,4.29446
1743.559,-55.972,-65.927,←,0.0200,0.00000,4.29446
1744.429,-55.836,-65.967,←,0.0200,0.00200,4.29246
1745.296,-55.909,-66.336,←,0.0200,0.00000,4.29246
1746.176,-55.901,-65.718,←,0.0200,0.00000,4.29246
1747.054,-55.919,-65.314,←,0.0200,0.00000,4.29246
1747.930,-55.968,-66.051,←,0.0200,0.00000,4.29246
1748.806,-55.857,-65.714,←,0.0200,0.00000,4.29246
1749.681,-55.910,-65.481,←,0.0200,0.00000,4.29246
1750.551,-55.895,-65.446,←,0.0200,0.00000,4.29246
1751.430,-55.918,-65.551,←,0.0200,0.00000,4.29246
1752.307,-55.937,-65.685,←,0.0200,0.00000,4.29246
1753.184,-55.852,-65.860,←,0.0200,0.00000,4.29246
1754.049,-55.882,-65.982,←,0.0200,0.00000,4.29246
1754.934,-55.949,-66.277,←,0.0200,0.00000,4.29246
1755.798,-55.896,-65.300,←,0.0200,0.00000,4.29246
1756.674,-55.819,-65.795,←,0.0200,0.00205,4.29041
1757.549,-55.928,-65.588,←,0.0200,0.00000,4.29041
1758.421,-55.910,-65.305,←,0.0200,0.00000,4.29041
1759.310,-55.902,-66.112,←,0.0200,0.00000,4.29041
1760.179,-55.856,-65.297,←,0.0200,0.00000,4.29041
1761.062,-55.909,-65.599,←,0.0200,0.00000,4.29041
1761.924,-55.922,-66.201,←,0.0200,0.00000,4.29041
1762.804,-55.917,-65.791,←,0.0200,0.00000,4.29041
1763.681,-55.905,-65.794,←,0.0200,0.00000,4.29041
1764.554,-55.859,-66.002,←,0.0200,0.00000,4.29041
1765.425,-55.946,-65.950,←,0.0200,0.00000,4.29041
1766.304,-55.945,-65.576,←,0.0200,0.00000,4.29041
1767.179,-55.895,-65.340,←,0.0200,0.00000,4.29041
1768.058,-55.890,-66.040,←,0.0200,0.00000,4.29041
1768.926,-55.876,-65.153,←,0.0200,0.00000,4.29041
1769.803,-55.938,-66.078,←,0.0200,0.00000,4.29041
1770.675,-55.865,-66.163,←,0.0200,0.00000,4.29041
1771.549,-55.879,-65.698,←,0.0200,0.00000,4.29041
1772.432,-55.887,-66.086,←,0.0200,0.00000,4.29041
1773.299,-55.957,-65.640,←,0.0200,0.00000,4.29041
1774.179,-55.904,-65.542,←,0.0200,0.00000,4.29041
1775.054,-55.890,-66.108,←,0.0200,0.00000,4.29041
1775.929,-55.878,-65.373,←,0.0200,0.00000,4.29041
1776.808,-55.887,-65.638,←,0.0200,0.00000,4.29041
1777.679,-55.877,-66.208,←,0.0200,0.00000,4.29041
1778.551,-55.892,-65.826,←,0.0200,0.00000,4.29041
1779.428,-55.867,-66.083,←,0.0200,0.00000,4.29041
1780.304,-55.947,-65.734,←,0.0200,0.00000,4.29041
1781.180,-55.869,-65.750,←,0.0200,0.00000,4.29041
1782.049,-55.893,-65.853,←,0.0200,0.00000,4.29041
1782.925,-55.881,-65.985,←,0.0200,0.00000,4.29041
1783.806,-55.901,-65.614,←,0.0200,0.00000,4.29041
1784.679,-55.914,-66.033,←,0.0200,0.00000,4.29041
1785.552,-55.849,-65.318,←,0.0200,0.00000,4.29041
1786.420,-55.885,-65.526,←,0.0200,0.00000,4.29041
1787.299,-55.840,-65.934,←,0.0200,0.00000,4.29041
1788.182,-55.880,-65.480,←,0.0200,0.00000,4.29041
1789.058,-55.915,-65.366,←,0.0200,0.00000,4.29041
1789.928,-55.952,-66.169,←,0.0200,0.00000,4.29041
1790.803,-55.879,-65.855,←,0.0200,0.00000,4.29041
1791.686,-55.887,-65.487,←,0.0200,0.00000,4.29041
1792.554,-55.916,-65.503,←,0.0200,0.00000,4.29041
1793.434,-55.844,-66.241,←,0.0200,0.00000,4.29041
1794.298,-55.869,-65.663,←,0.0200,0.00000,4.29041
1795.179,-55.882,-66.176,←,0.0200,0.00000,4.29041
1796.045,-55.933,-65.204,←,0.0200,0.00000,4.29041
1796.928,-55.895,-66.048,←,0.0200,0.00000,4.29041
1797.803,-55.852,-66.305,←,0.0200,0.00000,4.29041
1798.675,-55.913,-65.281,←,0.0200,0.00000,4.29041
1799.553,-55.903,-65.430,←,0.0200,0.00000,4.29041
1800.437,-55.904,-66.022,←,0.0200,0.00000,4.29041
1801.303,-55.899,-66.084,←,0.0200,0.00000,4.29041
1802.174,-55.856,-65.445,←,0.0200,0.00000,4.29041
1803.057,-55.911,-65.320,←,0.0200,0.00000,4.29041
1803.920,-55.852,-65.710,←,0.0200,0.00000,4.29041
1804.804,-55.810,-65.358,←,0.0200,0.00208,4.28833
1805.678,-55.848,-65.730,←,0.0200,0.00000,4.28833
1806.556,-55.899,-66.150,←,0.0200,0.00000,4.28833
1807.421,-55.886,-65.580,←,0.0200,0.00000,4.28833
1808.298,-55.906,-65.460,←,0.0200,0.00000,4.28833
1809.178,-55.891,-65.482,←,0.0200,0.00000,4.28833
1810.054,-55.899,-66.305,←,0.0200,0.00000,4.28833
1810.938,-55.871,-66.166,←,0.0200,0.00000,4.28833
1811.804,-55.875,-65.942,←,0.0200,0.00000,4.28833
1812.675,-55.894,-65.785,←,0.0200,0.00000,4.28833
1813.550,-55.877,-65.415,←,0.0200,0.00000,4.28833
1814.428,-55.861,-65.347,←,0.0200,0.00000,4.28833
1815.303,-55.883,-65.620,←,0.0200,0.00000,4.28833
1816.176,-55.865,-65.488,←,0.0200,0.00000,4.28833
1817.059,-55.855,-65.870,←,0.0200,0.00000,4.28833
1817.932,-55.848,-66.123,←,0.0200,0.00000,4.28833
1818.806,-55.909,-66.125,←,0.0200,0.00000,4.28833
1819.673,-55.905,-65.355,←,0.0200,0.00000,4.28833
1820.548,-55.920,-65.289,←,0.0200,0.00000,4.28833
1821.419,-55.854,-65.665,←,0.0200,0.00000,4.28833
1822.304,-55.887,-65.765,←,0.0200,0.00000,4.28833
1823.182,-55.929,-65.228,←,0.0200,0.00000,4.28833
1824.049,-55.910,-66.084,←,0.0200,0.00000,4.28833
1824.928,-55.875,-65.971,←,0.0200,0.00000,4.28833
1825.807,-55.834,-65.415,←,0.0200,0.00201,4.28632
1826.678,-55.894,-65.994,←,0.0200,0.00000,4.28632
1827.554,-55.961,-65.593,←,0.0200,0.00000,4.28632
1828.428,-55.930,-66.104,←,0.0200,0.00000,4.28632
1829.304,-55.855,-65.684,←,0.0200,0.00000,4.28632
1830.176,-55.902,-65.545,←,0.0200,0.00000,4.28632
1831.046,-55.922,-65.713,←,0.0200,0.00000,4.28632
1831.931,-55.871,-65.509,←,0.0200,0.00000,4.28632
1832.803,-55.946,-65.525,←,0.0200,0.00000,4.28632
1833.676,-55.876,-65.347,←,0.0200,0.00000,4.28632
1834.557,-55.884,-65.741,←,0.0200,0.00000,4.28632
1835.425,-55.835,-65.244,←,0.0200,0.00200,4.28432
1836.303,-55.874,-65.317,←,0.0200,0.00000,4.28432
1837.170,-55.911,-66.046,←,0.0200,0.00000,4.28432
1838.045,-55.892,-66.142,←,0.0200,0.00000,4.28432
1838.941,-55.923,-66.126,←,0.0200,0.00000,4.28432
1839.806,-55.942,-65.566,←,0.0200,0.00000,4.28432
1840.670,-55.920,-65.451,←,0.0200,0.00000,4.28432
1841.550,-55.865,-65.704,←,0.0200,0.00000,4.28432
1842.430,-55.944,-66.245,←,0.0200,0.00000,4.28432
1843.301,-55.884,-65.490,←,0.0200,0.00000,4.28432
1844.180,-55.870,-65.175,←,0.0200,0.00000,4.28432
1845.056,-55.906,-65.654,←,0.0200,0.00000,4.28432
1845.935,-55.922,-65.342,←,0.0200,0.00000,4.28432
1846.806,-55.890,-66.051,←,0.0200,0.00000,4.28432
1847.676,-55.853,-65.369,←,0.0200,0.00000,4.28432
1848.550,-55.848,-65.530,←,0.0200,0.00000,4.28432
1849.431,-55.834,-66.074,←,0.0200,0.00201,4.28231
1850.306,-55.949,-65.386,←,0.0200,0.00000,4.28231
1851.183,-55.907,-65.847,←,0.0200,0.00000,4.28231
1852.062,-55.903,-65.445,←,0.0200,0.00000,4.28231
1852.933,-55.899,-66.166,←,0.0200,0.00000,4.28231
1853.801,-55.921,-65.913,←,0.0200,0.00000,4.28231
1854.676,-55.898,-66.088,←,0.0200,0.00000,4.28231
1855.555,-55.916,-65.574,←,0.0200,0.00000,4.28231
1856.424,-55.857,-65.568,←,0.0200,0.00000,4.28231
1857.307,-55.922,-65.897,←,0.0200,0.00000,4.28231
1858.181,-55.932,-65.972,←,0.0200,0.00000,4.28231
1859.056,-55.883,-65.409,←,0.0200,0.00000,4.28231
1859.932,-55.912,-65.399,←,0.0200,0.00000,4.28231
1860.810,-55.870,-65.555,←,0.0200,0.00000,4.28231
1861.672,-55.935,-65.454,←,0.0200,0.00000,4.28231
1862.553,-55.905,-65.720,←,0.0200,0.00000,4.28231
1863.430,-55.883,-66.109,←,0.0200,0.00000,4.28231
1864.301,-55.926,-66.067,←,0.0200,0.00000,4.28231
1865.178,-55.904,-65.476,←,0.0200,0.00000,4.28231
1866.052,-55.910,-65.649,←,0.0200,0.00000,4.28231
1866.930,-55.897,-65.716,←,0.0200,0.00000,4.28231
1867.809,-55.882,-65.369,←,0.0200,0.00000,4.28231
1868.682,-55.871,-65.460,←,0.0200,0.00000,4.28231
1869.550,-55.893,-65.865,←,0.0200,0.00000,4.28231
1870.424,-55.907,-66.337,←,0.0200,0.00000,4.28231
1871.302,-55.870,-65.344,←,0.0200,0.00000,4.28231
1872.177,-55.908,-65.979,←,0.0200,0.00000,4.28231
1873.052,-55.901,-65.496,←,0.0200,0.00000,4.28231
1873.917,-55.921,-65.361,←,0.0200,0.00000,4.28231
1874.799,-55.929,-65.413,←,0.0200,0.00000,4.28231
1875.677,-55.926,-65.282,←,0.0200,0.00000,4.28231
1876.548,-55.889,-66.095,←,0.0200,0.00000,4.28231
1877.428,-55.889,-65.243,←,0.0200,0.00000,4.28231
1878.303,-55.865,-66.044,←,0.0200,0.00000,4.28231
1879.176,-55.847,-66.070,←,0.0200,0.00000,4.28231
1880.054,-55.913,-65.408,←,0.0200,0.00000,4.28231
1880.923,-55.877,-66.189,←,0.0200,0.00000,4.28231
1881.799,-55.913,-65.355,←,0.0200,0.00000,4.28231
1882.677,-55.886,-65.379,←,0.0200,0.00000,4.28231
1883.548,-55.975,-65.964,←,0.0200,0.00000,4.28231
1884.426,-55.846,-66.058,←,0.0200,0.00000,4.28231
1885.306,-55.911,-65.936,←,0.0200,0.00000,4.28231
1886.182,-55.895,-66.028,←,0.0200,0.00000,4.28231
1887.054,-55.873,-65.894,←,0.0200,0.00000,4.28231
1887.928,-55.910,-65.441,←,0.0200,0.00000,4.28231
1888.803,-55.917,-66.075,←,0.0200,0.00000,4.28231
1889.670,-55.897,-66.159,←,0.0200,0.00000,4.28231
1890.558,-55.866,-65.837,←,0.0200,0.00000,4.28231
1891.424,-55.834,-66.144,←,0.0200,0.00201,4.28030
1892.306,-55.899,-66.040,←,0.0200,0.00000,4.28030
1893.169,-55.902,-66.264,←,0.0200,0.00000,4.28030
1894.055,-55.886,-65.688,←,0.0200,0.00000,4.28030
1894.920,-55.889,-65.729,←,0.0200,0.00000,4.28030
1895.803,-55.941,-65.589,←,0.0200,0.00000,4.28030
1896.685,-55.868,-65.692,←,0.0200,0.00000,4.28030
1897.548,-55.888,-66.201,←,0.0200,0.00000,4.28030
1898.428,-55.872,-66.069,←,0.0200,0.00000,4.28030
1899.306,-55.860,-65.657,←,0.0200,0.00000,4.28030
1900.177,-55.825,-65.937,←,0.0200,0.00203,4.27827
1901.053,-55.905,-65.904,←,0.0200,0.00000,4.27827
1901.931,-55.887,-65.735,←,0.0200,0.00000,4.27827
1902.794,-55.941,-65.620,←,0.0200,0.00000,4.27827
1903.675,-55.924,-65.784,←,0.0200,0.00000,4.27827
1904.555,-55.937,-66.034,←,0.0200,0.00000,4.27827
1905.433,-55.892,-65.270,←,0.0200,0.00000,4.27827
1906.311,-55.875,-65.858,←,0.0200,0.00000,4.27827
1907.183,-55.887,-65.649,←,0.0200,0.00000,4.27827
1908.049,-55.970,-66.200,←,0.0200,0.00000,4.27827
1908.925,-55.908,-65.644,←,0.0200,0.00000,4.27827
1909.807,-55.876,-65.701,←,0.0200,0.00000,4.27827
1910.679,-55.854,-65.332,←,0.0200,0.00000,4.27827
1911.553,-55.927,-65.440,←,0.0200,0.00000,4.27827
1912.433,-55.844,-66.228,←,0.0200,0.00000,4.27827
1913.299,-55.928,-65.909,←,0.0200,0.00000,4.27827
1914.165,-55.877,-65.794,←,0.0200,0.00000,4.27827
1915.054,-55.920,-65.624,←,0.0200,0.00000,4.27827
1915.927,-55.876,-65.313,←,0.0200,0.00000,4.27827
1916.798,-55.898,-65.908,←,0.0200,0.00000,4.27827
1917.673,-55.872,-65.649,←,0.0200,0.00000,4.27827
1918.546,-55.902,-65.552,←,0.0200,0.00000,4.27827
1919.429,-55.892,-65.699,←,0.0200,0.00000,4.27827
1920.299,-55.927,-66.099,←,0.0200,0.00000,4.27827
1921.181,-55.906,-65.330,←,0.0200,0.00000,4.27827
1922.056,-55.889,-65.431,←,0.0200,0.00000,4.27827
1922.924,-55.895,-66.131,←,0.0200,0.00000,4.27827
1923.800,-55.916,-65.667,←,0.0200,0.00000,4.27827
1924.672,-55.925,-65.601,←,0.0200,0.00000,4.27827
1925.578,-55.868,-65.706,←,0.0200,0.00000,4.27827
1926.422,-55.860,-65.381,←,0.0200,0.00000,4.27827
1927.293,-55.878,-65.734,←,0.0200,0.00000,4.27827
1928.167,-55.872,-65.490,←,0.0200,0.00000,4.27827
1929.050,-55.904,-66.041,←,0.0200,0.00000,4.27827
1929.933,-55.875,-66.126,←,0.0200,0.00000,4.27827
1930.800,-55.912,-65.726,←,0.0200,0.00000,4.27827
1931.673,-55.965,-65.418,←,0.0200,0.00000,4.27827
1932.554,-55.892,-65.978,←,0.0200,0.00000,4.27827
1933.421,-55.859,-65.876,←,0.0200,0.00000,4.27827
1934.301,-55.866,-65.691,←,0.0200,0.00000,4.27827
1935.170,-55.862,-65.415,←,0.0200,0.00000,4.27827
1936.054,-55.873,-65.738,←,0.0200,0.00000,4.27827
1936.930,-55.903,-66.099,←,0.0200,0.00000,4.27827
1937.817,-55.917,-65.908,←,0.0200,0.00000,4.27827
1938.683,-55.909,-65.384,←,0.0200,0.00000,4.27827
1939.548,-55.954,-65.742,←,0.0200,0.00000,4.27827
1940.419,-55.841,-66.109,←,0.0200,0.00000,4.27827
1941.306,-55.894,-65.327,←,0.0200,0.00000,4.27827
1942.177,-55.886,-65.345,←,0.0200,0.00000,4.27827
1943.046,-55.878,-66.051,←,0.0200,0.00000,4.27827
1943.931,-55.860,-66.088,←,0.0200,0.00000,4.27827
1944.815,-55.857,-65.601,←,0.0200,0.00000,4.27827
1945.678,-55.904,-65.854,←,0.0200,0.00000,4.27827
1946.538,-55.853,-65.621,←,0.0200,0.00000,4.27827
1947.435,-55.862,-65.335,←,0.0200,0.00000,4.27827
1948.303,-55.876,-65.922,←,0.0200,0.00000,4.27827
1949.186,-55.847,-65.448,←,0.0200,0.00000,4.27827
1950.054,-55.879,-65.980,←,0.0200,0.00000,4.27827
1950.919,-55.936,-65.394,←,0.0200,0.00000,4.27827
1951.798,-55.800,-65.873,←,0.0200,0.00211,4.27616
1952.674,-55.905,-65.449,←,0.0200,0.00000,4.27616
1953.549,-55.909,-65.836,←,0.0200,0.00000,4.27616
1954.419,-55.883,-65.473,←,0.0200,0.00000,4.27616
1955.299,-55.882,-65.967,←,0.0200,0.00000,4.27616
1956.182,-55.918,-65.763,←,0.0200,0.00000,4.27616
1957.051,-55.969,-66.142,←,0.0200,0.00000,4.27616
1957.926,-55.919,-65.445,←,0.0200,0.00000,4.27616
1958.805,-55.892,-65.503,←,0.0200,0.00000,4.27616
1959.670,-55.961,-65.764,←,0.0200,0.00000,4.27616
1960.556,-55.860,-65.521,←,0.0200,0.00000,4.27616
1961.424,-55.868,-65.578,←,0.0200,0.00000,4.27616
1962.304,-55.825,-65.485,←,0.0200,0.00204,4.27412
1963.183,-55.889,-65.814,←,0.0200,0.00000,4.27412
1964.052,-55.898,-65.656,←,0.0200,0.00000,4.27412
1964.923,-55.885,-65.496,←,0.0200,0.00000,4.27412
1965.792,-55.935,-65.340,←,0.0200,0.00000,4.27412
1966.686,-55.923,-66.190,←,0.0200,0.00000,4.27412
1967.559,-55.861,-66.171,←,0.0200,0.00000,4.27412
1968.429,-55.888,-66.099,←,0.0200,0.00000,4.27412
1969.308,-55.807,-66.006,←,0.0200,0.00209,4.27203
1970.180,-55.922,-65.780,←,0.0200,0.00000,4.27203
1971.048,-55.911,-65.987,←,0.0200,0.00000,4.27203
1971.927,-55.944,-65.556,←,0.0200,0.00000,4.27203
1972.802,-55.923,-65.315,←,0.0200,0.00000,4.27203
1973.681,-55.912,-65.999,←,0.0200,0.00000,4.27203
1974.549,-55.914,-65.927,←,0.0200,0.00000,4.27203
1975.423,-55.962,-65.492,←,0.0200,0.00000,4.27203
1976.291,-55.925,-66.168,←,0.0200,0.00000,4.27203
1977.182,-55.852,-66.174,←,0.0200,0.00000,4.27203
1978.055,-55.903,-65.904,←,0.0200,0.00000,4.27203
1978.923,-55.880,-65.483,←,0.0200,0.00000,4.27203
1979.795,-55.859,-66.166,←,0.0200,0.00000,4.27203
1980.680,-55.900,-65.757,←,0.0200,0.00000,4.27203
1981.553,-55.925,-65.600,←,0.0200,0.00000,4.27203
1982.431,-55.973,-65.466,←,0.0200,0.00000,4.27203
1983.315,-55.903,-66.075,←,0.0200,0.00000,4.27203
1984.183,-55.953,-66.138,←,0.0200,0.00000,4.27203
1985.053,-55.892,-66.227,←,0.0200,0.00000,4.27203
1985.922,-55.902,-65.885,←,0.0200,0.00000,4.27203
1986.805,-55.930,-65.848,←,0.0200,0.00000,4.27203
1987.678,-55.938,-65.840,←,0.0200,0.00000,4.27203
1988.553,-55.904,-65.539,←,0.0200,0.00000,4.27203
1989.417,-55.907,-65.328,←,0.0200,0.00000,4.27203
1990.298,-55.910,-65.563,←,0.0200,0.00000,4.27203
1991.176,-55.906,-65.972,←,0.0200,0.00000,4.27203
1992.044,-55.908,-65.628,←,0.0200,0.00000,4.27203
1992.916,-55.896,-65.485,←,0.0200,0.00000,4.27203
1993.806,-55.863,-66.330,←,0.0200,0.00000,4.27203
1994.678,-55.861,-65.691,←,0.0200,0.00000,4.27203
1995.553,-55.883,-65.655,←,0.0200,0.00000,4.27203
1996.430,-55.874,-65.950,←,0.0200,0.00000,4.27203
1997.290,-55.881,-65.652,←,0.0200,0.00000,4.27203
1998.172,-55.909,-65.289,←,0.0200,0.00000,4.27203
1999.054,-55.873,-65.343,←,0.0200,0.00000,4.27203
1999.929,-55.873,-66.080,←,0.0200,0.00000,4.27203
2000.805,-55.842,-65.470,←,0.0200,0.00000,4.27203
2001.673,-55.838,-65.126,←,0.0200,0.00000,4.27203
2002.548,-55.866,-65.979,←,0.0200,0.00000,4.27203
2003.431,-55.891,-65.372,←,0.0200,0.00000,4.27203
2004.298,-55.859,-65.614,←,0.0200,0.00000,4.27203
2005.180,-55.881,-65.436,←,0.0200,0.00000,4.27203
2006.051,-55.887,-65.637,←,0.0200,0.00000,4.27203
2006.927,-55.898,-66.026,←,0.0200,0.00000,4.27203
2007.794,-55.931,-66.172,←,0.0200,0.00000,4.27203
2008.664,-55.925,-65.511,←,0.0200,0.00000,4.27203
2009.551,-55.850,-65.638,←,0.0200,0.00000,4.27203
2010.429,-55.865,-65.480,←,0.0200,0.00000,4.27203
2011.310,-55.901,-66.184,←,0.0200,0.00000,4.27203
2012.174,-55.861,-66.193,←,0.0200,0.00000,4.27203
2013.049,-55.896,-65.548,←,0.0200,0.00000,4.27203
2013.926,-55.837,-65.384,←,0.0200,0.00000,4.27203
2014.806,-55.857,-65.770,←,0.0200,0.00000,4.27203
2015.678,-55.933,-65.481,←,0.0200,0.00000,4.27203
2016.553,-55.868,-65.531,←,0.0200,0.00000,4.27203
2017.436,-55.843,-66.058,←,0.0200,0.00000,4.27203
2018.299,-55.813,-65.656,←,0.0200,0.00207,4.26996
2019.166,-55.913,-66.155,←,0.0200,0.00000,4.26996
2020.053,-55.904,-65.976,←,0.0200,0.00000,4.26996
2020.922,-55.914,-65.793,←,0.0200,0.00000,4.26996
2021.797,-55.906,-65.881,←,0.0200,0.00000,4.26996
2022.673,-55.905,-65.451,←,0.0200,0.00000,4.26996
2023.547,-55.895,-65.379,←,0.0200,0.00000,4.26996
2024.422,-55.905,-65.415,←,0.0200,0.00000,4.26996
2025.310,-55.904,-65.482,←,0.0200,0.00000,4.26996
2026.174,-55.870,-66.026,←,0.0200,0.00000,4.26996
2027.062,-55.891,-66.092,←,0.0200,0.00000,4.26996
2027.916,-55.898,-65.653,←,0.0200,0.00000,4.26996
2028.792,-55.926,-65.551,←,0.0200,0.00000,4.26996
2029.680,-55.901,-65.325,←,0.0200,0.00000,4.26996
2030.665,-55.938,-65.933,←,0.0200,0.00000,4.26996
2031.528,-55.838,-65.901,←,0.0200,0.00000,4.26996
2032.407,-55.873,-65.651,←,0.0200,0.00000,4.26996
2033.289,-55.858,-66.112,←,0.0200,0.00000,4.26996
2034.160,-55.889,-66.071,←,0.0200,0.00000,4.26996
2035.034,-55.891,-65.844,←,0.0200,0.00000,4.26996
2035.918,-55.849,-65.414,←,0.0200,0.00000,4.26996
2036.787,-55.874,-66.087,←,0.0200,0.00000,4.26996
2037.657,-55.865,-65.553,←,0.0200,0.00000,4.26996
2038.537,-55.876,-65.317,←,0.0200,0.00000,4.26996
2039.405,-55.834,-66.184,←,0.0200,0.00201,4.26796
2040.281,-55.921,-66.098,←,0.0200,0.00000,4.26796
2041.155,-55.961,-66.009,←,0.0200,0.00000,4.26796
2042.036,-55.826,-65.610,←,0.0200,0.00203,4.26592
2042.909,-55.879,-65.312,←,0.0200,0.00000,4.26592
2043.784,-55.699,-66.050,→,0.0200,0.00241,4.26834
2044.652,-55.900,-65.749,←,0.0200,0.00000,4.26834
2045.528,-55.857,-66.079,←,0.0200,0.00000,4.26834
2046.417,-55.893,-65.556,←,0.0200,0.00000,4.26834
2047.283,-55.890,-65.404,←,0.0200,0.00000,4.26834
2048.156,-55.827,-65.495,←,0.0200,0.00203,4.26631
2049.030,-55.870,-66.053,←,0.0200,0.00000,4.26631
2049.906,-55.884,-66.215,←,0.0200,0.00000,4.26631
2050.780,-55.893,-65.519,←,0.0200,0.00000,4.26631
2051.669,-55.883,-65.425,←,0.0200,0.00000,4.26631
2052.544,-55.902,-65.336,←,0.0200,0.00000,4.26631
2053.407,-55.932,-65.741,←,0.0200,0.00000,4.26631
2054.289,-55.910,-65.562,←,0.0200,0.00000,4.26631
2055.155,-55.823,-65.576,←,0.0200,0.00204,4.26427
2056.038,-55.865,-66.100,←,0.0200,0.00000,4.26427
2056.907,-55.912,-65.492,←,0.0200,0.00000,4.26427
2057.779,-55.917,-65.989,←,0.0200,0.00000,4.26427
2058.662,-55.877,-65.824,←,0.0200,0.00000,4.26427
2059.535,-55.893,-65.933,←,0.0200,0.00000,4.26427
2060.416,-55.922,-66.088,←,0.0200,0.00000,4.26427
2061.279,-55.876,-65.844,←,0.0200,0.00000,4.26427
2062.170,-55.927,-65.581,←,0.0200,0.00000,4.26427
2063.059,-55.847,-65.412,←,0.0200,0.00000,4.26427
2063.912,-55.878,-65.372,←,0.0200,0.00000,4.26427
2064.791,-55.873,-65.864,←,0.0200,0.00000,4.26427
2065.663,-55.874,-66.101,←,0.0200,0.00000,4.26427
2066.544,-55.966,-65.436,←,0.0200,0.00000,4.26427
2067.414,-55.874,-65.340,←,0.0200,0.00000,4.26427
2068.284,-55.971,-65.903,←,0.0200,0.00000,4.26427
2069.162,-55.883,-65.324,←,0.0200,0.00000,4.26427
2070.027,-55.893,-66.000,←,0.0200,0.00000,4.26427
2070.904,-55.867,-65.173,←,0.0200,0.00000,4.26427
2071.780,-55.851,-66.254,←,0.0200,0.00000,4.26427
2072.658,-55.861,-66.021,←,0.0200,0.00000,4.26427
2073.533,-55.891,-65.634,←,0.0200,0.00000,4.26427
2074.414,-55.910,-66.110,←,0.0200,0.00000,4.26427
2075.286,-55.881,-66.246,←,0.0200,0.00000,4.26427
2076.168,-55.888,-65.457,←,0.0200,0.00000,4.26427
2077.037,-55.849,-65.416,←,0.0200,0.00000,4.26427
2077.910,-55.859,-66.170,←,0.0200,0.00000,4.26427
2078.782,-55.869,-66.023,←,0.0200,0.00000,4.26427
2079.659,-55.885,-65.699,←,0.0200,0.00000,4.26427
2080.523,-55.885,-65.340,←,0.0200,0.00000,4.26427
2081.413,-55.857,-65.855,←,0.0200,0.00000,4.26427
2082.290,-55.883,-65.777,←,0.0200,0.00000,4.26427
2083.167,-55.891,-65.252,←,0.0200,0.00000,4.26427
2084.037,-55.859,-65.708,←,0.0200,0.00000,4.26427
2084.916,-55.874,-65.568,←,0.0200,0.00000,4.26427
2085.786,-55.864,-65.966,←,0.0200,0.00000,4.26427
2086.659,-55.845,-65.989,←,0.0200,0.00000,4.26427
2087.535,-55.886,-66.146,←,0.0200,0.00000,4.26427
2088.414,-55.905,-65.963,←,0.0200,0.00000,4.26427
2089.281,-55.852,-65.713,←,0.0200,0.00000,4.26427
2090.154,-55.945,-66.022,←,0.0200,0.00000,4.26427
2091.052,-55.866,-66.074,←,0.0200,0.00000,4.26427
2091.900,-55.874,-66.270,←,0.0200,0.00000,4.26427
2092.860,-55.861,-66.164,←,0.0200,0.00000,4.26427
2093.726,-55.893,-65.423,←,0.0200,0.00000,4.26427
2094.600,-55.901,-66.310,←,0.0200,0.00000,4.26427
2095.484,-55.863,-65.741,←,0.0200,0.00000,4.26427
2096.362,-55.932,-65.345,←,0.0200,0.00000,4.26427
2097.232,-55.859,-65.411,←,0.0200,0.00000,4.26427
2098.119,-55.858,-66.097,←,0.0200,0.00000,4.26427
2098.989,-55.912,-65.530,←,0.0200,0.00000,4.26427
2099.860,-55.860,-65.405,←,0.0200,0.00000,4.26427
2100.741,-55.928,-65.612,←,0.0200,0.00000,4.26427
2101.611,-55.900,-65.398,←,0.0200,0.00000,4.26427
2102.492,-55.879,-66.052,←,0.0200,0.00000,4.26427
2103.367,-55.853,-65.883,←,0.0200,0.00000,4.26427
2104.241,-55.912,-65.691,←,0.0200,0.00000,4.26427
2105.115,-55.851,-65.335,←,0.0200,0.00000,4.26427
2105.980,-55.847,-65.699,←,0.0200,0.00000,4.26427
2106.860,-55.895,-66.186,←,0.0200,0.00000,4.26427
2107.738,-55.852,-65.519,←,0.0200,0.00000,4.26427
2108.615,-55.820,-65.643,←,0.0200,0.00205,4.26222
2109.495,-55.862,-65.458,←,0.0200,0.00000,4.26222
2110.353,-55.886,-65.792,←,0.0200,0.00000,4.26222
2111.236,-55.879,-65.979,←,0.0200,0.00000,4.26222
2112.108,-55.874,-65.378,←,0.0200,0.00000,4.26222
2112.987,-55.870,-65.607,←,0.0200,0.00000,4.26222
2113.857,-55.868,-65.815,←,0.0200,0.00000,4.26222
2114.741,-55.900,-65.847,←,0.0200,0.00000,4.26222
2115.615,-55.877,-66.190,←,0.0200,0.00000,4.26222
2116.485,-55.930,-65.293,←,0.0200,0.00000,4.26222
2117.378,-55.852,-65.755,←,0.0200,0.00000,4.26222
2118.235,-55.856,-65.901,←,0.0200,0.00000,4.26222
2119.112,-55.881,-65.579,←,0.0200,0.00000,4.26222
2119.989,-55.848,-66.185,←,0.0200,0.00000,4.26222
2120.862,-55.944,-65.754,←,0.0200,0.00000,4.26222
2121.744,-55.881,-66.037,←,0.0200,0.00000,4.26222
2122.606,-55.944,-66.225,←,0.0200,0.00000,4.26222
2123.487,-55.916,-65.635,←,0.0200,0.00000,4.26222
2124.356,-55.847,-65.370,←,0.0200,0.00000,4.26222
2125.238,-55.843,-65.987,←,0.0200,0.00000,4.26222
2126.115,-55.865,-65.183,←,0.0200,0.00000,4.26222
2126.999,-55.867,-65.437,←,0.0200,0.00000,4.26222
2127.858,-55.904,-65.145,←,0.0200,0.00000,4.26222
2128.741,-55.888,-65.357,←,0.0200,0.00000,4.26222
2129.626,-55.865,-65.750,←,0.0200,0.00000,4.26222
2130.477,-55.879,-66.051,←,0.0200,0.00000,4.26222
2131.363,-55.874,-65.895,←,0.0200,0.00000,4.26222
2132.232,-55.868,-65.319,←,0.0200,0.00000,4.26222
2133.136,-55.851,-66.254,←,0.0200,0.00000,4.26222
2133.977,-55.881,-66.293,←,0.0200,0.00000,4.26222
2134.861,-55.828,-65.707,←,0.0200,0.00203,4.26019
2135.738,-55.921,-66.067,←,0.0200,0.00000,4.26019
2136.612,-55.914,-65.939,←,0.0200,0.00000,4.26019
2137.490,-55.882,-66.153,←,0.0200,0.00000,4.26019
2138.360,-55.887,-65.370,←,0.0200,0.00000,4.26019
2139.241,-55.917,-65.909,←,0.0200,0.00000,4.26019
2140.116,-55.858,-66.053,←,0.0200,0.00000,4.26019
2140.982,-55.838,-65.698,←,0.0200,0.00000,4.26019
2141.860,-55.806,-65.662,←,0.0200,0.00209,4.25810
2142.735,-55.832,-66.111,←,0.0200,0.00201,4.25608
2143.616,-55.844,-66.252,←,0.0200,0.00000,4.25608
2144.497,-55.855,-65.499,←,0.0200,0.00000,4.25608
2145.358,-55.915,-65.176,←,0.0200,0.00000,4.25608
2146.243,-55.944,-65.496,←,0.0200,0.00000,4.25608
2147.114,-55.892,-65.342,←,0.0200,0.00000,4.25608
2147.985,-55.916,-65.496,←,0.0200,0.00000,4.25608
2148.865,-55.887,-65.571,←,0.0200,0.00000,4.25608
2149.738,-55.935,-65.521,←,0.0200,0.00000,4.25608
2150.601,-55.902,-65.950,←,0.0200,0.00000,4.25608
2151.496,-55.886,-66.240,←,0.0200,0.00000,4.25608
2152.366,-55.874,-66.033,←,0.0200,0.00000,4.25608
2153.239,-55.881,-65.559,←,0.0200,0.00000,4.25608
2154.115,-55.888,-66.126,←,0.0200,0.00000,4.25608
2154.984,-55.900,-65.729,←,0.0200,0.00000,4.25608
2155.856,-55.888,-65.374,←,0.0200,0.00000,4.25608
2156.737,-55.893,-65.386,←,0.0200,0.00000,4.25608
2157.605,-55.856,-65.382,←,0.0200,0.00000,4.25608
2158.484,-55.892,-66.229,←,0.0200,0.00000,4.25608
2159.362,-55.888,-65.650,←,0.0200,0.00000,4.25608
2160.241,-55.830,-65.634,←,0.0200,0.00202,4.25406
2161.113,-55.874,-66.007,←,0.0200,0.00000,4.25406
2161.987,-55.915,-66.236,←,0.0200,0.00000,4.25406
2162.862,-55.903,-65.511,←,0.0200,0.00000,4.25406
2163.740,-55.831,-65.617,←,0.0200,0.00202,4.25205
2164.616,-55.947,-65.879,←,0.0200,0.00000,4.25205
2165.489,-55.921,-66.159,←,0.0200,0.00000,4.25205
2166.364,-55.923,-65.807,←,0.0200,0.00000,4.25205
2167.238,-55.972,-65.483,←,0.0200,0.00000,4.25205
2168.114,-55.854,-66.046,←,0.0200,0.00000,4.25205
2168.989,-55.915,-65.225,←,0.0200,0.00000,4.25205
2169.860,-55.914,-65.966,←,0.0200,0.00000,4.25205
2170.738,-55.903,-65.513,←,0.0200,0.00000,4.25205
2171.610,-55.921,-65.747,←,0.0200,0.00000,4.25205
2172.483,-55.901,-65.783,←,0.0200,0.00000,4.25205
2173.360,-55.969,-65.314,←,0.0200,0.00000,4.25205
2174.240,-55.920,-65.728,←,0.0200,0.00000,4.25205
2175.111,-55.923,-65.447,←,0.0200,0.00000,4.25205
2175.982,-55.949,-66.232,←,0.0200,0.00000,4.25205
2176.860,-55.908,-65.327,←,0.0200,0.00000,4.25205
2177.732,-55.915,-65.911,←,0.0200,0.00000,4.25205
2178.613,-55.967,-65.651,←,0.0200,0.00000,4.25205
2179.485,-55.882,-65.880,←,0.0200,0.00000,4.25205
2180.369,-55.859,-65.395,←,0.0200,0.00000,4.25205
2181.242,-55.879,-65.855,←,0.0200,0.00000,4.25205
2182.109,-55.872,-66.031,←,0.0200,0.00000,4.25205
2182.988,-55.906,-65.734,←,0.0200,0.00000,4.25205
2183.863,-55.868,-65.714,←,0.0200,0.00000,4.25205
2184.734,-55.846,-65.806,←,0.0200,0.00000,4.25205
2185.607,-55.963,-66.155,←,0.0200,0.00000,4.25205
2186.491,-55.926,-65.371,←,0.0200,0.00000,4.25205
2187.369,-55.925,-65.528,←,0.0200,0.00000,4.25205
2188.238,-55.948,-66.036,←,0.0200,0.00000,4.25205
2189.114,-55.892,-66.128,←,0.0200,0.00000,4.25205
2189.989,-55.918,-66.018,←,0.0200,0.00000,4.25205
2190.860,-55.905,-65.812,←,0.0200,0.00000,4.25205
2191.735,-55.826,-65.673,←,0.0200,0.00203,4.25002
2192.615,-55.938,-65.494,←,0.0200,0.00000,4.25002
2193.483,-55.963,-65.242,←,0.0200,0.00000,4.25002
2194.370,-55.882,-66.117,←,0.0200,0.00000,4.25002
2195.233,-55.916,-66.030,←,0.0200,0.00000,4.25002
2196.105,-55.912,-65.377,←,0.0200,0.00000,4.25002
2196.991,-55.873,-65.352,←,0.0200,0.00000,4.25002
2197.866,-55.943,-65.553,←,0.0200,0.00000,4.25002
2198.734,-55.948,-65.799,←,0.0200,0.00000,4.25002
2199.610,-55.919,-65.325,←,0.0200,0.00000,4.25002
2200.489,-55.952,-65.377,←,0.0200,0.00000,4.25002
2201.363,-55.907,-65.545,←,0.0200,0.00000,4.25002
2202.243,-55.906,-65.354,←,0.0200,0.00000,4.25002
2203.115,-55.925,-65.403,←,0.0200,0.00000,4.25002
2203.991,-55.877,-65.739,←,0.0200,0.00000,4.25002
2204.864,-55.905,-65.884,←,0.0200,0.00000,4.25002
2205.740,-55.897,-66.062,←,0.0200,0.00000,4.25002
2206.615,-55.974,-65.613,←,0.0200,0.00000,4.25002
2207.487,-55.869,-65.920,←,0.0200,0.00000,4.25002
2208.369,-55.933,-65.959,←,0.0200,0.00000,4.25002
2209.232,-55.918,-65.903,←,0.0200,0.00000,4.25002
2210.109,-55.928,-65.696,←,0.0200,0.00000,4.25002
