timestamp_s,s1_dbm,s2_dbm,r,error,offset_V
0.723,-50.735,-67.843,7.16842,-6.67138,1.16671
1.300,-48.520,-69.579,11.29705,-2.54275,1.19214
1.868,-48.665,-69.560,11.08531,-2.75450,1.21969
2.482,-48.893,-68.195,9.22727,-4.61254,1.26581
3.102,-49.319,-68.838,9.46085,-4.37895,1.30960
3.506,-49.717,-68.336,8.52981,-5.30999,1.36270
4.129,-50.322,-69.516,9.11383,-4.72598,1.40996
4.742,-50.874,-68.330,7.46063,-6.37918,1.47375
5.253,-51.737,-67.589,6.20333,-7.63648,1.55012
5.681,-52.944,-67.846,5.56028,-8.27953,1.63291
6.108,-54.448,-68.004,4.76233,-9.07747,1.72369
6.551,-56.590,-67.323,3.44086,-10.39894,1.82768
6.988,-59.960,-67.977,2.51671,-11.32309,1.94091
7.424,-66.234,-67.599,1.17014,-12.66967,2.06760
8.055,-80.454,-68.544,0.25383,-13.58598,2.20346
8.520,-62.740,-68.208,1.87657,-11.96324,2.32310
9.065,-57.817,-67.284,2.97416,-10.86565,2.43175
9.613,-54.995,-67.258,4.10357,-9.73624,2.52912
10.047,-53.054,-68.286,5.77602,-8.06379,2.60975
10.681,-51.747,-68.696,7.03763,-6.80217,2.67778
11.147,-50.810,-67.658,6.95658,-6.88323,2.74661
11.583,-49.942,-68.775,8.74338,-5.09642,2.79757
12.013,-49.374,-69.212,9.81488,-4.02493,2.83782
12.565,-48.966,-68.912,9.93844,-3.90137,2.87683
13.140,-48.563,-69.729,11.43652,-2.40329,2.90087
13.742,-48.323,-68.259,9.92601,-3.91379,2.94001
14.371,-47.980,-69.282,11.61739,-2.22242,2.96223
14.777,-47.814,-68.545,10.87816,-2.96164,2.99185
15.303,-47.542,-69.178,12.07215,-1.76766,3.00952
15.733,-47.402,-68.922,11.91273,-1.92707,3.02879
16.177,-47.242,-69.822,13.45958,-0.38023,3.03260
16.821,-47.217,-69.565,13.10346,-0.73634,3.03996
17.520,-47.159,-68.741,11.99749,-1.84231,3.05838
17.927,-46.977,-68.417,11.80320,-2.03660,3.07875
18.646,-46.831,-69.682,13.88545,0.04565,3.07829
19.284,-46.868,-70.213,14.69765,0.85784,3.06971
19.687,-46.914,-69.233,13.06048,-0.77933,3.07751
20.118,-46.855,-69.826,14.07765,0.23785,3.07513
20.710,-46.854,-70.195,14.69026,0.85046,3.06662
21.230,-46.906,-68.931,12.62555,-1.21425,3.07877
21.831,-46.791,-70.563,15.43790,1.59809,3.06279
22.457,-46.889,-69.244,13.11401,-0.72579,3.07004
23.072,-46.823,-69.896,14.24438,0.40458,3.06600
23.685,-46.883,-70.004,14.32358,0.48377,3.06116
24.163,-46.907,-68.975,12.68760,-1.15220,3.07268
24.593,-46.815,-69.212,13.17757,-0.66224,3.07930
25.033,-46.767,-69.730,14.06545,0.22564,3.07705
25.587,-46.789,-68.782,12.57984,-1.25996,3.08965
26.021,-46.680,-70.014,14.67953,0.83973,3.08125
26.566,-46.730,-68.904,12.84334,-0.99646,3.09121
26.999,-46.677,-70.646,15.79245,1.95264,3.07169
27.432,-46.800,-68.871,12.69227,-1.14753,3.08316
28.092,-46.724,-69.502,13.76765,-0.07216,3.08389
28.697,-46.722,-70.217,14.95380,1.11399,3.07275
29.107,-46.768,-69.809,14.19178,0.35197,3.06923
29.520,-46.837,-69.882,14.19828,0.35847,3.06564
29.957,-46.853,-69.042,12.86677,-0.97303,3.07537
30.540,-46.779,-69.989,14.47195,0.63214,3.06905
31.052,-46.799,-69.563,13.74616,-0.09365,3.06999
31.492,-46.803,-69.423,13.52063,-0.31918,3.07318
31.929,-46.762,-69.112,13.10643,-0.73338,3.08051
32.363,-46.704,-70.807,16.03954,2.19973,3.05851
32.807,-46.857,-70.140,14.59293,0.75313,3.05098
33.236,-46.920,-69.263,13.09683,-0.74298,3.05841
33.823,-46.832,-70.253,14.82723,0.98742,3.04854
34.434,-46.925,-70.498,15.08958,1.24977,3.03604
35.042,-46.997,-70.089,14.27604,0.43623,3.03168
35.439,-47.030,-70.282,14.54042,0.70061,3.02467
36.257,-47.100,-68.483,11.72553,-2.11427,3.04582
36.784,-46.943,-69.208,12.97891,-0.86089,3.05442
37.195,-46.887,-69.462,13.45133,-0.38848,3.05831
37.617,-46.858,-69.247,13.16624,-0.67356,3.06504
38.044,-46.812,-70.511,15.30940,1.46959,3.05035
38.488,-46.923,-69.359,13.23766,-0.60214,3.05637
39.036,-46.881,-69.132,12.95864,-0.88117,3.06518
39.468,-46.806,-68.627,12.33133,-1.50848,3.08027
39.909,-46.704,-70.652,15.75373,1.91392,3.06113
40.347,-46.802,-69.155,13.11132,-0.72849,3.06841
40.988,-46.758,-70.746,15.82713,1.98732,3.04854
41.549,-46.873,-68.866,12.57949,-1.26031,3.06114
41.991,-46.786,-69.853,14.23481,0.39501,3.05719
42.427,-46.820,-69.807,14.10483,0.26503,3.05454
42.862,-46.828,-70.132,14.62861,0.78881,3.04665
43.304,-46.877,-68.843,12.53951,-1.30029,3.05966
43.738,-46.816,-68.934,12.76161,-1.07820,3.07044
44.176,-46.745,-68.553,12.31385,-1.52596,3.08570
44.614,-46.609,-69.586,14.08883,0.24902,3.08321
45.288,-46.659,-70.206,15.04467,1.20486,3.07116
45.703,-46.731,-70.767,15.91571,2.07591,3.05040
46.151,-46.859,-68.805,12.51172,-1.32809,3.06368
46.574,-46.774,-69.532,13.73783,-0.10197,3.06470
47.022,-46.747,-68.773,12.62760,-1.21221,3.07682
47.565,-46.668,-70.148,14.92845,1.08865,3.06594
48.002,-46.759,-68.572,12.32208,-1.51773,3.08111
48.562,-46.627,-70.607,15.81317,1.97336,3.06138
48.988,-46.754,-70.112,14.72053,0.88072,3.05257
49.423,-46.834,-70.327,14.95071,1.11090,3.04146
50.082,-46.896,-68.408,11.90174,-1.93807,3.06084
50.715,-46.747,-69.138,13.16913,-0.67068,3.06755
51.176,-46.675,-69.486,13.82112,-0.01869,3.06774
51.612,-46.693,-69.771,14.25296,0.41315,3.06361
52.052,-46.713,-69.830,14.31596,0.47615,3.05885
52.489,-46.739,-68.775,12.64187,-1.19793,3.07082
52.918,-46.661,-69.654,14.11287,0.27306,3.06809
53.359,-46.661,-68.813,12.81205,-1.02775,3.07837
53.794,-46.592,-68.615,12.62184,-1.21797,3.09055
54.236,-46.516,-68.683,12.83453,-1.00527,3.10060
54.676,-46.448,-69.532,14.26306,0.42325,3.09637
55.114,-46.487,-69.842,14.71553,0.87572,3.08761
55.653,-46.520,-68.903,13.15680,-0.68300,3.09444
56.241,-46.506,-69.737,14.50615,0.66634,3.08778
56.751,-46.559,-69.673,14.31131,0.47151,3.08307
57.375,-46.569,-69.054,13.31121,-0.52860,3.08835
57.953,-46.516,-70.246,15.36470,1.52490,3.07310
58.599,-46.620,-70.185,15.07350,1.23369,3.06077
59.046,-46.710,-69.193,13.30865,-0.53115,3.06608
59.598,-46.652,-69.286,13.54321,-0.29660,3.06904
60.035,-46.626,-68.451,12.33823,-1.50158,3.08406
60.646,-46.556,-69.640,14.26256,0.42275,3.07983
61.164,-46.598,-69.355,13.73509,-0.10472,3.08088
61.566,-46.587,-69.344,13.73673,-0.10308,3.08191
62.005,-46.577,-70.778,16.22166,2.38185,3.05809
62.599,-46.732,-68.678,12.51149,-1.32831,3.07137
63.006,-46.633,-69.771,14.35152,0.51171,3.06626
63.424,-46.659,-69.117,13.27021,-0.56960,3.07195
63.855,-46.627,-68.530,12.44958,-1.39023,3.08586
64.302,-46.528,-68.932,13.18864,-0.65116,3.09237
64.735,-46.487,-70.448,15.77852,1.93872,3.07298
65.176,-46.613,-69.713,14.28963,0.44983,3.06848
65.612,-46.632,-68.623,12.57639,-1.26341,3.08112
66.046,-46.545,-68.747,12.88486,-0.95495,3.09066
66.484,-46.465,-68.954,13.31800,-0.52180,3.09588
67.038,-46.435,-68.864,13.22638,-0.61343,3.10202
67.474,-46.386,-68.876,13.31983,-0.51998,3.10722
67.911,-46.351,-69.869,14.99362,1.15381,3.09568
68.460,-46.412,-70.038,15.18063,1.34082,3.08227
68.895,-46.508,-70.323,15.51511,1.67531,3.06552
69.329,-46.628,-69.613,14.10088,0.26107,3.06291
69.967,-46.616,-69.121,13.34319,-0.49662,3.06787
70.423,-46.609,-69.576,14.07178,0.23197,3.06555
71.059,-46.618,-69.895,14.58355,0.74374,3.05812
71.514,-46.660,-70.154,14.95292,1.11312,3.04698
71.954,-46.738,-69.823,14.26327,0.42347,3.04275
72.525,-46.756,-68.996,12.94197,-0.89784,3.05173
73.052,-46.698,-68.945,12.95160,-0.88821,3.06061
73.651,-46.635,-68.756,12.76566,-1.07415,3.07135
74.052,-46.565,-70.527,15.77916,1.93935,3.05196
74.473,-46.686,-69.078,13.17030,-0.66950,3.05865
75.086,-46.627,-70.073,14.86907,1.02927,3.04836
75.599,-46.706,-68.962,12.96547,-0.87434,3.05710
76.217,-46.647,-70.659,15.87066,2.03086,3.03680
76.832,-46.778,-68.742,12.53721,-1.30259,3.04982
77.421,-46.705,-70.238,15.01936,1.17955,3.03803
77.862,-46.789,-68.956,12.83382,-1.00598,3.04809
78.298,-46.746,-70.154,14.80529,0.96548,3.03843
78.737,-46.777,-69.965,14.43551,0.59571,3.03247
79.387,-46.854,-68.999,12.80127,-1.03854,3.04286
79.828,-46.769,-70.546,15.44696,1.60716,3.02679
80.273,-46.869,-69.139,12.98672,-0.85308,3.03532
80.705,-46.814,-70.097,14.59446,0.75465,3.02777
81.145,-46.869,-68.822,12.52057,-1.31923,3.04096
81.582,-46.760,-70.907,16.11876,2.27896,3.01817
82.145,-46.919,-69.642,13.68186,-0.15794,3.01975
82.562,-46.928,-69.682,13.73106,-0.10875,3.02084
83.171,-46.904,-70.333,14.83970,0.99990,3.01084
83.684,-46.960,-68.552,12.01154,-1.82826,3.02913
84.208,-46.837,-68.724,12.42641,-1.41340,3.04326
84.642,-46.726,-69.083,13.11751,-0.72229,3.05048
85.076,-46.687,-70.203,14.98984,1.15003,3.03898
85.523,-46.736,-69.377,13.55366,-0.28614,3.04184
86.151,-46.746,-69.268,13.36953,-0.47028,3.04655
86.611,-46.678,-69.354,13.60775,-0.23206,3.04887
87.046,-46.679,-70.105,14.83479,0.99499,3.03892
87.487,-46.715,-69.917,14.45910,0.61930,3.03272
88.033,-46.791,-69.070,13.00106,-0.83875,3.04111
88.602,-46.684,-70.144,14.89265,1.05285,3.03058
89.216,-46.786,-68.730,12.50878,-1.33102,3.04389
89.694,-46.679,-70.265,15.11129,1.27149,3.03118
90.244,-46.764,-69.835,14.24218,0.40237,3.02715
90.662,-46.801,-69.432,13.53767,-0.30214,3.03018
91.094,-46.761,-70.340,15.09910,1.25929,3.01758
91.681,-46.887,-69.023,12.78754,-1.05226,3.02811
92.188,-46.787,-69.214,13.22420,-0.61561,3.03426
92.731,-46.736,-70.311,15.09150,1.25170,3.02174
93.168,-46.845,-69.414,13.44059,-0.39922,3.02574
93.611,-46.791,-68.512,12.19114,-1.64867,3.04222
94.046,-46.684,-69.409,13.68510,-0.15471,3.04377
94.649,-46.661,-70.032,14.74277,0.90296,3.03474
95.139,-46.756,-68.778,12.62115,-1.21865,3.04693
95.582,-46.639,-68.578,12.49986,-1.33995,3.06033
96.017,-46.553,-69.747,14.44444,0.60463,3.05428
96.695,-46.603,-69.833,14.50358,0.66377,3.04764
97.110,-46.650,-69.999,14.70455,0.86475,3.03900
97.710,-46.727,-69.959,14.50754,0.66774,3.03232
98.115,-46.767,-69.890,14.32760,0.48780,3.02744
98.536,-46.787,-69.789,14.12902,0.28921,3.02455
99.077,-46.790,-70.366,15.09454,1.25473,3.01200
99.522,-46.921,-69.597,13.60693,-0.23287,3.01433
99.953,-46.898,-69.265,13.13212,-0.70768,3.02141
100.587,-46.846,-70.515,15.25678,1.41697,3.00724
101.047,-46.935,-68.640,12.16919,-1.67061,3.02394
101.607,-46.824,-69.079,12.96426,-0.87554,3.03270
102.034,-46.762,-70.747,15.82029,1.98048,3.01289
102.462,-46.881,-70.565,15.28330,1.44350,2.99846
103.033,-47.009,-69.614,13.49734,-0.34247,3.00188
103.655,-46.967,-69.905,14.02394,0.18413,3.00004
104.107,-46.964,-68.740,12.26837,-1.57144,3.01576
104.658,-46.848,-69.266,13.20970,-0.63011,3.02206
105.299,-46.790,-70.761,15.79507,1.95526,3.00250
105.909,-46.926,-69.394,13.28623,-0.55358,3.00804
106.312,-46.892,-69.111,12.91073,-0.92908,3.01733
106.931,-46.798,-69.881,14.26084,0.42104,3.01312
107.496,-46.850,-70.337,14.94008,1.10027,3.00212
108.159,-46.914,-68.914,12.58891,-1.25089,3.01463
108.696,-46.849,-70.149,14.62232,0.78251,3.00680
109.137,-46.895,-69.780,13.94070,0.10089,3.00579
109.577,-46.892,-69.699,13.81517,-0.02464,3.00604
110.210,-46.910,-69.138,12.92455,-0.91525,3.01519
110.675,-46.840,-70.258,14.82171,0.98191,3.00537
111.114,-46.916,-68.228,11.63034,-2.20946,3.02747
111.813,-46.744,-68.804,12.67737,-1.16244,3.03909
112.362,-46.657,-70.080,14.83024,0.99043,3.02919
112.765,-46.705,-69.662,14.05457,0.21476,3.02704
113.379,-46.732,-69.754,14.16051,0.32071,3.02383
113.956,-46.750,-70.085,14.68064,0.84083,3.01542
114.512,-46.786,-69.086,13.03084,-0.80897,3.02351
114.939,-46.754,-70.063,14.63724,0.79743,3.01554
115.487,-46.774,-69.390,13.51479,-0.32501,3.01879
115.925,-46.747,-69.118,13.13927,-0.70053,3.02580
116.364,-46.712,-69.153,13.24496,-0.59485,3.03174
116.796,-46.693,-70.274,15.10250,1.26269,3.01912
117.235,-46.762,-69.672,13.97888,0.13907,3.01773
117.779,-46.782,-68.918,12.78793,-1.05188,3.02825
118.324,-46.700,-70.008,14.63587,0.79607,3.02028
118.765,-46.734,-69.629,13.95610,0.11630,3.01912
119.320,-46.766,-70.381,15.16107,1.32126,3.00591
119.862,-46.839,-69.063,12.91860,-0.92120,3.01512
120.295,-46.795,-69.187,13.17057,-0.66923,3.02181
120.735,-46.720,-69.102,13.15417,-0.68564,3.02867
121.175,-46.664,-68.528,12.39320,-1.44661,3.04314
121.609,-46.586,-69.242,13.57825,-0.26156,3.04575
122.054,-46.581,-68.919,13.08929,-0.75052,3.05326
122.598,-46.519,-69.262,13.71431,-0.12549,3.05451
123.221,-46.516,-68.738,12.91573,-0.92408,3.06375
123.696,-46.466,-69.178,13.66451,-0.17530,3.06551
124.126,-46.433,-68.915,13.30762,-0.53218,3.07083
124.562,-46.409,-68.644,12.93473,-0.90507,3.07988
125.155,-46.343,-69.685,14.69271,0.85290,3.07135
125.670,-46.388,-69.576,14.43586,0.59605,3.06539
126.301,-46.430,-69.357,14.00687,0.16707,3.06372
126.898,-46.412,-69.808,14.78409,0.94429,3.05427
127.303,-46.510,-69.054,13.40267,-0.43714,3.05865
127.731,-46.450,-70.286,15.55278,1.71297,3.04152
128.178,-46.586,-69.255,13.59753,-0.24228,3.04394
128.601,-46.562,-69.294,13.69636,-0.14344,3.04537
129.056,-46.558,-70.784,16.26634,2.42653,3.02111
129.662,-46.722,-69.596,13.92177,0.08197,3.02029
130.180,-46.731,-68.900,12.83588,-1.00392,3.03033
130.789,-46.625,-69.045,13.21205,-0.62776,3.03661
131.225,-46.627,-70.201,15.09132,1.25151,3.02409
131.671,-46.687,-70.211,15.00307,1.16327,3.01246
132.112,-46.754,-69.535,13.77368,-0.06612,3.01312
132.656,-46.764,-69.544,13.77172,-0.06809,3.01380
133.250,-46.750,-69.666,13.99058,0.15077,3.01229
133.652,-46.776,-68.915,12.79224,-1.04756,3.02277
134.085,-46.686,-69.751,14.23116,0.39135,3.01885
134.520,-46.700,-70.148,14.87386,1.03406,3.00851
134.955,-46.754,-68.771,12.61420,-1.22561,3.02077
135.607,-46.661,-69.258,13.48487,-0.35494,3.02432
136.221,-46.677,-69.056,13.15222,-0.68759,3.03119
136.834,-46.619,-69.625,14.13641,0.29660,3.02823
137.443,-46.597,-68.707,12.74923,-1.09057,3.03913
138.016,-46.549,-70.843,16.39390,2.55409,3.01359
138.575,-46.731,-68.803,12.69400,-1.14580,3.02505
139.000,-46.639,-70.560,15.70656,1.86675,3.00638
139.437,-46.763,-68.782,12.61711,-1.22270,3.01861
140.005,-46.646,-69.398,13.72811,-0.11170,3.01973
140.424,-46.670,-70.569,15.66454,1.82474,3.00148
140.863,-46.793,-69.907,14.31276,0.47295,2.99675
141.299,-46.828,-69.323,13.32852,-0.51128,3.00186
141.844,-46.782,-70.371,15.11696,1.27715,2.98909
142.280,-46.897,-69.966,14.23711,0.39731,2.98512
142.831,-46.911,-68.813,12.44755,-1.39226,2.99904
143.271,-46.826,-68.802,12.55353,-1.28628,3.01190
143.709,-46.736,-69.108,13.13981,-0.69999,3.01890
144.146,-46.704,-69.110,13.19212,-0.64769,3.02538
144.690,-46.662,-70.277,15.16208,1.32227,3.01216
145.123,-46.727,-70.734,15.86229,2.02249,2.99193
145.720,-46.889,-68.855,12.54006,-1.29975,3.00493
146.260,-46.788,-69.113,13.06978,-0.77003,3.01263
146.861,-46.718,-68.929,12.89865,-0.94116,3.02204
147.423,-46.659,-69.495,13.86055,0.02074,3.02184
147.858,-46.671,-70.195,15.00432,1.16451,3.01019
148.299,-46.733,-68.787,12.66764,-1.17217,3.02191
148.736,-46.676,-68.915,12.94013,-0.89968,3.03091
149.164,-46.606,-70.331,15.35550,1.51569,3.01575
149.602,-46.711,-69.142,13.23018,-0.60962,3.02185
150.051,-46.656,-68.907,12.95947,-0.88033,3.03065
150.649,-46.590,-69.303,13.66671,-0.17310,3.03238
151.175,-46.563,-69.657,14.27855,0.43874,3.02800
151.783,-46.600,-70.774,16.17040,2.33059,3.00469
152.228,-46.778,-70.046,14.56689,0.72709,2.99742
152.667,-46.812,-69.603,13.78878,-0.05102,2.99793
153.319,-46.834,-68.837,12.59356,-1.24624,3.01039
153.767,-46.751,-70.292,15.03366,1.19385,2.99845
154.209,-46.804,-69.402,13.48735,-0.35246,3.00198
154.753,-46.795,-68.668,12.40663,-1.43318,3.01631
155.374,-46.695,-70.247,15.05222,1.21242,3.00418
155.838,-46.751,-70.135,14.76502,0.92521,2.99493
156.507,-46.802,-69.431,13.53445,-0.30536,2.99799
157.109,-46.787,-70.269,14.93115,1.09134,2.98707
157.614,-46.858,-69.156,13.02842,-0.81139,2.99519
158.153,-46.807,-70.595,15.46576,1.62596,2.97893
158.573,-46.929,-69.394,13.28165,-0.55815,2.98451
159.125,-46.864,-70.193,14.67056,0.83075,2.97620
159.565,-46.972,-69.938,14.06927,0.22946,2.97391
160.184,-46.945,-69.173,12.92431,-0.91550,2.98306
160.660,-46.870,-69.587,13.67288,-0.16692,2.98473
161.310,-46.881,-69.781,13.96404,0.12424,2.98349
161.749,-46.883,-68.637,12.23839,-1.60142,2.99950
162.190,-46.753,-69.714,14.06258,0.22277,2.99727
162.734,-46.775,-70.446,15.26023,1.42042,2.98307
163.173,-46.866,-68.909,12.65085,-1.18895,2.99496
163.721,-46.796,-69.742,14.03887,0.19907,2.99297
164.152,-46.788,-68.801,12.60899,-1.23082,3.00528
164.601,-46.723,-70.481,15.41425,1.57445,2.98953
165.028,-46.800,-68.656,12.38276,-1.45705,3.00410
165.603,-46.727,-69.373,13.56187,-0.27794,3.00688
166.228,-46.703,-68.799,12.72953,-1.11028,3.01799
166.673,-46.615,-69.390,13.76441,-0.07540,3.01874
167.105,-46.594,-68.531,12.49828,-1.34152,3.03216
167.656,-46.528,-69.629,14.29039,0.45059,3.02765
168.274,-46.559,-68.805,12.95212,-0.88768,3.03653
168.890,-46.473,-69.527,14.21323,0.37342,3.03279
169.501,-46.515,-68.878,13.12564,-0.71416,3.03993
170.118,-46.445,-69.089,13.55819,-0.28162,3.04275
170.732,-46.402,-69.981,15.09844,1.25863,3.03016
171.267,-46.509,-68.944,13.23599,-0.60381,3.03620
171.695,-46.485,-69.642,14.38232,0.54252,3.03078
172.140,-46.526,-69.727,14.45470,0.61489,3.02463
172.580,-46.544,-68.991,13.25436,-0.58545,3.03048
173.129,-46.503,-69.638,14.34582,0.50602,3.02542
173.565,-46.542,-69.366,13.84198,0.00218,3.02540
174.124,-46.537,-70.353,15.51524,1.67543,3.00865
174.725,-46.633,-68.987,13.11209,-0.72772,3.01592
175.340,-46.596,-69.849,14.54380,0.70400,3.00888
175.948,-46.622,-68.854,12.93064,-0.90917,3.01797
176.561,-46.566,-70.184,15.16750,1.32770,3.00470
177.074,-46.674,-69.628,14.05064,0.21083,3.00259
177.608,-46.707,-68.826,12.76293,-1.07687,3.01336
178.053,-46.650,-68.775,12.77181,-1.06800,3.02404
178.615,-46.549,-69.268,13.67543,-0.16437,3.02568
179.044,-46.532,-68.960,13.22553,-0.61427,3.03182
179.461,-46.491,-68.978,13.31535,-0.52445,3.03707
180.045,-46.446,-68.979,13.38534,-0.45446,3.04161
180.658,-46.411,-69.846,14.85096,1.01116,3.03150
181.220,-46.464,-69.620,14.38142,0.54161,3.02609
181.656,-46.520,-70.253,15.36764,1.52783,3.01081
182.097,-46.612,-68.806,12.87402,-0.96579,3.02047
182.532,-46.537,-70.628,16.01584,2.17604,2.99871
183.123,-46.682,-69.802,14.32251,0.48270,2.99388
183.530,-46.727,-70.116,14.77202,0.93221,2.98456
184.146,-46.798,-68.967,12.83581,-1.00399,2.99460
184.605,-46.724,-68.821,12.73041,-1.10940,3.00569
185.055,-46.644,-69.721,14.24953,0.40973,3.00159
185.782,-46.696,-69.520,13.84090,0.00109,3.00158
186.500,-46.679,-69.956,14.58408,0.74427,2.99414
187.112,-46.738,-69.030,13.02044,-0.81937,3.00233
187.561,-46.664,-69.631,14.07025,0.23045,3.00003
188.245,-46.684,-68.928,12.94781,-0.89199,3.00895
188.852,-46.636,-68.750,12.75522,-1.08458,3.01979
189.424,-46.522,-68.760,12.94017,-0.89964,3.02879
190.166,-46.505,-69.952,14.87015,1.03035,3.01849
190.735,-46.538,-70.583,15.93166,2.09186,2.99757
191.176,-46.691,-69.030,13.09144,-0.74837,3.00505
191.601,-46.654,-70.573,15.70167,1.86187,2.98643
192.059,-46.771,-68.804,12.63754,-1.20227,2.99846
192.643,-46.696,-69.666,14.07674,0.23693,2.99609
193.154,-46.703,-70.224,14.99880,1.15899,2.98450
193.580,-46.780,-70.134,14.71198,0.87218,2.97577
194.008,-46.869,-70.106,14.51657,0.67677,2.96901
194.573,-46.903,-68.405,11.88734,-1.95247,2.98853
195.000,-46.755,-68.454,12.16071,-1.67910,3.00532
195.432,-46.652,-70.086,14.84944,1.00963,2.99523
195.871,-46.722,-69.807,14.26397,0.42416,2.99098
196.427,-46.736,-70.428,15.29511,1.45530,2.97643
196.861,-46.820,-70.621,15.48967,1.64986,2.95993
197.299,-46.984,-69.879,13.95612,0.11631,2.95877
197.730,-46.968,-69.187,12.90940,-0.93040,2.96807
198.173,-46.916,-68.264,11.67802,-2.16179,2.98969
198.783,-46.750,-69.446,13.63907,-0.20074,2.99170
199.263,-46.734,-69.173,13.24144,-0.59837,2.99768
199.819,-46.689,-70.599,15.68552,1.84571,2.97923
200.250,-46.808,-70.144,14.68116,0.84136,2.97081
200.936,-46.890,-69.870,14.09305,0.25325,2.96828
201.551,-46.895,-69.682,13.78277,-0.05704,2.96885
202.174,-46.890,-69.277,13.16218,-0.67762,2.97563
202.765,-46.832,-69.025,12.87312,-0.96669,2.98529
203.389,-46.755,-68.989,12.93391,-0.90590,2.99435
203.862,-46.691,-69.155,13.28013,-0.55968,2.99995
204.410,-46.667,-70.570,15.67242,1.83261,2.98162
205.033,-46.786,-69.755,14.07434,0.23454,2.97928
205.648,-46.797,-70.544,15.39238,1.55257,2.96375
206.046,-46.898,-68.413,11.90594,-1.93387,2.98309
206.669,-46.777,-69.287,13.35114,-0.48866,2.98798
207.289,-46.729,-69.824,14.28071,0.44090,2.98357
207.797,-46.737,-70.425,15.28973,1.44992,2.96907
208.340,-46.855,-69.008,12.81363,-1.02618,2.97933
208.890,-46.780,-69.457,13.60983,-0.22998,2.98163
209.323,-46.764,-68.706,12.50550,-1.33431,2.99497
210.031,-46.652,-70.202,15.04888,1.20907,2.98288
210.435,-46.759,-68.729,12.54593,-1.29387,2.99582
211.155,-46.655,-68.963,13.04303,-0.79677,3.00379
211.792,-46.605,-69.587,14.09625,0.25644,3.00122
212.193,-46.636,-68.780,12.80037,-1.03944,3.01162
212.604,-46.576,-70.368,15.47421,1.63441,2.99528
213.042,-46.677,-69.359,13.61762,-0.22218,2.99750
213.645,-46.659,-70.215,15.05991,1.22010,2.98530
214.048,-46.724,-69.084,13.12148,-0.71832,2.99248
214.570,-46.680,-68.937,12.96823,-0.87158,3.00120
215.020,-46.633,-70.018,14.76702,0.92721,2.99192
215.576,-46.707,-69.547,13.86818,0.02837,2.99164
216.005,-46.699,-69.794,14.28044,0.44064,2.98723
216.547,-46.730,-70.403,15.26300,1.42319,2.97300
216.989,-46.819,-69.204,13.16058,-0.67922,2.97979
217.418,-46.793,-70.271,14.92301,1.08320,2.96896
218.053,-46.852,-68.864,12.60581,-1.23400,2.98130
218.653,-46.733,-70.480,15.39346,1.55365,2.96576
219.151,-46.835,-70.197,14.72575,0.88594,2.95691
219.610,-46.923,-69.157,12.93373,-0.90607,2.96597
220.047,-46.845,-70.066,14.48967,0.64986,2.95947
220.480,-46.906,-69.866,14.06010,0.22029,2.95726
220.921,-46.941,-70.509,15.07896,1.23916,2.94487
221.357,-47.007,-69.192,12.85945,-0.98036,2.95468
221.792,-46.976,-69.830,13.88951,0.04971,2.95418
222.234,-46.954,-68.690,12.21190,-1.62791,2.97046
222.669,-46.834,-68.866,12.63463,-1.20518,2.98251
223.108,-46.748,-68.952,12.88910,-0.95070,2.99202
223.655,-46.687,-70.637,15.75820,1.91839,2.97283
224.089,-46.800,-70.751,15.75844,1.91863,2.95365
224.693,-46.925,-69.942,14.15318,0.31338,2.95051
225.099,-46.939,-69.885,14.03829,0.19849,2.94853
225.518,-46.964,-69.083,12.76291,-1.07689,2.95930
226.124,-46.878,-69.202,13.06839,-0.77142,2.96701
226.643,-46.812,-70.183,14.74286,0.90306,2.95798
227.154,-46.882,-68.671,12.28775,-1.55206,2.97350
227.591,-46.756,-68.529,12.26445,-1.57536,2.98926
228.179,-46.664,-70.450,15.46376,1.62396,2.97302
228.789,-46.797,-69.639,13.87213,0.03233,2.97269
229.233,-46.800,-68.730,12.48853,-1.35128,2.98620
229.669,-46.697,-70.364,15.25393,1.41412,2.97206
230.327,-46.804,-68.785,12.56300,-1.27680,2.98483
230.764,-46.720,-69.055,13.08365,-0.75616,2.99239
231.450,-46.651,-70.255,15.14147,1.30166,2.97938
231.855,-46.748,-70.540,15.47499,1.63519,2.96302
232.295,-46.863,-70.164,14.62482,0.78502,2.95517
232.842,-46.910,-69.824,13.98552,0.14571,2.95372
233.502,-46.930,-69.946,14.15155,0.31174,2.95060
233.939,-46.958,-69.574,13.51375,-0.32606,2.95386
234.486,-46.926,-70.077,14.37312,0.53332,2.94853
235.133,-46.966,-70.086,14.32097,0.48116,2.94372
235.753,-47.006,-69.340,13.08381,-0.75599,2.95128
236.269,-46.960,-68.916,12.52689,-1.31292,2.96441
236.663,-46.829,-69.009,12.85266,-0.98714,2.97428
237.111,-46.784,-69.015,12.92964,-0.91016,2.98338
237.687,-46.726,-69.611,13.93926,0.09946,2.98238
238.094,-46.701,-70.262,15.06728,1.22748,2.97011
238.537,-46.803,-69.745,14.03250,0.19270,2.96818
239.078,-46.806,-68.432,12.05845,-1.78135,2.98600
239.516,-46.696,-70.525,15.53997,1.70017,2.96899
240.073,-46.808,-70.572,15.42420,1.58439,2.95315
240.674,-46.908,-68.894,12.56926,-1.27055,2.96586
241.284,-46.823,-70.254,14.84419,1.00438,2.95581
241.841,-46.883,-69.649,13.75092,-0.08889,2.95670
242.358,-46.868,-69.837,14.07623,0.23642,2.95434
242.800,-46.887,-68.899,12.60690,-1.23291,2.96667
243.233,-46.768,-70.810,15.92517,2.08536,2.94581
243.844,-46.958,-69.663,13.65278,-0.18703,2.94768
244.437,-46.930,-69.239,13.04590,-0.79391,2.95562
244.878,-46.879,-70.255,14.75120,0.91139,2.94651
245.423,-46.923,-69.222,13.03068,-0.80913,2.95460
246.073,-46.876,-69.568,13.63346,-0.20634,2.95666
246.516,-46.899,-68.760,12.38857,-1.45124,2.97117
247.065,-46.754,-69.636,13.93487,0.09507,2.97022
247.606,-46.793,-70.214,14.82770,0.98789,2.96034
248.045,-46.851,-69.619,13.75235,-0.08745,2.96122
248.479,-46.816,-69.028,12.89931,-0.94050,2.97062
248.924,-46.777,-70.587,15.50481,1.66501,2.95397
249.359,-46.876,-68.729,12.37776,-1.46204,2.96859
249.985,-46.760,-69.646,13.94092,0.10111,2.96758
250.452,-46.751,-69.253,13.33715,-0.50266,2.97261
250.880,-46.751,-69.239,13.31703,-0.52278,2.97784
251.520,-46.700,-69.476,13.76611,-0.07369,2.97857
251.987,-46.704,-70.631,15.71642,1.87661,2.95981
252.418,-46.823,-70.589,15.42687,1.58706,2.94394
252.853,-46.943,-70.141,14.45190,0.61210,2.93782
253.301,-46.976,-69.826,13.88354,0.04373,2.93738
253.754,-47.015,-68.772,12.24154,-1.59827,2.95336
254.283,-46.868,-70.206,14.68613,0.84633,2.94490
254.719,-46.942,-70.079,14.35005,0.51024,2.93980
255.164,-46.962,-70.280,14.65160,0.81180,2.93168
255.592,-47.014,-69.644,13.53655,-0.30326,2.93471
256.041,-47.017,-69.294,12.99727,-0.84254,2.94314
256.845,-46.929,-69.285,13.11644,-0.72337,2.95037
257.242,-46.905,-69.192,13.01210,-0.82771,2.95865
257.668,-46.813,-69.158,13.09958,-0.74022,2.96605
258.111,-46.810,-68.644,12.35072,-1.48909,2.98094
258.692,-46.645,-69.222,13.45417,-0.38563,2.98480
259.298,-46.649,-70.771,16.07322,2.23342,2.96246
259.916,-46.812,-69.957,14.36209,0.52228,2.95724
260.319,-46.830,-69.234,13.18774,-0.65207,2.96376
260.735,-46.786,-70.284,14.95868,1.11888,2.95257
261.351,-46.869,-69.151,13.00553,-0.83427,2.96091
261.956,-46.805,-68.670,12.39516,-1.44465,2.97536
262.580,-46.687,-68.858,12.83941,-1.00039,2.98536
263.133,-46.613,-69.759,14.36355,0.52374,2.98013
263.574,-46.670,-69.015,13.10036,-0.73945,2.98752
264.119,-46.590,-69.933,14.69469,0.85488,2.97897
264.559,-46.671,-69.159,13.31600,-0.52381,2.98421
265.342,-46.626,-69.308,13.61638,-0.22343,2.98645
265.762,-46.608,-68.596,12.57166,-1.26814,2.99913
266.311,-46.513,-69.817,14.62768,0.78787,2.99125
266.743,-46.551,-70.359,15.50212,1.66231,2.97463
267.393,-46.660,-68.924,12.97713,-0.86268,2.98325
268.009,-46.631,-69.443,13.82274,-0.01707,2.98342
268.498,-46.606,-68.689,12.70925,-1.13056,2.99473
269.048,-46.542,-69.775,14.50992,0.67011,2.98803
269.639,-46.595,-69.475,13.93103,0.09122,2.98711
270.043,-46.579,-68.912,13.08238,-0.75742,2.99469
270.464,-46.548,-69.770,14.49151,0.65170,2.98817
270.895,-46.579,-70.645,15.96907,2.12927,2.96688
271.338,-46.723,-69.409,13.62444,-0.21537,2.96903
271.899,-46.715,-70.679,15.78330,1.94349,2.94960
272.511,-46.842,-70.086,14.52770,0.68789,2.94272
272.988,-46.892,-69.087,12.87529,-0.96452,2.95236
273.419,-46.842,-68.678,12.35405,-1.48575,2.96722
273.851,-46.714,-69.181,13.28372,-0.55609,2.97278
274.407,-46.688,-70.136,14.87326,1.03345,2.96245
274.973,-46.742,-68.553,12.31831,-1.52149,2.97766
275.687,-46.632,-68.896,12.97670,-0.86311,2.98629
276.295,-46.581,-68.843,12.97409,-0.86572,2.99495
276.914,-46.533,-70.339,15.49997,1.66017,2.97835
277.360,-46.648,-70.378,15.36424,1.52443,2.96311
277.797,-46.756,-69.065,13.04504,-0.79476,2.97105
278.347,-46.720,-69.010,13.01725,-0.82255,2.97928
278.962,-46.647,-68.976,13.07578,-0.76403,2.98692
279.547,-46.595,-70.832,16.28757,2.44776,2.96244
279.981,-46.751,-68.705,12.52322,-1.31659,2.97561
280.420,-46.676,-70.172,14.95499,1.11519,2.96446
281.098,-46.728,-68.650,12.47799,-1.36182,2.97807
281.508,-46.638,-69.761,14.32556,0.48576,2.97322
281.952,-46.659,-69.393,13.69944,-0.14036,2.97462
282.548,-46.666,-69.114,13.25437,-0.58544,2.98047
283.057,-46.637,-69.879,14.52545,0.68564,2.97362
283.481,-46.671,-69.581,13.98045,0.14064,2.97221
284.030,-46.647,-68.829,12.85519,-0.98462,2.98206
284.470,-46.607,-70.028,14.82714,0.98733,2.97218
285.102,-46.647,-70.385,15.37799,1.53818,2.95680
285.564,-46.792,-70.064,14.57502,0.73521,2.94945
285.996,-46.833,-69.679,13.87726,0.03745,2.94908
286.636,-46.836,-69.985,14.36937,0.52956,2.94378
287.361,-46.887,-69.326,13.24095,-0.59885,2.94977
287.764,-46.832,-68.399,11.97748,-1.86232,2.96839
288.389,-46.683,-69.810,14.33235,0.49254,2.96347
288.995,-46.740,-69.222,13.30728,-0.53252,2.96879
289.511,-46.717,-69.586,13.91429,0.07448,2.96805
289.936,-46.687,-69.547,13.89968,0.05987,2.96745
290.538,-46.664,-69.349,13.62113,-0.21868,2.96963
290.934,-46.648,-69.601,14.04908,0.20927,2.96754
291.352,-46.672,-69.026,13.11324,-0.72656,2.97481
291.797,-46.623,-69.016,13.17233,-0.66748,2.98148
292.346,-46.587,-69.850,14.55992,0.72011,2.97428
292.886,-46.641,-70.188,15.04368,1.20387,2.96224
293.326,-46.729,-69.322,13.47936,-0.36045,2.96585
293.960,-46.707,-69.673,14.07102,0.23121,2.96353
294.417,-46.697,-70.156,14.89158,1.05178,2.95302
295.052,-46.793,-69.323,13.38260,-0.45721,2.95759
295.516,-46.750,-70.032,14.59153,0.75172,2.95007
296.065,-46.814,-69.365,13.41431,-0.42550,2.95433
296.605,-46.792,-70.018,14.49839,0.65858,2.94774
297.160,-46.839,-69.051,12.90023,-0.93957,2.95714
297.589,-46.738,-68.928,12.86811,-0.97170,2.96685
298.034,-46.676,-69.511,13.86075,0.02094,2.96664
298.629,-46.689,-69.811,14.32653,0.48673,2.96178
299.032,-46.720,-69.781,14.22572,0.38591,2.95792
299.654,-46.719,-69.815,14.28162,0.44181,2.95350
300.109,-46.766,-69.026,12.97140,-0.86840,2.96218
300.674,-46.701,-68.993,13.02022,-0.81959,2.97038
301.300,-46.688,-69.331,13.55558,-0.28422,2.97322
301.900,-46.641,-68.790,12.80613,-1.03367,2.98356
302.300,-46.574,-70.324,15.39964,1.55983,2.96796
302.753,-46.666,-68.794,12.77552,-1.06429,2.97860
303.190,-46.598,-69.030,13.23135,-0.60846,2.98469
303.614,-46.536,-68.894,13.11812,-0.72169,2.99190
304.067,-46.478,-70.138,15.24067,1.40086,2.97790
304.677,-46.594,-68.813,12.91188,-0.92793,2.98718
305.293,-46.527,-69.045,13.36218,-0.47763,2.99195
305.903,-46.486,-70.062,15.09489,1.25508,2.97940
306.532,-46.586,-69.392,13.81412,-0.02568,2.97966
307.000,-46.580,-69.806,14.49785,0.65804,2.97308
307.553,-46.641,-69.964,14.65933,0.81952,2.96488
307.986,-46.692,-68.837,12.80009,-1.03972,2.97528
308.436,-46.626,-68.821,12.87495,-0.96486,2.98493
309.068,-46.554,-69.715,14.39092,0.55111,2.97942
309.679,-46.581,-70.017,14.85256,1.01276,2.96929
310.154,-46.620,-69.749,14.33796,0.49815,2.96431
310.614,-46.681,-70.068,14.76923,0.92942,2.95501
311.054,-46.727,-68.723,12.58456,-1.25525,2.96757
311.482,-46.645,-70.321,15.26895,1.42915,2.95327
311.925,-46.734,-69.635,13.96504,0.12524,2.95202
312.644,-46.741,-69.127,13.16217,-0.67763,2.95880
313.273,-46.685,-70.087,14.79551,0.95570,2.94924
313.667,-46.772,-69.577,13.81145,-0.02836,2.94952
314.119,-46.759,-69.950,14.43962,0.59981,2.94353
314.707,-46.814,-69.073,12.96896,-0.87085,2.95224
315.111,-46.739,-70.239,14.96237,1.12256,2.94101
315.541,-46.833,-70.216,14.76251,0.92271,2.93178
315.974,-46.899,-69.704,13.81174,-0.02806,2.93206
316.562,-46.875,-68.670,12.29499,-1.54481,2.94751
317.181,-46.794,-70.415,15.17118,1.33138,2.93420
317.616,-46.892,-70.229,14.68439,0.84458,2.92575
318.159,-46.928,-69.918,14.10927,0.26947,2.92306
318.601,-46.958,-69.975,14.15320,0.31340,2.91992
319.038,-46.978,-69.941,14.06633,0.22652,2.91766
319.622,-46.988,-69.799,13.82156,-0.01825,2.91784
320.035,-47.008,-69.781,13.76128,-0.07852,2.91863
320.462,-46.985,-69.738,13.72820,-0.11161,2.91974
321.069,-47.003,-69.854,13.88482,0.04501,2.91929
321.780,-46.987,-69.061,12.69778,-1.14203,2.93071
322.318,-46.937,-68.810,12.40758,-1.43223,2.94503
322.901,-46.800,-68.752,12.51998,-1.31983,2.95823
323.412,-46.718,-69.864,14.36441,0.52460,2.95299
323.847,-46.751,-70.129,14.75304,0.91324,2.94385
324.397,-46.812,-69.347,13.38940,-0.45040,2.94836
324.842,-46.777,-68.585,12.31437,-1.52543,2.96361
325.468,-46.670,-69.503,13.85497,0.01516,2.96346
325.934,-46.645,-69.386,13.71024,-0.12956,2.96476
326.371,-46.641,-70.011,14.74021,0.90041,2.95575
326.803,-46.715,-69.861,14.36508,0.52527,2.95050
327.347,-46.744,-68.923,12.85245,-0.98736,2.96037
327.923,-46.681,-68.935,12.96316,-0.87664,2.96914
328.540,-46.612,-69.653,14.19256,0.35276,2.96561
328.993,-46.630,-68.917,13.01210,-0.82770,2.97389
329.546,-46.585,-69.918,14.67839,0.83858,2.96550
329.982,-46.636,-69.270,13.54330,-0.29651,2.96847
330.414,-46.615,-70.212,15.13002,1.29021,2.95557
330.963,-46.701,-70.460,15.41417,1.57437,2.93982
331.601,-46.830,-68.862,12.63502,-1.20479,2.95187
332.053,-46.722,-69.806,14.26291,0.42310,2.94764
332.630,-46.753,-69.765,14.14518,0.30537,2.94459
333.243,-46.786,-70.227,14.86037,1.02056,2.93438
333.862,-46.854,-68.898,12.65212,-1.18769,2.94626
334.270,-46.751,-69.687,14.02177,0.18197,2.94444
334.670,-46.775,-68.742,12.54064,-1.29917,2.95743
335.316,-46.669,-69.304,13.54424,-0.29556,2.96038
335.997,-46.667,-69.529,13.90265,0.06284,2.95976
336.446,-46.665,-69.845,14.42231,0.58250,2.95393
336.880,-46.680,-69.289,13.50382,-0.33599,2.95729
337.320,-46.656,-70.329,15.26460,1.42479,2.94304
337.974,-46.781,-69.634,13.88803,0.04822,2.94256
338.511,-46.792,-68.895,12.74041,-1.09940,2.95355
339.067,-46.724,-69.247,13.37012,-0.46968,2.95825
339.515,-46.685,-70.186,14.96443,1.12463,2.94701
339.937,-46.755,-70.063,14.63479,0.79498,2.93906
340.366,-46.816,-69.736,13.99601,0.15621,2.93749
340.910,-46.817,-68.664,12.37028,-1.46952,2.95219
341.361,-46.699,-69.557,13.89579,0.05599,2.95163
341.908,-46.694,-69.971,14.58323,0.74342,2.94419
342.463,-46.761,-69.360,13.48729,-0.35251,2.94772
343.195,-46.738,-69.503,13.74810,-0.09171,2.94864
343.772,-46.725,-69.457,13.69640,-0.14341,2.95007
344.531,-46.702,-70.205,14.96719,1.12738,2.93880
344.974,-46.816,-68.948,12.78152,-1.05828,2.94938
345.533,-46.728,-68.834,12.74382,-1.09599,2.96034
346.173,-46.651,-68.910,12.97046,-0.86935,2.96903
346.783,-46.583,-69.969,14.76723,0.92743,2.95976
347.382,-46.663,-69.406,13.71275,-0.12705,2.96103
347.820,-46.634,-69.560,14.00587,0.16606,2.95937
348.247,-46.673,-69.551,13.92821,0.08841,2.95849
348.708,-46.651,-68.842,12.86934,-0.97047,2.96819
349.140,-46.574,-68.977,13.18715,-0.65266,2.97472
349.757,-46.532,-70.082,15.04927,1.20946,2.96262
350.354,-46.593,-68.748,12.81690,-1.02291,2.97285
350.974,-46.539,-69.100,13.42911,-0.41070,2.97696
351.589,-46.509,-68.869,13.12060,-0.71921,2.98415
352.281,-46.452,-70.267,15.51387,1.67407,2.96741
352.841,-46.589,-68.875,13.01140,-0.82841,2.97569
353.484,-46.513,-69.317,13.81079,-0.02902,2.97598
353.942,-46.514,-70.548,15.91050,2.07069,2.95528
354.386,-46.686,-70.087,14.79313,0.95332,2.94574
354.834,-46.722,-68.925,12.88730,-0.95251,2.95527
355.376,-46.659,-69.233,13.44999,-0.38982,2.95917
355.915,-46.627,-69.287,13.58358,-0.25623,2.96173
356.349,-46.613,-69.351,13.70457,-0.13524,2.96308
356.989,-46.619,-68.826,12.89276,-0.94705,2.97255
357.435,-46.551,-70.384,15.54745,1.70764,2.95548
358.124,-46.655,-69.566,13.98019,0.14038,2.95407
358.563,-46.656,-69.040,13.15823,-0.68158,2.96089
359.000,-46.614,-68.761,12.80402,-1.03579,2.97125
359.563,-46.545,-70.237,15.29592,1.45611,2.95668
360.001,-46.645,-70.387,15.38552,1.54571,2.94123
360.702,-46.768,-70.133,14.73219,0.89238,2.93230
361.407,-46.793,-69.378,13.46509,-0.37471,2.93605
362.047,-46.764,-69.327,13.43187,-0.40794,2.94013
362.652,-46.747,-69.198,13.26060,-0.57921,2.94592
363.146,-46.685,-69.785,14.28860,0.44880,2.94143
363.687,-46.725,-69.352,13.53040,-0.30941,2.94453
364.125,-46.730,-68.865,12.78685,-1.05296,2.95506
364.556,-46.658,-70.484,15.53381,1.69401,2.93812
365.210,-46.769,-69.027,12.96857,-0.87124,2.94683
365.643,-46.712,-69.701,14.10751,0.26771,2.94415
366.074,-46.709,-69.604,13.95502,0.11522,2.94300
366.644,-46.730,-70.178,14.87191,1.03210,2.93268
367.062,-46.778,-69.015,12.93723,-0.90258,2.94171
367.520,-46.716,-69.017,13.03191,-0.80790,2.94978
367.948,-46.655,-68.824,12.83600,-1.00381,2.95982
368.459,-46.601,-70.045,14.86546,1.02566,2.94957
369.030,-46.671,-69.087,13.20663,-0.63318,2.95590
369.583,-46.623,-70.165,15.03456,1.19475,2.94395
370.042,-46.713,-69.790,14.25224,0.41243,2.93983
370.603,-46.730,-69.561,13.85451,0.01470,2.93968
371.025,-46.741,-69.850,14.30315,0.46334,2.93505
371.540,-46.756,-69.130,13.14294,-0.69687,2.94201
371.995,-46.696,-69.177,13.30565,-0.53416,2.94736
372.550,-46.693,-69.550,13.89581,0.05600,2.94680
372.991,-46.660,-69.358,13.64303,-0.19677,2.94876
373.603,-46.663,-68.970,13.04172,-0.79809,2.95674
374.076,-46.611,-68.922,13.04835,-0.79146,2.96466
374.631,-46.554,-70.373,15.52188,1.68207,2.94784
375.084,-46.679,-69.630,14.04608,0.20627,2.94578
375.515,-46.693,-70.082,14.77268,0.93287,2.93645
375.947,-46.747,-68.888,12.79618,-1.04363,2.94688
376.576,-46.707,-70.148,14.86157,1.02176,2.93666
377.031,-46.761,-69.271,13.35064,-0.48917,2.94156
377.465,-46.705,-69.489,13.77785,-0.06196,2.94218
378.013,-46.704,-68.996,13.01909,-0.82072,2.95038
378.442,-46.668,-69.577,13.97904,0.13924,2.94899
379.109,-46.637,-70.390,15.40548,1.56567,2.93333
379.527,-46.749,-69.801,14.21020,0.37039,2.92963
379.975,-46.785,-69.142,13.11734,-0.72247,2.93686
380.577,-46.762,-69.817,14.21537,0.37557,2.93310
381.085,-46.751,-69.373,13.52355,-0.31626,2.93626
381.515,-46.722,-69.780,14.22030,0.38049,2.93246
381.944,-46.760,-69.438,13.61057,-0.22923,2.93475
382.378,-46.758,-68.674,12.46702,-1.37279,2.94848
382.822,-46.657,-70.325,15.25403,1.41423,2.93434
383.250,-46.765,-69.989,14.49427,0.65446,2.92779
383.839,-46.802,-69.688,13.94063,0.10082,2.92678
384.349,-46.818,-70.148,14.67265,0.83284,2.91845
384.794,-46.890,-68.669,12.27322,-1.56659,2.93412
385.367,-46.785,-69.197,13.20050,-0.63931,2.94051
385.870,-46.722,-69.187,13.28147,-0.55834,2.94610
386.428,-46.700,-69.586,13.94091,0.10110,2.94509
386.975,-46.673,-70.024,14.70701,0.86721,2.93641
387.551,-46.747,-70.156,14.80712,0.96731,2.92674
387.967,-46.827,-69.798,14.07769,0.23789,2.92436
388.555,-46.825,-69.506,13.61568,-0.22413,2.92660
389.158,-46.813,-69.096,13.00564,-0.83417,2.93494
389.593,-46.753,-68.812,12.67532,-1.16449,2.94659
390.040,-46.667,-69.936,14.57016,0.73036,2.93929
390.477,-46.727,-70.124,14.78578,0.94597,2.92983
390.908,-46.783,-68.938,12.81650,-1.02331,2.94006
391.349,-46.720,-69.066,13.10144,-0.73836,2.94744
391.884,-46.659,-68.863,12.88915,-0.95066,2.95695
392.554,-46.588,-69.221,13.54156,-0.29825,2.95993
393.101,-46.593,-69.599,14.13534,0.29554,2.95698
393.537,-46.569,-69.321,13.72668,-0.11312,2.95811
393.980,-46.607,-69.600,14.11444,0.27463,2.95536
394.698,-46.620,-69.448,13.84886,0.00906,2.95527
395.319,-46.603,-69.025,13.21599,-0.62381,2.96151
395.928,-46.574,-69.397,13.84088,0.00107,2.96150
396.379,-46.560,-69.620,14.22341,0.38360,2.95766
396.815,-46.576,-70.354,15.44931,1.60951,2.94157
397.357,-46.698,-69.046,13.10381,-0.73600,2.94893
397.907,-46.628,-69.191,13.43223,-0.40758,2.95300
398.487,-46.610,-69.212,13.49377,-0.34603,2.95646
398.983,-46.560,-70.282,15.34839,1.50858,2.94138
399.451,-46.663,-69.419,13.73425,-0.10555,2.94243
399.972,-46.686,-68.870,12.85767,-0.98214,2.95225
400.639,-46.571,-69.521,14.04356,0.20375,2.95022
401.162,-46.604,-69.880,14.58244,0.74263,2.94279
401.623,-46.673,-69.002,13.07482,-0.76499,2.95044
402.067,-46.605,-69.931,14.66466,0.82485,2.94219
402.500,-46.666,-69.903,14.51576,0.67595,2.93543
402.943,-46.700,-68.799,12.73394,-1.10587,2.94649
403.369,-46.642,-70.196,15.05582,1.21601,2.93433
403.804,-46.731,-69.412,13.61518,-0.22463,2.93658
404.262,-46.703,-69.756,14.21128,0.37147,2.93286
404.697,-46.771,-69.211,13.24309,-0.59672,2.93883
405.119,-46.697,-69.146,13.25626,-0.58354,2.94466
405.770,-46.644,-69.130,13.31338,-0.52643,2.94993
406.358,-46.616,-69.178,13.43074,-0.40906,2.95402
407.092,-46.607,-69.872,14.56357,0.72376,2.94678
407.529,-46.656,-69.210,13.41874,-0.42107,2.95099
408.084,-46.620,-70.164,15.03808,1.19828,2.93901
408.626,-46.695,-69.227,13.38548,-0.45432,2.94355
409.250,-46.659,-70.125,14.90382,1.06401,2.93291
409.713,-46.735,-70.123,14.77010,0.93029,2.92361
410.169,-46.799,-69.250,13.25930,-0.58050,2.92941
410.606,-46.737,-69.862,14.33056,0.49075,2.92451
411.284,-46.786,-69.722,14.02084,0.18103,2.92270
411.713,-46.786,-69.131,13.09927,-0.74053,2.93010
412.135,-46.739,-69.904,14.39616,0.55636,2.92454
412.729,-46.767,-70.407,15.20514,1.36533,2.91089
413.324,-46.880,-68.900,12.61938,-1.22042,2.92309
413.748,-46.797,-69.885,14.26925,0.42944,2.91880
414.315,-46.838,-69.893,14.21486,0.37505,2.91504
414.759,-46.886,-69.493,13.50075,-0.33906,2.91844
415.383,-46.827,-69.117,13.01757,-0.82224,2.92666
415.853,-46.771,-68.899,12.77550,-1.06430,2.93730
416.296,-46.720,-70.353,15.19345,1.35365,2.92376
416.920,-46.788,-69.303,13.35721,-0.48260,2.92859
417.382,-46.749,-69.085,13.08698,-0.75283,2.93612
417.819,-46.694,-70.357,15.24563,1.40582,2.92206
418.252,-46.820,-69.175,13.11374,-0.72606,2.92932
418.682,-46.767,-68.933,12.83198,-1.00783,2.93940
419.126,-46.655,-68.526,12.40392,-1.43589,2.95376
419.688,-46.562,-69.049,13.31624,-0.52357,2.95899
420.113,-46.536,-69.354,13.83304,-0.00676,2.95906
420.707,-46.542,-70.419,15.62744,1.78763,2.94119
421.431,-46.676,-69.528,13.88710,0.04729,2.94071
422.043,-46.698,-69.031,13.08180,-0.75800,2.94829
422.648,-46.627,-69.941,14.64532,0.80552,2.94024
423.063,-46.688,-68.918,12.92801,-0.91180,2.94936
423.495,-46.612,-70.031,14.82274,0.98293,2.93953
423.940,-46.686,-70.263,15.09554,1.25573,2.92697
424.384,-46.763,-69.285,13.36902,-0.47079,2.93168
424.813,-46.727,-69.352,13.52782,-0.31198,2.93480
425.244,-46.707,-70.303,15.12738,1.28757,2.92192
425.683,-46.783,-69.565,13.77518,-0.06462,2.92257
426.337,-46.781,-69.829,14.20386,0.36405,2.91893
427.038,-46.808,-69.769,14.06154,0.22174,2.91671
427.461,-46.819,-69.766,14.03835,0.19854,2.91472
428.171,-46.821,-70.121,14.62180,0.78200,2.90690
428.739,-46.887,-69.947,14.22288,0.38308,2.90307
429.188,-46.938,-69.906,14.07292,0.23312,2.90074
429.625,-46.946,-69.301,13.11446,-0.72534,2.90799
430.078,-46.918,-68.730,12.31928,-1.52053,2.92320
430.648,-46.804,-69.648,13.87445,0.03465,2.92285
431.155,-46.803,-70.053,14.53800,0.69820,2.91587
431.595,-46.823,-69.327,13.34215,-0.49766,2.92085
432.177,-46.794,-69.908,14.31103,0.47123,2.91614
432.591,-46.827,-69.890,14.22791,0.38811,2.91225
433.130,-46.837,-68.838,12.59076,-1.24905,2.92475
433.717,-46.745,-69.895,14.37124,0.53143,2.91943
434.143,-46.801,-69.562,13.74202,-0.09778,2.92041
434.734,-46.781,-68.850,12.68836,-1.15145,2.93192
435.454,-46.723,-69.698,14.08508,0.24528,2.92947
436.076,-46.752,-69.878,14.33183,0.49202,2.92455
436.698,-46.734,-69.041,13.04164,-0.79817,2.93253
437.310,-46.696,-69.386,13.63079,-0.20901,2.93462
437.911,-46.665,-70.088,14.83097,0.99117,2.92471
438.369,-46.750,-69.494,13.71513,-0.12468,2.92596
438.824,-46.724,-70.070,14.69970,0.85990,2.91736
439.450,-46.818,-70.195,14.75128,0.91147,2.90824
440.072,-46.887,-69.491,13.49494,-0.34487,2.91169
440.688,-46.834,-68.818,12.56572,-1.27409,2.92443
441.114,-46.743,-70.285,15.03485,1.19504,2.91248
441.711,-46.803,-70.221,14.82076,0.98096,2.90267
442.367,-46.894,-69.080,12.86195,-0.97785,2.91245
443.037,-46.836,-69.766,14.01126,0.17145,2.91074
443.648,-46.848,-68.978,12.77981,-1.06000,2.92134
444.070,-46.791,-69.818,14.16978,0.32997,2.91804
444.513,-46.818,-69.682,13.90564,0.06583,2.91738
444.944,-46.838,-69.617,13.77082,-0.06898,2.91807
445.411,-46.827,-69.700,13.92070,0.08090,2.91726
446.019,-46.830,-70.418,15.11376,1.27396,2.90452
446.584,-46.920,-69.816,13.95670,0.11689,2.90335
447.094,-46.901,-68.996,12.72793,-1.11188,2.91447
447.673,-46.815,-68.746,12.48853,-1.35127,2.92798
448.117,-46.731,-69.992,14.55536,0.71555,2.92083
448.555,-46.766,-68.692,12.48161,-1.35819,2.93441
449.015,-46.695,-68.955,12.97203,-0.86778,2.94309
449.443,-46.619,-69.137,13.36375,-0.47606,2.94785
450.004,-46.587,-69.354,13.75197,-0.08784,2.94873
450.675,-46.573,-70.206,15.19267,1.35287,2.93520
451.334,-46.657,-68.749,12.72320,-1.11660,2.94636
451.844,-46.561,-69.069,13.34797,-0.49184,2.95128
452.445,-46.543,-69.501,14.05713,0.21733,2.94911
452.954,-46.570,-70.224,15.23092,1.39111,2.93520
453.373,-46.663,-69.566,13.96938,0.12958,2.93390
453.992,-46.675,-70.121,14.86949,1.02968,2.92360
454.611,-46.722,-69.214,13.32189,-0.51792,2.92878
455.046,-46.708,-69.001,13.02172,-0.81808,2.93696
455.472,-46.646,-69.498,13.88735,0.04754,2.93649
455.920,-46.642,-69.620,14.08956,0.24976,2.93399
456.353,-46.683,-69.995,14.64152,0.80171,2.92597
456.810,-46.723,-69.875,14.37367,0.53387,2.92064
457.419,-46.752,-68.625,12.40681,-1.43299,2.93497
457.860,-46.681,-69.770,14.27153,0.43172,2.93065
458.303,-46.712,-69.113,13.18377,-0.65603,2.93721
458.923,-46.641,-69.865,14.49349,0.65368,2.93067
459.369,-46.700,-68.874,12.84412,-0.99569,2.94063
459.829,-46.646,-70.009,14.72904,0.88923,2.93174
460.455,-46.706,-69.927,14.48958,0.64978,2.92524
460.906,-46.749,-69.639,13.94830,0.10849,2.92415
461.350,-46.735,-68.929,12.87378,-0.96603,2.93381
461.786,-46.672,-69.756,14.26333,0.42353,2.92958
462.393,-46.700,-69.122,13.21640,-0.62341,2.93581
463.082,-46.635,-69.905,14.57148,0.73167,2.92850
463.530,-46.706,-70.339,15.19333,1.35353,2.91496
463.996,-46.803,-68.786,12.56534,-1.27447,2.92771
464.550,-46.708,-69.116,13.19440,-0.64541,2.93416
464.971,-46.648,-68.710,12.67859,-1.16121,2.94577
465.559,-46.587,-69.474,13.94240,0.10260,2.94475
466.064,-46.582,-69.949,14.73562,0.89581,2.93579
466.693,-46.660,-69.155,13.32782,-0.51199,2.94091
467.315,-46.614,-69.715,14.29002,0.45022,2.93641
468.021,-46.598,-68.853,12.96394,-0.87587,2.94516
468.449,-46.580,-69.462,13.93506,0.09525,2.94421
469.044,-46.572,-70.319,15.39329,1.55348,2.92868
469.835,-46.688,-69.573,13.94046,0.10066,2.92767
470.311,-46.695,-69.823,14.33586,0.49605,2.92271
470.760,-46.709,-69.047,13.08796,-0.75184,2.93023
471.397,-46.637,-69.365,13.68953,-0.15028,2.93173
472.113,-46.648,-70.129,14.92830,1.08849,2.92085
472.726,-46.743,-70.130,14.76910,0.92929,2.91155
473.148,-46.801,-70.068,14.56680,0.72699,2.90428
473.587,-46.856,-69.922,14.23219,0.39239,2.90036
474.138,-46.879,-70.333,14.88417,1.04437,2.88992
474.583,-46.954,-68.676,12.19395,-1.64586,2.90637
475.026,-46.845,-70.116,14.57360,0.73379,2.89904
475.553,-46.874,-69.763,13.94671,0.10690,2.89797
475.998,-46.909,-69.651,13.71282,-0.12699,2.89924
476.444,-46.876,-69.717,13.87046,0.03065,2.89893
476.959,-46.902,-69.071,12.83585,-1.00396,2.90897
477.536,-46.813,-69.799,14.10296,0.26316,2.90634
477.965,-46.844,-70.238,14.78109,0.94129,2.89693
478.553,-46.899,-70.226,14.66883,0.82903,2.88864
479.065,-46.947,-69.708,13.74181,-0.09800,2.88962
479.496,-46.959,-69.648,13.62858,-0.21122,2.89173
479.946,-46.932,-68.797,12.39510,-1.44470,2.90618
480.376,-46.848,-68.869,12.61987,-1.21993,2.91837
480.806,-46.758,-70.386,15.18318,1.34337,2.90494
481.431,-46.850,-69.856,14.13527,0.29546,2.90199
482.018,-46.892,-68.763,12.40341,-1.43640,2.91635
482.449,-46.765,-68.912,12.80426,-1.03555,2.92671
483.057,-46.709,-70.301,15.12208,1.28227,2.91388
483.681,-46.772,-68.664,12.43392,-1.40588,2.92794
484.208,-46.668,-69.370,13.64799,-0.19182,2.92986
484.824,-46.653,-69.611,14.05650,0.21670,2.92769
485.305,-46.693,-69.879,14.43004,0.59023,2.92179
485.723,-46.737,-70.026,14.60426,0.76445,2.91415
486.276,-46.781,-70.252,14.91312,1.07331,2.90341
486.738,-46.859,-70.267,14.80456,0.96475,2.89377
487.159,-46.925,-69.559,13.54257,-0.29724,2.89674
487.600,-46.877,-70.334,14.88783,1.04802,2.88626
488.193,-46.977,-68.759,12.27678,-1.56302,2.90189
488.905,-46.870,-69.409,13.39599,-0.44381,2.90633
489.527,-46.814,-69.303,13.31927,-0.52054,2.91153
490.018,-46.795,-69.122,13.07237,-0.76743,2.91921
490.439,-46.737,-69.698,14.06211,0.22230,2.91698
491.044,-46.755,-69.054,13.02949,-0.81031,2.92509
491.666,-46.706,-68.979,12.99194,-0.84787,2.93356
492.158,-46.633,-69.288,13.57486,-0.26494,2.93621
492.618,-46.613,-70.457,15.56598,1.72617,2.91895
493.052,-46.732,-70.203,14.91335,1.07354,2.90822
493.721,-46.788,-69.376,13.47155,-0.36825,2.91190
494.154,-46.773,-69.026,12.96031,-0.87950,2.92069
494.594,-46.711,-68.993,13.00382,-0.83598,2.92905
495.035,-46.659,-70.515,15.58759,1.74778,2.91158
495.673,-46.776,-69.809,14.17774,0.33793,2.90820
496.126,-46.812,-69.157,13.09881,-0.74100,2.91561
496.688,-46.765,-69.420,13.57511,-0.26469,2.91825
497.305,-46.716,-70.192,14.92148,1.08167,2.90744
497.765,-46.815,-69.285,13.28830,-0.55150,2.91295
498.326,-46.761,-68.915,12.81434,-1.02546,2.92321
498.738,-46.693,-68.877,12.85921,-0.98060,2.93301
499.182,-46.611,-70.427,15.51731,1.67750,2.91624
499.620,-46.742,-69.823,14.25702,0.41722,2.91207
500.186,-46.770,-68.991,12.91362,-0.92618,2.92133
500.604,-46.688,-68.794,12.74363,-1.09618,2.93229
501.183,-46.623,-70.045,14.82963,0.98982,2.92239
501.786,-46.694,-68.894,12.88148,-0.95832,2.93197
502.248,-46.613,-70.008,14.78260,0.94279,2.92255
502.683,-46.702,-69.839,14.34845,0.50865,2.91746
503.113,-46.737,-69.978,14.52293,0.68312,2.91063
503.761,-46.798,-69.932,14.34500,0.50519,2.90558
504.330,-46.810,-69.865,14.21473,0.37493,2.90183
504.974,-46.836,-69.176,13.09182,-0.74799,2.90931
505.422,-46.786,-69.293,13.34581,-0.49400,2.91425
505.858,-46.751,-69.864,14.30995,0.47014,2.90955
506.417,-46.800,-69.262,13.27767,-0.56214,2.91517
506.849,-46.742,-70.445,15.31713,1.47732,2.90039
507.280,-46.843,-70.205,14.72640,0.88659,2.89153
507.818,-46.912,-69.551,13.55050,-0.28931,2.89442
508.463,-46.899,-69.009,12.74938,-1.09043,2.90533
509.026,-46.822,-69.335,13.35428,-0.48553,2.91018
509.589,-46.792,-69.275,13.30980,-0.53000,2.91548
510.212,-46.741,-69.682,14.02973,0.18992,2.91358
510.678,-46.743,-70.247,14.96842,1.12862,2.90230
511.216,-46.831,-69.854,14.16295,0.32315,2.89906
511.845,-46.856,-70.305,14.87514,1.03533,2.88871
512.317,-46.933,-70.392,14.89204,1.05223,2.87819
512.764,-47.020,-69.184,12.82891,-1.01090,2.88830
513.377,-46.929,-69.751,13.83781,-0.00200,2.88832
513.843,-46.941,-70.091,14.37148,0.53168,2.88300
514.272,-46.963,-69.238,12.99397,-0.84584,2.89146
514.829,-46.909,-69.785,13.92540,0.08559,2.89060
515.440,-46.902,-69.454,13.41523,-0.42458,2.89485
515.928,-46.899,-69.011,12.75273,-1.08707,2.90572
516.363,-46.828,-69.540,13.66399,-0.17582,2.90748
516.967,-46.792,-69.161,13.13543,-0.70438,2.91452
517.562,-46.760,-69.551,13.78906,-0.05074,2.91503
517.991,-46.754,-69.563,13.81827,-0.02153,2.91524
518.444,-46.738,-70.530,15.47404,1.63424,2.89890
518.974,-46.864,-70.143,14.58641,0.74660,2.89144
519.515,-46.914,-69.293,13.15073,-0.68908,2.89833
520.257,-46.858,-68.927,12.68972,-1.15008,2.90983
520.738,-46.775,-70.353,15.09777,1.25797,2.89725
521.385,-46.852,-69.555,13.65113,-0.18868,2.89913
521.982,-46.867,-69.845,14.08943,0.24962,2.89664
522.681,-46.866,-69.054,12.86545,-0.97436,2.90638
523.151,-46.793,-69.104,13.04849,-0.79132,2.91429
523.583,-46.732,-69.085,13.11079,-0.72902,2.92159
524.122,-46.691,-70.358,15.25281,1.41300,2.90746
524.672,-46.792,-70.320,15.00921,1.16940,2.89576
525.355,-46.866,-69.886,14.15807,0.31826,2.89258
525.862,-46.890,-68.779,12.42883,-1.41097,2.90669
526.325,-46.793,-68.859,12.68474,-1.15507,2.91824
526.757,-46.740,-69.243,13.34016,-0.49964,2.92324
527.194,-46.663,-69.623,14.06033,0.22052,2.92103
527.638,-46.686,-69.908,14.49048,0.65068,2.91452
528.060,-46.720,-69.385,13.59164,-0.24817,2.91700
528.643,-46.690,-70.043,14.71056,0.87076,2.90830
529.155,-46.754,-70.042,14.60084,0.76104,2.90069
529.584,-46.801,-69.816,14.14965,0.30984,2.89759
530.176,-46.842,-69.836,14.11684,0.27703,2.89482
530.603,-46.865,-68.684,12.32913,-1.51068,2.90993
531.303,-46.769,-69.395,13.53051,-0.30929,2.91302
531.786,-46.743,-69.809,14.23260,0.39279,2.90909
532.432,-46.759,-68.898,12.79260,-1.04720,2.91956
532.873,-46.665,-69.909,14.52757,0.68776,2.91268
533.314,-46.728,-69.737,14.14093,0.30112,2.90967
533.746,-46.736,-69.028,13.01993,-0.81988,2.91787
534.293,-46.693,-68.962,12.98529,-0.85451,2.92642
534.749,-46.607,-69.556,14.04194,0.20213,2.92440
535.294,-46.641,-69.066,13.22021,-0.61959,2.93059
535.715,-46.602,-70.230,15.18446,1.34465,2.91715
536.142,-46.654,-69.417,13.74500,-0.09481,2.91809
536.714,-46.676,-69.046,13.13710,-0.70270,2.92512
537.246,-46.630,-69.681,14.20796,0.36816,2.92144
537.801,-46.655,-70.137,14.93177,1.09196,2.91052
538.351,-46.734,-70.192,14.88947,1.04966,2.90002
538.773,-46.787,-69.101,13.05250,-0.78730,2.90790
539.230,-46.736,-69.179,13.24821,-0.59160,2.91381
539.655,-46.706,-69.603,13.95757,0.11777,2.91263
540.106,-46.727,-68.819,12.72296,-1.11685,2.92380
540.533,-46.644,-70.314,15.25766,1.41785,2.90962
541.120,-46.725,-69.301,13.45320,-0.38661,2.91349
541.631,-46.699,-69.087,13.16525,-0.67456,2.92024
542.082,-46.654,-68.911,12.96816,-0.87165,2.92895
542.670,-46.603,-70.238,15.19683,1.35702,2.91538
543.180,-46.682,-68.984,13.03360,-0.80621,2.92344
543.795,-46.627,-69.107,13.30565,-0.53415,2.92879
544.255,-46.592,-70.599,15.86132,2.02151,2.90857
544.686,-46.720,-68.977,12.96756,-0.87224,2.91729
545.139,-46.657,-69.698,14.19204,0.35223,2.91377
545.849,-46.703,-69.380,13.60951,-0.23030,2.91607
546.661,-46.683,-69.697,14.14840,0.30859,2.91299
547.089,-46.691,-68.884,12.87192,-0.96789,2.92267
547.548,-46.637,-69.042,13.18940,-0.65041,2.92917
548.089,-46.591,-70.098,14.97337,1.13356,2.91783
548.704,-46.670,-68.942,12.98970,-0.85010,2.92634
549.317,-46.619,-69.038,13.21044,-0.62936,2.93263
549.868,-46.561,-69.578,14.15215,0.31234,2.92951
550.371,-46.583,-70.165,15.10301,1.26320,2.91687
550.921,-46.678,-69.964,14.59866,0.75886,2.90929
551.363,-46.721,-69.081,13.12173,-0.71807,2.91647
551.994,-46.669,-70.022,14.71055,0.87074,2.90776
552.451,-46.716,-68.888,12.84144,-0.99837,2.91774
552.993,-46.652,-68.904,12.95968,-0.88012,2.92654
553.434,-46.583,-69.699,14.31580,0.47600,2.92178
553.872,-46.602,-69.364,13.74413,-0.09568,2.92274
554.307,-46.598,-69.208,13.50559,-0.33422,2.92608
554.750,-46.584,-69.363,13.77027,-0.06953,2.92678
555.199,-46.579,-70.139,15.06636,1.22655,2.91451
555.628,-46.669,-69.938,14.57007,0.73027,2.90721
556.072,-46.713,-68.722,12.60255,-1.23726,2.91958
556.709,-46.633,-68.743,12.74915,-1.09065,2.93049
557.263,-46.558,-69.063,13.34388,-0.49592,2.93545
557.824,-46.519,-69.123,13.49588,-0.34393,2.93889
558.439,-46.496,-69.373,13.92683,0.08703,2.93802
558.900,-46.503,-70.358,15.58712,1.74731,2.92054
559.331,-46.617,-70.342,15.35539,1.51558,2.90539
560.066,-46.703,-68.787,12.71292,-1.12688,2.91666
560.662,-46.646,-69.927,14.58848,0.74867,2.90917
561.093,-46.702,-69.142,13.24306,-0.59674,2.91514
561.522,-46.673,-69.146,13.29360,-0.54621,2.92060
561.963,-46.631,-68.928,13.02705,-0.81276,2.92873
562.529,-46.560,-69.628,14.23676,0.39695,2.92476
563.059,-46.599,-69.131,13.38479,-0.45501,2.92931
563.490,-46.586,-69.786,14.45535,0.61555,2.92315
563.934,-46.621,-70.347,15.35628,1.51648,2.90799
564.366,-46.723,-69.536,13.82485,-0.01496,2.90814
564.820,-46.696,-69.801,14.29714,0.45734,2.90356
565.260,-46.724,-69.254,13.38168,-0.45813,2.90815
565.680,-46.706,-69.077,13.13771,-0.70210,2.91517
566.329,-46.637,-69.273,13.54675,-0.29306,2.91810
567.015,-46.636,-70.111,14.91950,1.07970,2.90730
567.440,-46.691,-69.875,14.42720,0.58739,2.90143
568.072,-46.744,-68.824,12.70596,-1.13384,2.91276
568.518,-46.670,-70.246,15.09380,1.25399,2.90022
569.089,-46.764,-68.762,12.58620,-1.25361,2.91276
569.788,-46.665,-70.252,15.11245,1.27264,2.90003
570.321,-46.771,-70.254,14.93338,1.09357,2.88910
570.927,-46.861,-69.849,14.10605,0.26624,2.88644
571.610,-46.872,-69.563,13.63180,-0.20801,2.88852
572.158,-46.848,-69.642,13.79510,-0.04471,2.88896
572.587,-46.838,-69.145,13.04196,-0.79784,2.89694
573.127,-46.805,-69.051,12.95027,-0.88953,2.90584
573.551,-46.727,-69.241,13.35553,-0.48427,2.91068
573.992,-46.693,-69.187,13.32707,-0.51274,2.91581
574.443,-46.651,-69.901,14.53745,0.69765,2.90883
574.972,-46.686,-68.858,12.84095,-0.99886,2.91882
575.587,-46.623,-69.761,14.35069,0.51088,2.91371
576.329,-46.673,-69.864,14.44022,0.60041,2.90771
576.863,-46.705,-70.140,14.85055,1.01075,2.89760
577.289,-46.791,-69.941,14.37124,0.53144,2.89228
577.709,-46.829,-69.252,13.21861,-0.62119,2.89850
578.155,-46.743,-68.838,12.72802,-1.11179,2.90961
578.717,-46.692,-68.644,12.51926,-1.32054,2.92282
579.146,-46.603,-69.718,14.31337,0.47356,2.91808
579.573,-46.627,-69.628,14.12714,0.28734,2.91521
580.133,-46.652,-69.096,13.24949,-0.59032,2.92111
580.570,-46.593,-68.942,13.10557,-0.73423,2.92846
580.992,-46.559,-69.263,13.65298,-0.18682,2.93032
581.426,-46.525,-68.710,12.86075,-0.97906,2.94011
581.871,-46.454,-69.538,14.26369,0.42388,2.93588
582.318,-46.495,-69.146,13.56794,-0.27187,2.93859
582.866,-46.461,-69.547,14.26496,0.42515,2.93434
583.294,-46.514,-69.042,13.37733,-0.46248,2.93897
583.723,-46.445,-68.956,13.35270,-0.48711,2.94384
584.166,-46.441,-70.160,15.34326,1.50345,2.92880
584.761,-46.536,-68.745,12.89579,-0.94402,2.93824
585.387,-46.468,-69.657,14.43724,0.59744,2.93227
585.984,-46.502,-69.180,13.61063,-0.22918,2.93456
586.606,-46.478,-68.890,13.19985,-0.63996,2.94096
587.018,-46.460,-69.870,14.80810,0.96829,2.93128
587.446,-46.513,-70.359,15.57018,1.73037,2.91398
588.247,-46.653,-70.002,14.70324,0.86344,2.90534
588.658,-46.694,-68.744,12.66148,-1.17833,2.91712
589.093,-46.620,-68.760,12.79444,-1.04536,2.92758
589.524,-46.540,-69.440,13.96372,0.12391,2.92634
590.299,-46.553,-70.156,15.13975,1.29994,2.91334
590.843,-46.669,-69.663,14.11603,0.27622,2.91058
591.701,-46.654,-69.342,13.62697,-0.21284,2.91271
592.146,-46.635,-69.457,13.83814,-0.00167,2.91272
592.736,-46.654,-69.891,14.51678,0.67697,2.90595
593.246,-46.706,-69.918,14.47316,0.63335,2.89962
593.684,-46.771,-69.124,13.11200,-0.72780,2.90690
594.124,-46.695,-68.722,12.62815,-1.21166,2.91901
594.560,-46.620,-69.417,13.79853,-0.04127,2.91943
595.002,-46.601,-69.317,13.67029,-0.16952,2.92112
595.437,-46.589,-69.496,13.97578,0.13597,2.91976
595.973,-46.615,-69.646,14.17586,0.33606,2.91640
596.728,-46.636,-70.312,15.26832,1.42851,2.90212
597.354,-46.728,-69.469,13.70924,-0.13056,2.90342
597.970,-46.709,-69.501,13.79108,-0.04873,2.90391
598.483,-46.678,-69.068,13.16744,-0.67236,2.91063
598.936,-46.642,-69.829,14.43280,0.59299,2.90470
599.380,-46.699,-69.333,13.54346,-0.29635,2.90767
600.130,-46.672,-70.399,15.35760,1.51779,2.89249
600.570,-46.787,-68.791,12.59398,-1.24583,2.90495
601.136,-46.712,-69.605,13.95255,0.11275,2.90382
601.574,-46.702,-70.098,14.78330,0.94349,2.89438
601.997,-46.747,-68.925,12.84997,-0.98984,2.90428
602.571,-46.713,-69.073,13.12168,-0.71812,2.91146
603.186,-46.646,-69.182,13.39169,-0.44811,2.91594
603.789,-46.635,-69.094,13.27288,-0.56692,2.92161
604.216,-46.571,-70.394,15.52933,1.68953,2.90472
604.832,-46.706,-70.226,14.99834,1.15853,2.89313
605.297,-46.783,-69.823,14.19189,0.35209,2.88961
605.716,-46.795,-69.926,14.33922,0.49942,2.88462
606.163,-46.856,-69.140,13.00869,-0.83112,2.89293
606.762,-46.769,-70.153,14.76312,0.92331,2.88370
607.281,-46.844,-70.070,14.49782,0.65801,2.87712
607.700,-46.870,-69.210,13.09225,-0.74756,2.88459
608.226,-46.833,-68.789,12.52543,-1.31437,2.89774
608.668,-46.721,-70.320,15.13434,1.29453,2.88479
609.221,-46.815,-68.869,12.66837,-1.17143,2.89650
609.654,-46.731,-70.055,14.66173,0.82192,2.88829
610.096,-46.779,-68.733,12.52281,-1.31700,2.90146
610.520,-46.711,-69.974,14.55937,0.71956,2.89426
611.071,-46.765,-70.239,14.91696,1.07715,2.88349
611.687,-46.850,-68.849,12.58823,-1.25158,2.89600
612.184,-46.750,-69.950,14.45444,0.61464,2.88986
612.610,-46.789,-69.806,14.15297,0.31316,2.88673
613.160,-46.811,-69.651,13.86755,0.02775,2.88645
613.729,-46.827,-69.937,14.30523,0.46543,2.88179
614.238,-46.838,-68.767,12.48780,-1.35200,2.89531
614.685,-46.759,-69.164,13.18980,-0.65000,2.90181
615.131,-46.722,-68.943,12.91480,-0.92500,2.91106
615.570,-46.654,-70.330,15.26818,1.42837,2.89678
616.003,-46.731,-70.126,14.78121,0.94140,2.88737
616.443,-46.807,-70.296,14.94372,1.10391,2.87633
616.873,-46.882,-70.512,15.18886,1.34905,2.86284
617.316,-46.968,-68.877,12.45918,-1.38063,2.87664
617.752,-46.875,-70.019,14.36118,0.52137,2.87143
618.176,-46.925,-70.187,14.55884,0.71903,2.86424
618.612,-46.974,-69.459,13.31225,-0.52756,2.86951
619.053,-46.937,-68.803,12.39645,-1.44336,2.88395
619.597,-46.848,-68.922,12.69748,-1.14233,2.89537
620.044,-46.765,-69.264,13.33454,-0.50527,2.90042
620.694,-46.728,-69.162,13.23451,-0.60530,2.90648
621.236,-46.654,-68.755,12.73692,-1.10289,2.91751
621.702,-46.595,-70.471,15.62491,1.78510,2.89966
622.445,-46.704,-69.450,13.71792,-0.12189,2.90087
622.998,-46.698,-70.537,15.55802,1.71821,2.88369
623.442,-46.837,-69.123,13.01160,-0.82821,2.89197
623.882,-46.762,-68.918,12.81719,-1.02261,2.90220
624.415,-46.696,-69.545,13.88271,0.04290,2.90177
625.048,-46.698,-69.932,14.51176,0.67195,2.89505
625.718,-46.740,-69.996,14.54743,0.70762,2.88798
626.319,-46.782,-68.913,12.78068,-1.05913,2.89857
626.746,-46.734,-69.922,14.43432,0.59452,2.89262
627.171,-46.738,-69.720,14.09525,0.25544,2.89007
627.768,-46.778,-70.214,14.85267,1.01286,2.87994
628.360,-46.839,-68.802,12.53612,-1.30369,2.89298
628.990,-46.745,-69.680,14.02046,0.18065,2.89117
629.551,-46.739,-68.931,12.87072,-0.96909,2.90086
630.013,-46.695,-69.080,13.16040,-0.67940,2.90765
630.447,-46.643,-68.998,13.11419,-0.72562,2.91491
630.973,-46.591,-70.307,15.33818,1.49837,2.89993
631.668,-46.692,-69.101,13.19638,-0.64343,2.90636
632.091,-46.663,-68.772,12.74868,-1.09112,2.91727
632.667,-46.587,-68.792,12.88977,-0.95003,2.92677
633.086,-46.518,-70.329,15.50811,1.66831,2.91009
633.782,-46.620,-69.723,14.29427,0.45446,2.90554
634.370,-46.668,-69.007,13.09139,-0.74842,2.91303
634.815,-46.594,-69.544,14.04404,0.20423,2.91099
635.409,-46.622,-68.750,12.77616,-1.06365,2.92162
636.007,-46.536,-70.318,15.45553,1.61572,2.90547
636.438,-46.673,-69.011,13.08803,-0.75178,2.91298
636.879,-46.620,-70.524,15.67489,1.83509,2.89463
637.334,-46.732,-69.550,13.83354,-0.00626,2.89469
637.887,-46.716,-68.647,12.48866,-1.35115,2.90821
638.304,-46.631,-69.567,14.02127,0.18147,2.90639
638.751,-46.670,-68.864,12.87356,-0.96625,2.91605
639.303,-46.566,-70.185,15.16756,1.32775,2.90278
639.726,-46.666,-69.142,13.29832,-0.54149,2.90819
640.360,-46.640,-68.836,12.87630,-0.96351,2.91783
640.928,-46.563,-70.036,14.91461,1.07480,2.90708
641.370,-46.641,-69.041,13.18375,-0.65606,2.91364
641.805,-46.584,-70.418,15.54983,1.71003,2.89654
642.360,-46.714,-69.333,13.51919,-0.32061,2.89975
642.919,-46.688,-69.608,13.99711,0.15730,2.89817
643.337,-46.688,-70.196,14.97589,1.13609,2.88681
643.781,-46.765,-69.735,14.07624,0.23643,2.88445
644.552,-46.802,-69.116,13.05402,-0.78579,2.89230
644.976,-46.724,-69.833,14.30522,0.46541,2.88765
645.507,-46.772,-70.118,14.69901,0.85920,2.87906
646.083,-46.811,-69.895,14.26183,0.42203,2.87484
646.708,-46.833,-68.685,12.37656,-1.46324,2.88947
647.430,-46.754,-69.171,13.20808,-0.63173,2.89579
648.034,-46.693,-70.359,15.25074,1.41094,2.88168
648.652,-46.805,-68.794,12.57360,-1.26621,2.89434
649.138,-46.728,-68.824,12.72833,-1.11148,2.90546
649.578,-46.627,-69.439,13.82286,-0.01695,2.90562
650.303,-46.645,-68.924,12.99995,-0.83985,2.91402
650.780,-46.560,-70.388,15.53828,1.69847,2.89704
651.415,-46.674,-69.613,14.02626,0.18646,2.89517
651.864,-46.692,-68.955,12.97541,-0.86439,2.90382
652.306,-46.647,-69.089,13.24613,-0.59368,2.90975
652.745,-46.586,-70.301,15.33691,1.49711,2.89478
653.197,-46.720,-70.063,14.69473,0.85492,2.88623
653.721,-46.772,-69.189,13.20843,-0.63137,2.89255
654.171,-46.721,-68.904,12.85667,-0.98314,2.90238
654.725,-46.652,-69.137,13.31309,-0.52671,2.90765
655.158,-46.599,-70.377,15.44955,1.60974,2.89155
655.715,-46.718,-69.228,13.35050,-0.48930,2.89644
656.136,-46.710,-69.192,13.30779,-0.53202,2.90176
656.562,-46.690,-69.075,13.15885,-0.68095,2.90857
657.021,-46.626,-69.633,14.13669,0.29688,2.90560
657.551,-46.628,-69.933,14.63096,0.79115,2.89769
657.998,-46.691,-69.514,13.84076,0.00096,2.89768
658.440,-46.696,-68.865,12.83619,-1.00362,2.90772
659.280,-46.615,-69.136,13.36650,-0.47331,2.91245
659.747,-46.614,-70.029,14.81698,0.97717,2.90268
660.198,-46.640,-68.947,13.04281,-0.79700,2.91065
660.609,-46.605,-70.464,15.59320,1.75340,2.89312
661.061,-46.722,-69.423,13.64640,-0.19341,2.89505
661.655,-46.723,-69.066,13.09677,-0.74304,2.90248
662.370,-46.643,-70.082,14.85806,1.01825,2.89230
662.820,-46.760,-68.922,12.82580,-1.01401,2.90244
663.253,-46.633,-68.691,12.67389,-1.16592,2.91410
663.690,-46.580,-70.487,15.68050,1.84069,2.89569
664.136,-46.703,-69.474,13.75881,-0.08100,2.89650
664.574,-46.695,-69.238,13.40161,-0.43820,2.90088
665.152,-46.656,-70.245,15.11518,1.27537,2.88813
665.758,-46.741,-69.101,13.12207,-0.71773,2.89531
666.345,-46.694,-70.353,15.23885,1.39904,2.88132
666.768,-46.782,-68.704,12.47612,-1.36368,2.89495
667.376,-46.713,-69.085,13.14037,-0.69943,2.90195
667.949,-46.621,-69.615,14.11614,0.27633,2.89918
668.511,-46.657,-69.921,14.56170,0.72189,2.89196
668.945,-46.703,-69.226,13.37153,-0.46827,2.89665
669.366,-46.683,-69.414,13.69367,-0.14614,2.89811
669.811,-46.649,-69.878,14.50276,0.66296,2.89148
670.387,-46.714,-69.396,13.61721,-0.22260,2.89370
670.980,-46.670,-69.040,13.13658,-0.70322,2.90074
671.586,-46.644,-68.788,12.80116,-1.03864,2.91112
672.007,-46.580,-68.700,12.76444,-1.07536,2.92188
672.448,-46.502,-69.183,13.61615,-0.22365,2.92411
673.210,-46.474,-68.914,13.24443,-0.59537,2.93007
673.835,-46.438,-69.054,13.51464,-0.32516,2.93332
674.469,-46.421,-69.402,14.09490,0.25509,2.93077
675.043,-46.435,-68.964,13.38013,-0.45968,2.93536
675.480,-46.399,-70.676,16.36222,2.52241,2.91014
675.924,-46.591,-70.133,15.03534,1.19553,2.89819
676.356,-46.640,-68.932,13.01993,-0.81988,2.90638
676.797,-46.596,-69.778,14.42449,0.58469,2.90054
677.412,-46.634,-70.044,14.80711,0.96731,2.89086
677.921,-46.709,-69.871,14.39176,0.55195,2.88534
678.439,-46.716,-69.954,14.51826,0.67846,2.87856
678.980,-46.770,-69.951,14.42370,0.58389,2.87272
679.414,-46.799,-68.955,12.81753,-1.02228,2.88294
680.155,-46.727,-68.551,12.33605,-1.50376,2.89798
680.733,-46.633,-69.612,14.09176,0.25195,2.89546
681.168,-46.670,-69.400,13.69257,-0.14724,2.89693
681.606,-46.649,-69.069,13.21332,-0.62648,2.90320
682.236,-46.622,-69.908,14.59793,0.75813,2.89562
682.815,-46.646,-69.938,14.60936,0.76956,2.88792
683.452,-46.724,-69.471,13.72006,-0.11975,2.88912
684.017,-46.728,-68.966,12.93886,-0.90095,2.89813
684.573,-46.643,-68.958,13.05326,-0.78654,2.90599
685.006,-46.579,-68.984,13.19041,-0.64940,2.91249
685.438,-46.547,-69.585,14.18820,0.34840,2.90900
686.025,-46.553,-69.267,13.66763,-0.17217,2.91073
686.424,-46.534,-68.913,13.15146,-0.68834,2.91761
687.119,-46.512,-70.010,14.95882,1.11902,2.90642
687.625,-46.587,-68.806,12.91107,-0.92874,2.91571
688.248,-46.534,-69.646,14.30857,0.46876,2.91102
688.714,-46.538,-69.161,13.52610,-0.31370,2.91416
689.267,-46.511,-70.101,15.11945,1.27965,2.90136
689.813,-46.617,-69.355,13.70515,-0.13465,2.90271
690.413,-46.595,-70.181,15.11137,1.27156,2.88999
690.907,-46.678,-70.190,14.98397,1.14417,2.87855
691.348,-46.749,-68.789,12.64660,-1.19320,2.89048
691.950,-46.689,-68.796,12.74478,-1.09503,2.90143
692.465,-46.618,-70.010,14.77725,0.93744,2.89206
693.057,-46.676,-70.220,15.03843,1.19863,2.88007
693.594,-46.755,-70.388,15.19407,1.35427,2.86653
694.080,-46.848,-69.016,12.83576,-1.00405,2.87657
694.522,-46.763,-69.929,14.39723,0.55742,2.87099
695.067,-46.805,-70.343,15.02941,1.18960,2.85910
695.604,-46.890,-68.629,12.21649,-1.62331,2.87533
696.048,-46.760,-70.143,14.76285,0.92304,2.86610
696.481,-46.825,-69.523,13.64284,-0.19696,2.86807
696.919,-46.826,-69.255,13.22734,-0.61246,2.87420
697.359,-46.789,-69.842,14.21091,0.37110,2.87048
697.793,-46.788,-69.234,13.25269,-0.58711,2.87636
698.234,-46.770,-69.896,14.33176,0.49196,2.87144
698.671,-46.797,-70.117,14.65552,0.81571,2.86328
699.211,-46.888,-69.214,13.07065,-0.76915,2.87097
699.663,-46.815,-69.778,14.06603,0.22623,2.86871
700.097,-46.844,-69.578,13.69997,-0.13984,2.87011
700.638,-46.821,-68.700,12.41401,-1.42580,2.88436
701.190,-46.753,-69.117,13.12741,-0.71239,2.89149
701.618,-46.656,-69.055,13.18217,-0.65764,2.89806
702.060,-46.647,-68.675,12.62894,-1.21087,2.91017
702.601,-46.575,-68.873,13.02993,-0.80988,2.91827
703.042,-46.488,-69.942,14.88438,1.04457,2.90783
703.480,-46.545,-70.437,15.65373,1.81392,2.88969
703.919,-46.658,-69.230,13.44723,-0.39258,2.89361
704.354,-46.652,-68.912,12.97275,-0.86706,2.90228
704.900,-46.600,-68.950,13.10732,-0.73248,2.90961
705.335,-46.535,-68.962,13.22334,-0.61647,2.91577
705.884,-46.498,-69.247,13.72390,-0.11590,2.91693
706.317,-46.506,-69.539,14.17961,0.33980,2.91353
706.960,-46.536,-68.685,12.80629,-1.03351,2.92387
707.417,-46.441,-68.941,13.33527,-0.50454,2.92891
707.863,-46.407,-69.314,13.97397,0.13417,2.92757
708.293,-46.430,-69.361,14.01307,0.17326,2.92584
708.724,-46.441,-69.623,14.42516,0.58535,2.91999
709.171,-46.465,-70.151,15.28459,1.44478,2.90554
709.607,-46.587,-69.625,14.18757,0.34777,2.90206
710.042,-46.586,-70.033,14.87130,1.03150,2.89175
710.597,-46.675,-70.319,15.21175,1.37194,2.87803
711.144,-46.769,-69.069,13.03199,-0.80781,2.88611
711.685,-46.712,-69.984,14.57463,0.73483,2.87876
712.125,-46.762,-68.877,12.75597,-1.08384,2.88960
712.567,-46.694,-69.820,14.33210,0.49229,2.88467
713.108,-46.717,-69.997,14.58810,0.74829,2.87719
713.658,-46.758,-70.112,14.71314,0.87333,2.86846
714.086,-46.817,-69.948,14.33973,0.49992,2.86346
714.641,-46.875,-69.258,13.15622,-0.68359,2.87029
715.076,-46.830,-69.880,14.20744,0.36763,2.86662
715.511,-46.843,-68.774,12.49012,-1.34969,2.88011
716.059,-46.762,-69.750,14.10549,0.26568,2.87746
716.607,-46.759,-70.178,14.82363,0.98383,2.86762
717.037,-46.822,-68.690,12.39923,-1.44058,2.88202
717.595,-46.728,-69.047,13.05986,-0.77994,2.88982
718.142,-46.671,-68.839,12.83466,-1.00515,2.89988
718.682,-46.592,-68.975,13.15691,-0.68290,2.90670
719.118,-46.545,-70.278,15.36856,1.52876,2.89142
719.562,-46.669,-69.474,13.81158,-0.02823,2.89170
719.993,-46.633,-69.870,14.51597,0.67616,2.88494
720.546,-46.719,-69.045,13.07149,-0.76831,2.89262
720.976,-46.651,-69.200,13.41008,-0.42972,2.89692
721.525,-46.642,-70.053,14.80960,0.96979,2.88722
721.963,-46.677,-69.145,13.28575,-0.55405,2.89276
722.504,-46.655,-68.927,12.98962,-0.85018,2.90126
723.064,-46.565,-70.434,15.61227,1.77246,2.88354
723.603,-46.695,-69.092,13.17801,-0.66179,2.89016
724.043,-46.684,-69.054,13.13781,-0.70200,2.89718
724.592,-46.614,-69.116,13.33919,-0.50061,2.90218
725.025,-46.580,-70.377,15.48293,1.64313,2.88575
725.579,-46.714,-69.764,14.20547,0.36566,2.88209
726.016,-46.733,-68.899,12.83247,-1.00733,2.89217
726.562,-46.652,-70.295,15.21190,1.37209,2.87845
727.109,-46.762,-69.164,13.18449,-0.65532,2.88500
727.648,-46.708,-69.490,13.77587,-0.06393,2.88564
728.088,-46.713,-70.710,15.84464,2.00483,2.86559
728.525,-46.841,-69.107,12.98102,-0.85878,2.87418
729.083,-46.762,-69.296,13.38742,-0.45239,2.87870
729.510,-46.736,-70.652,15.69618,1.85637,2.86014
730.061,-46.862,-69.977,14.31424,0.47443,2.85539
730.601,-46.893,-70.300,14.80291,0.96310,2.84576
731.042,-46.979,-70.403,14.83305,0.99324,2.83583
731.595,-47.043,-70.001,14.05862,0.21881,2.83364
732.029,-47.057,-69.481,13.21922,-0.62058,2.83985
732.460,-47.029,-70.208,14.42014,0.58033,2.83404
732.903,-47.066,-68.952,12.42547,-1.41434,2.84819
733.341,-46.963,-69.811,13.87960,0.03980,2.84779
733.883,-46.975,-69.693,13.67379,-0.16601,2.84945
734.436,-46.947,-68.863,12.46826,-1.37155,2.86317
734.976,-46.833,-69.672,13.86649,0.02668,2.86290
735.421,-46.852,-70.320,14.90771,1.06791,2.85222
736.057,-46.933,-68.988,12.67027,-1.16954,2.86392
736.517,-46.843,-69.907,14.22947,0.38966,2.86002
736.946,-46.873,-69.267,13.17371,-0.66610,2.86668
737.495,-46.814,-70.063,14.53562,0.69581,2.85972
737.934,-46.853,-68.887,12.63926,-1.20054,2.87173
738.479,-46.750,-70.062,14.64144,0.80163,2.86371
739.033,-46.799,-70.076,14.58195,0.74215,2.85629
739.462,-46.858,-69.324,13.28218,-0.55763,2.86187
740.016,-46.838,-70.095,14.54951,0.70971,2.85477
740.564,-46.885,-68.780,12.43831,-1.40150,2.86878
740.996,-46.798,-69.437,13.54942,-0.29038,2.87169
741.554,-46.760,-69.891,14.33947,0.49966,2.86669
742.094,-46.824,-70.419,15.12698,1.28718,2.85382
742.528,-46.891,-69.553,13.58500,-0.25480,2.85637
742.965,-46.897,-69.235,13.08786,-0.75194,2.86389
743.411,-46.830,-70.111,14.58956,0.74976,2.85639
743.949,-46.899,-68.621,12.19187,-1.64794,2.87287
744.494,-46.781,-69.788,14.13652,0.29672,2.86990
745.042,-46.762,-68.819,12.67301,-1.16679,2.88157
745.597,-46.706,-68.873,12.83274,-1.00707,2.89164
746.138,-46.647,-69.863,14.48088,0.64107,2.88523
746.677,-46.687,-69.676,14.10698,0.26718,2.88256
747.127,-46.712,-69.378,13.59274,-0.24706,2.88503
747.554,-46.717,-69.999,14.59136,0.75155,2.87751
748.110,-46.742,-69.674,14.01427,0.17446,2.87577
748.552,-46.764,-69.501,13.70282,-0.13699,2.87714
748.985,-46.749,-69.510,13.74164,-0.09817,2.87812
749.423,-46.740,-69.553,13.82545,-0.01435,2.87826
749.947,-46.726,-68.994,12.98380,-0.85601,2.88682
750.511,-46.682,-69.958,14.58047,0.74067,2.87942
751.059,-46.749,-68.984,12.93493,-0.90488,2.88846
751.612,-46.669,-68.761,12.72229,-1.11751,2.89964
752.042,-46.587,-69.748,14.38815,0.54834,2.89416
752.599,-46.631,-69.316,13.62144,-0.21837,2.89634
753.137,-46.619,-68.827,12.89492,-0.94488,2.90579
753.685,-46.540,-70.473,15.72572,1.88591,2.88693
754.233,-46.659,-69.396,13.70315,-0.13666,2.88830
754.671,-46.638,-68.963,13.06904,-0.77077,2.89600
755.104,-46.594,-68.662,12.68891,-1.15090,2.90751
755.662,-46.516,-70.172,15.23287,1.39307,2.89358
756.086,-46.631,-70.210,15.09900,1.25920,2.88099
756.526,-46.692,-69.692,14.12592,0.28612,2.87813
756.960,-46.708,-69.324,13.51521,-0.32459,2.88138
757.513,-46.707,-69.683,14.08608,0.24627,2.87891
757.941,-46.716,-69.152,13.23744,-0.60236,2.88494
758.492,-46.694,-70.016,14.66007,0.82026,2.87673
758.932,-46.728,-68.684,12.52698,-1.31283,2.88986
759.476,-46.639,-69.654,14.14921,0.30941,2.88677
759.920,-46.685,-70.502,15.51766,1.67785,2.86999
760.345,-46.800,-69.257,13.26845,-0.57136,2.87570
760.788,-46.755,-70.316,15.06707,1.22726,2.86343
761.342,-46.829,-70.242,14.81345,0.97364,2.85369
761.885,-46.892,-70.043,14.37383,0.53402,2.84835
762.327,-46.935,-68.771,12.35431,-1.48549,2.86321
762.754,-46.822,-69.569,13.71905,-0.12075,2.86442
763.313,-46.807,-69.850,14.19614,0.35633,2.86085
763.744,-46.851,-70.197,14.69883,0.85902,2.85226
764.302,-46.913,-69.122,12.89661,-0.94320,2.86169
764.841,-46.832,-69.955,14.32646,0.48666,2.85683
765.382,-46.881,-69.583,13.64845,-0.19135,2.85874
765.822,-46.842,-70.287,14.86764,1.02784,2.84846
766.468,-46.915,-69.774,13.89803,0.05822,2.84788
766.921,-46.922,-70.183,14.55557,0.71576,2.84072
767.357,-46.985,-70.287,14.62580,0.78599,2.83286
767.792,-47.052,-69.075,12.62397,-1.21583,2.84502
768.244,-46.967,-69.547,13.45858,-0.38122,2.84883
768.674,-46.949,-69.548,13.48755,-0.35225,2.85236
769.110,-46.920,-68.601,12.13586,-1.70395,2.86940
769.653,-46.785,-69.101,13.05475,-0.78506,2.87725
770.094,-46.740,-69.888,14.36857,0.52877,2.87196
770.523,-46.741,-70.047,14.63213,0.79232,2.86404
770.960,-46.830,-70.461,15.19024,1.35044,2.85053
771.512,-46.886,-69.083,12.87784,-0.96196,2.86015
771.949,-46.824,-69.898,14.24499,0.40519,2.85610
772.493,-46.864,-68.808,12.50820,-1.33161,2.86942
773.048,-46.787,-68.766,12.55899,-1.28081,2.88222
773.587,-46.685,-70.161,14.92172,1.08192,2.87140
774.029,-46.765,-70.264,14.96201,1.12220,2.86018
774.579,-46.847,-69.285,13.23997,-0.59984,2.86618
775.119,-46.819,-69.309,13.32032,-0.51949,2.87138
775.562,-46.768,-69.450,13.61682,-0.22298,2.87361
775.994,-46.731,-69.892,14.38950,0.54969,2.86811
776.538,-46.788,-69.652,13.90560,0.06579,2.86745
776.974,-46.801,-70.339,15.02938,1.18958,2.85555
777.425,-46.882,-69.281,13.18077,-0.65904,2.86214
778.054,-46.837,-69.172,13.08435,-0.75545,2.86970
778.524,-46.775,-68.911,12.78862,-1.05118,2.88021
779.078,-46.714,-70.011,14.61665,0.77685,2.87244
779.609,-46.773,-69.889,14.31509,0.47528,2.86769
780.042,-46.776,-69.133,13.11761,-0.72220,2.87491
780.591,-46.729,-68.871,12.79681,-1.04299,2.88534
781.134,-46.665,-69.116,13.26017,-0.57964,2.89114
781.682,-46.611,-69.281,13.59964,-0.24017,2.89354
782.239,-46.603,-69.525,13.99929,0.15948,2.89195
782.775,-46.598,-69.759,14.38891,0.54910,2.88645
783.321,-46.659,-70.302,15.21137,1.37156,2.87274
783.957,-46.753,-69.863,14.30639,0.46658,2.86807
784.525,-46.778,-69.895,14.31722,0.47741,2.86330
784.961,-46.828,-69.082,12.96329,-0.87651,2.87206
785.400,-46.742,-68.752,12.60410,-1.23570,2.88442
785.958,-46.655,-69.247,13.47645,-0.36335,2.88805
786.382,-46.625,-70.109,14.93481,1.09500,2.87710
786.939,-46.706,-69.856,14.37116,0.53136,2.87179
787.479,-46.771,-69.902,14.33912,0.49932,2.86680
787.912,-46.783,-69.278,13.32745,-0.51236,2.87192
788.353,-46.751,-69.191,13.24379,-0.59602,2.87788
788.799,-46.703,-70.140,14.85456,1.01475,2.86773
789.344,-46.777,-70.005,14.50193,0.66212,2.86111
789.890,-46.819,-69.755,14.02147,0.18166,2.85930
790.442,-46.828,-68.916,12.71798,-1.12182,2.87051
790.980,-46.740,-69.975,14.51341,0.67360,2.86378
791.416,-46.804,-68.670,12.39672,-1.44309,2.87821
791.855,-46.705,-69.608,13.96902,0.12921,2.87692
792.300,-46.719,-68.866,12.80401,-1.03579,2.88727
792.844,-46.632,-69.881,14.53493,0.69513,2.88032
793.382,-46.688,-69.870,14.42395,0.58414,2.87448
793.828,-46.722,-69.320,13.48554,-0.35427,2.87802
794.265,-46.705,-69.195,13.32010,-0.51971,2.88322
794.804,-46.687,-68.910,12.91604,-0.92377,2.89246
795.350,-46.595,-69.756,14.38951,0.54971,2.88696
795.788,-46.623,-70.059,14.85216,1.01235,2.87684
796.339,-46.708,-69.201,13.32439,-0.51542,2.88199
796.895,-46.670,-69.461,13.78909,-0.05072,2.88250
797.327,-46.668,-69.053,13.16081,-0.67899,2.88929
797.762,-46.590,-70.078,14.94113,1.10132,2.87828
798.309,-46.702,-69.130,13.22548,-0.61433,2.88442
798.749,-46.637,-69.044,13.19396,-0.64585,2.89088
799.296,-46.608,-69.493,13.94043,0.10062,2.88987
799.732,-46.595,-70.397,15.49215,1.65235,2.87335
800.164,-46.732,-69.789,14.21756,0.37776,2.86957
800.606,-46.743,-69.436,13.63367,-0.20613,2.87163
801.036,-46.734,-69.145,13.19933,-0.64048,2.87804
801.592,-46.688,-69.960,14.57501,0.73520,2.87069
802.025,-46.750,-69.115,13.12937,-0.71044,2.87779
802.573,-46.691,-68.875,12.85771,-0.98209,2.88761
803.124,-46.628,-68.980,13.11061,-0.72919,2.89490
803.560,-46.569,-69.847,14.58486,0.74505,2.88745
803.997,-46.651,-69.266,13.51338,-0.32643,2.89072
804.426,-46.599,-69.439,13.86816,0.02836,2.89043
804.983,-46.617,-68.708,12.72202,-1.11779,2.90161
805.419,-46.542,-69.841,14.62049,0.78068,2.89380
805.860,-46.588,-68.986,13.17973,-0.66008,2.90040
806.294,-46.534,-69.297,13.74429,-0.09552,2.90136
806.838,-46.553,-68.891,13.08885,-0.75095,2.90887
807.390,-46.472,-68.948,13.29794,-0.54186,2.91429
807.828,-46.447,-69.860,14.81221,0.97240,2.90456
808.256,-46.491,-69.434,14.03321,0.19341,2.90263
808.805,-46.528,-69.221,13.63550,-0.20430,2.90467
809.357,-46.497,-68.835,13.08885,-0.75096,2.91218
809.906,-46.461,-69.983,15.00004,1.16024,2.90058
810.447,-46.538,-69.469,14.01361,0.17380,2.89884
810.890,-46.543,-70.201,15.23696,1.39715,2.88487
811.324,-46.627,-70.075,14.87271,1.03290,2.87454
811.958,-46.680,-69.142,13.27720,-0.56260,2.88017
812.417,-46.644,-69.746,14.29172,0.45192,2.87565
813.053,-46.685,-69.024,13.09050,-0.74931,2.88314
813.510,-46.629,-69.253,13.52738,-0.31243,2.88627
813.949,-46.612,-69.985,14.74512,0.90531,2.87721
814.492,-46.664,-69.265,13.49209,-0.34772,2.88069
814.932,-46.651,-69.250,13.48716,-0.35264,2.88422
815.483,-46.640,-68.599,12.52950,-1.31031,2.89732
815.914,-46.550,-69.397,13.87882,0.03902,2.89693
816.355,-46.536,-69.666,14.33765,0.49785,2.89195
816.791,-46.573,-69.877,14.62866,0.78885,2.88406
817.342,-46.638,-69.358,13.67631,-0.16350,2.88570
817.887,-46.614,-69.057,13.24758,-0.59223,2.89162
818.432,-46.568,-68.704,12.78764,-1.05216,2.90214
818.977,-46.486,-69.041,13.41909,-0.42071,2.90635
819.417,-46.489,-69.061,13.44658,-0.39322,2.91028
820.058,-46.439,-69.051,13.50774,-0.33207,2.91360
820.505,-46.407,-69.662,14.54653,0.70672,2.90653
821.051,-46.445,-69.159,13.66757,-0.17223,2.90826
821.604,-46.444,-70.094,15.22317,1.38337,2.89442
822.037,-46.531,-70.168,15.19994,1.36013,2.88082
822.594,-46.643,-69.999,14.71572,0.87591,2.87206
823.022,-46.713,-69.555,13.86976,0.02996,2.87176
823.569,-46.737,-69.971,14.51075,0.67094,2.86505
824.115,-46.754,-69.136,13.15387,-0.68593,2.87191
824.562,-46.725,-69.074,13.10459,-0.73522,2.87926
824.994,-46.652,-69.750,14.28457,0.44476,2.87482
825.533,-46.695,-69.896,14.45605,0.61624,2.86865
825.984,-46.742,-69.515,13.76151,-0.07830,2.86944
826.427,-46.730,-69.263,13.38482,-0.45498,2.87399
827.057,-46.687,-70.325,15.20127,1.36146,2.86037
827.507,-46.783,-69.302,13.36374,-0.47606,2.86513
827.944,-46.780,-68.947,12.83354,-1.00626,2.87520
828.494,-46.701,-69.068,13.13276,-0.70704,2.88227
829.040,-46.621,-69.878,14.54997,0.71016,2.87517
829.582,-46.679,-69.152,13.29516,-0.54464,2.88061
830.040,-46.645,-69.080,13.23606,-0.60374,2.88665
830.574,-46.620,-69.399,13.77022,-0.06958,2.88734
831.124,-46.608,-70.015,14.80214,0.96233,2.87772
831.557,-46.666,-69.986,14.65618,0.81637,2.86956
831.999,-46.735,-70.040,14.63058,0.79078,2.86165
832.541,-46.793,-69.202,13.19525,-0.64455,2.86810
832.980,-46.727,-70.081,14.71419,0.87439,2.85935
833.416,-46.814,-69.088,12.99279,-0.84702,2.86782
834.054,-46.737,-70.063,14.66633,0.82652,2.85956
834.624,-46.790,-70.183,14.77989,0.94009,2.85016
835.052,-46.866,-68.865,12.58748,-1.25233,2.86268
835.617,-46.769,-69.742,14.08111,0.24130,2.86027
836.041,-46.776,-70.049,14.57591,0.73611,2.85290
836.589,-46.837,-69.177,13.09226,-0.74755,2.86038
837.131,-46.794,-68.844,12.66138,-1.17843,2.87216
837.683,-46.689,-68.935,12.95099,-0.88882,2.88105
838.232,-46.636,-70.094,14.89023,1.05042,2.87055
838.664,-46.710,-69.910,14.45416,0.61436,2.86440
839.100,-46.780,-69.446,13.59292,-0.24689,2.86687
839.536,-46.754,-69.979,14.49633,0.65653,2.86031
839.974,-46.781,-69.413,13.53900,-0.30081,2.86332
840.413,-46.782,-69.772,14.10855,0.26874,2.86063
841.061,-46.783,-69.679,13.95713,0.11732,2.85946
841.621,-46.784,-70.283,14.96038,1.12057,2.84825
842.144,-46.862,-69.057,12.87534,-0.96447,2.85790
842.606,-46.815,-69.822,14.13811,0.29831,2.85491
843.144,-46.829,-68.745,12.46847,-1.37134,2.86863
843.700,-46.730,-69.172,13.24653,-0.59327,2.87456
844.255,-46.700,-69.613,13.98401,0.14420,2.87312
844.792,-46.693,-69.993,14.62228,0.78247,2.86529
845.231,-46.744,-69.229,13.31249,-0.52731,2.87056
845.662,-46.701,-69.677,14.08772,0.24791,2.86809
846.099,-46.704,-69.077,13.14237,-0.69744,2.87506
846.542,-46.656,-70.378,15.35032,1.51052,2.85995
847.086,-46.757,-69.803,14.19930,0.35950,2.85636
847.521,-46.807,-69.335,13.37741,-0.46239,2.86098
848.070,-46.773,-70.028,14.54620,0.70639,2.85392
848.508,-46.806,-69.647,13.86946,0.02966,2.85362
849.056,-46.805,-69.988,14.42717,0.58737,2.84775
849.600,-46.849,-70.059,14.47153,0.63172,2.84143
850.041,-46.885,-68.970,12.71291,-1.12690,2.85270
850.590,-46.813,-69.808,14.11724,0.27744,2.84993
851.136,-46.832,-69.174,13.09448,-0.74532,2.85738
851.677,-46.794,-69.801,14.13633,0.29652,2.85441
852.117,-46.804,-70.310,14.97241,1.13261,2.84309
852.555,-46.888,-69.979,14.27336,0.43355,2.83875
853.109,-46.935,-69.927,14.11271,0.27290,2.83602
853.544,-46.936,-69.032,12.72982,-1.10999,2.84712
853.980,-46.854,-69.538,13.62046,-0.21934,2.84932
854.421,-46.843,-70.169,14.66579,0.82599,2.84106
855.056,-46.913,-69.598,13.62237,-0.21744,2.84323
855.616,-46.886,-69.673,13.78346,-0.05634,2.84380
856.147,-46.875,-69.698,13.83924,-0.00056,2.84380
856.599,-46.863,-69.198,13.08555,-0.75426,2.85134
857.044,-46.824,-70.318,14.95091,1.11110,2.84023
857.583,-46.900,-69.343,13.24825,-0.59156,2.84615
858.130,-46.852,-70.056,14.45978,0.61998,2.83995
858.679,-46.876,-69.392,13.36034,-0.47947,2.84474
859.120,-46.878,-69.461,13.46331,-0.37650,2.84851
859.560,-46.854,-70.266,14.81120,0.97139,2.83879
859.995,-46.909,-70.062,14.37545,0.53564,2.83344
860.544,-46.968,-69.766,13.80073,-0.03907,2.83383
860.979,-46.946,-69.413,13.28524,-0.55457,2.83937
861.414,-46.904,-69.903,14.12329,0.28349,2.83654
861.855,-46.941,-69.664,13.68252,-0.15728,2.83811
862.299,-46.910,-69.011,12.73684,-1.10297,2.84914
862.728,-46.821,-68.873,12.66438,-1.17543,2.86090
863.164,-46.736,-69.131,13.17476,-0.66504,2.86755
863.599,-46.707,-69.342,13.54495,-0.29486,2.87049
864.154,-46.685,-69.372,13.62475,-0.21505,2.87265
864.584,-46.670,-68.756,12.71458,-1.12523,2.88390
865.135,-46.594,-70.025,14.84429,1.00448,2.87385
865.689,-46.672,-69.100,13.22469,-0.61512,2.88000
866.233,-46.619,-70.166,15.04408,1.20428,2.86796
866.673,-46.704,-69.817,14.31040,0.47059,2.86326
867.098,-46.732,-69.125,13.17236,-0.66745,2.86993
867.543,-46.684,-70.071,14.76791,0.92810,2.86065
867.982,-46.764,-69.550,13.78147,-0.05833,2.86123
868.415,-46.743,-70.173,14.84295,1.00314,2.85120
868.862,-46.839,-69.833,14.11565,0.27585,2.84844
869.292,-46.845,-68.934,12.71948,-1.12032,2.85965
869.844,-46.754,-70.098,14.69603,0.85622,2.85108
870.274,-46.824,-69.744,13.99693,0.15712,2.84951
870.715,-46.846,-68.727,12.41848,-1.42133,2.86373
871.261,-46.730,-69.866,14.34691,0.50710,2.85865
871.807,-46.772,-68.910,12.79126,-1.04854,2.86914
872.364,-46.695,-69.582,13.94303,0.10323,2.86811
872.807,-46.693,-69.083,13.16735,-0.67246,2.87483
873.332,-46.657,-69.873,14.48118,0.64138,2.86842
873.891,-46.686,-69.322,13.54626,-0.29355,2.87135
874.329,-46.666,-69.757,14.27326,0.43346,2.86702
874.767,-46.712,-69.961,14.53726,0.69746,2.86004
875.310,-46.750,-68.846,12.72974,-1.11007,2.87115
875.752,-46.652,-70.326,15.26596,1.42615,2.85688
876.303,-46.776,-69.860,14.26262,0.42282,2.85266
876.741,-46.779,-68.834,12.66883,-1.17098,2.86437
877.177,-46.720,-69.367,13.56252,-0.27728,2.86714
877.606,-46.697,-69.887,14.43748,0.59767,2.86116
878.047,-46.745,-69.807,14.22724,0.38743,2.85729
878.490,-46.754,-69.372,13.51795,-0.32185,2.86051
878.907,-46.741,-70.395,15.23051,1.39070,2.84660
879.365,-46.825,-69.748,14.00054,0.16074,2.84499
879.796,-46.850,-68.982,12.78230,-1.05751,2.85557
880.232,-46.775,-69.141,13.13139,-0.70842,2.86265
880.664,-46.729,-69.842,14.31157,0.47176,2.85793
881.214,-46.765,-69.497,13.69707,-0.14273,2.85936
881.653,-46.740,-69.978,14.51810,0.67829,2.85258
882.193,-46.811,-70.076,14.56312,0.72332,2.84534
882.743,-46.863,-69.735,13.91798,0.07818,2.84456
883.187,-46.830,-69.267,13.23820,-0.60161,2.85058
883.620,-46.796,-69.854,14.22043,0.38062,2.84677
884.065,-46.831,-69.780,14.04303,0.20322,2.84474
884.614,-46.850,-69.048,12.87979,-0.96002,2.85434
885.036,-46.795,-69.154,13.11981,-0.72000,2.86154
885.595,-46.742,-69.949,14.46676,0.62695,2.85527
886.027,-46.788,-69.263,13.29711,-0.54269,2.86070
886.456,-46.751,-68.795,12.65369,-1.18612,2.87256
887.011,-46.661,-68.900,12.94077,-0.89904,2.88155
887.574,-46.597,-69.940,14.69311,0.85330,2.87302
888.102,-46.653,-70.111,14.88929,1.04948,2.86252
888.546,-46.734,-69.349,13.51402,-0.32579,2.86578
889.094,-46.695,-69.942,14.53263,0.69283,2.85885
889.630,-46.752,-69.956,14.46159,0.62179,2.85263
890.069,-46.786,-70.339,15.05351,1.21371,2.84050
890.510,-46.893,-69.146,12.96175,-0.87806,2.84928
891.063,-46.831,-69.714,13.93569,0.09589,2.84832
891.599,-46.827,-69.803,14.08654,0.24673,2.84585
892.037,-46.838,-70.060,14.49200,0.65219,2.83933
892.589,-46.884,-69.226,13.09405,-0.74576,2.84679
893.138,-46.847,-68.747,12.44530,-1.39451,2.86073
893.684,-46.735,-70.027,14.60852,0.76871,2.85304
894.119,-46.785,-69.163,13.14860,-0.69121,2.85996
894.573,-46.735,-69.407,13.60198,-0.23783,2.86233
894.997,-46.732,-69.898,14.39794,0.55814,2.85675
895.541,-46.743,-68.866,12.76852,-1.07129,2.86747
895.977,-46.679,-70.324,15.21549,1.37569,2.85371
896.424,-46.771,-69.759,14.10681,0.26700,2.85104
896.852,-46.776,-69.936,14.38799,0.54818,2.84556
897.290,-46.843,-68.963,12.76461,-1.07520,2.85631
897.730,-46.757,-69.935,14.41770,0.57789,2.85053
898.280,-46.808,-69.790,14.09503,0.25522,2.84798
898.716,-46.819,-68.987,12.83448,-1.00533,2.85803
899.259,-46.740,-69.880,14.35438,0.51457,2.85289
899.812,-46.786,-69.159,13.14261,-0.69720,2.85986
900.355,-46.740,-69.739,14.12334,0.28353,2.85702
900.791,-46.757,-69.960,14.45878,0.61897,2.85083
901.239,-46.807,-70.134,14.66604,0.82624,2.84257
901.664,-46.856,-69.919,14.22910,0.38929,2.83868
902.109,-46.894,-69.843,14.04372,0.20392,2.83664
902.548,-46.909,-68.765,12.38314,-1.45667,2.85120
902.984,-46.823,-69.262,13.24148,-0.59833,2.85719
903.412,-46.763,-69.894,14.34072,0.50092,2.85218
904.055,-46.800,-69.591,13.78992,-0.04988,2.85268
904.622,-46.782,-69.684,13.96686,0.12705,2.85141
905.058,-46.802,-69.462,13.58279,-0.25701,2.85398
905.605,-46.792,-70.085,14.60895,0.76915,2.84629
906.058,-46.817,-69.177,13.12191,-0.71790,2.85346
906.590,-46.775,-69.982,14.46598,0.62618,2.84720
907.149,-46.860,-69.837,14.08847,0.24866,2.84472
907.684,-46.862,-69.306,13.24934,-0.59047,2.85062
908.231,-46.807,-69.196,13.16577,-0.67403,2.85736
908.665,-46.780,-69.433,13.57201,-0.26779,2.86004
909.106,-46.739,-69.209,13.28979,-0.55001,2.86554
909.653,-46.724,-70.103,14.75519,0.91538,2.85639
910.096,-46.746,-68.986,12.94252,-0.89729,2.86536
910.635,-46.690,-69.475,13.78002,-0.05979,2.86596
911.183,-46.682,-69.723,14.19205,0.35224,2.86243
911.618,-46.721,-68.921,12.88261,-0.95720,2.87201
912.151,-46.651,-68.826,12.84494,-0.99486,2.88195
912.722,-46.577,-69.040,13.27821,-0.56159,2.88757
913.259,-46.551,-69.184,13.54010,-0.29971,2.89057
913.693,-46.527,-70.081,15.05579,1.21598,2.87841
914.134,-46.604,-69.772,14.40101,0.56120,2.87280
914.678,-46.624,-69.389,13.74757,-0.09224,2.87372
915.115,-46.628,-70.002,14.74699,0.90719,2.86465
915.649,-46.690,-69.514,13.84299,0.00318,2.86461
916.107,-46.681,-70.169,14.94181,1.10200,2.85359
916.534,-46.758,-68.578,12.33158,-1.50822,2.86868
916.987,-46.647,-70.219,15.08685,1.24704,2.85621
917.417,-46.731,-69.836,14.29590,0.45609,2.85165
918.047,-46.754,-68.765,12.60424,-1.23556,2.86400
918.509,-46.680,-69.125,13.25006,-0.58974,2.86990
918.948,-46.631,-69.862,14.50531,0.66550,2.86324
919.487,-46.693,-69.998,14.62970,0.78989,2.85534
920.038,-46.720,-70.007,14.60087,0.76106,2.84773
920.589,-46.805,-68.783,12.55788,-1.28193,2.86055
921.140,-46.706,-69.393,13.62453,-0.21528,2.86271
921.684,-46.703,-68.965,12.97476,-0.86505,2.87136
922.139,-46.635,-69.138,13.33948,-0.50032,2.87636
922.558,-46.594,-69.494,13.96473,0.12492,2.87511
922.996,-46.582,-69.140,13.42386,-0.41595,2.87927
923.436,-46.538,-70.364,15.53572,1.69591,2.86231
923.876,-46.672,-69.194,13.36961,-0.47020,2.86701
924.413,-46.660,-70.354,15.30039,1.46058,2.85241
925.068,-46.735,-69.598,13.90514,0.06533,2.85175
925.626,-46.761,-69.991,14.50442,0.66461,2.84511
926.143,-46.811,-69.028,12.90820,-0.93161,2.85442
926.715,-46.732,-68.576,12.36508,-1.47473,2.86917
927.258,-46.647,-68.989,13.09449,-0.74532,2.87662
927.809,-46.612,-70.334,15.35057,1.51077,2.86152
928.355,-46.719,-69.997,14.58553,0.74572,2.85406
928.796,-46.740,-68.960,12.91147,-0.92833,2.86334
929.229,-46.670,-69.990,14.65599,0.81619,2.85518
929.662,-46.735,-69.623,13.94512,0.10531,2.85413
930.101,-46.729,-69.154,13.22017,-0.61963,2.86032
930.548,-46.690,-69.300,13.50519,-0.33462,2.86367
930.966,-46.669,-70.025,14.71658,0.87678,2.85490
931.409,-46.736,-69.586,13.88283,0.04302,2.85447
931.849,-46.750,-69.059,13.04527,-0.79453,2.86242
932.398,-46.662,-69.720,14.21916,0.37936,2.85862
932.944,-46.702,-68.852,12.80868,-1.03113,2.86894
933.493,-46.643,-69.695,14.20902,0.36921,2.86524
934.041,-46.648,-68.962,13.05336,-0.78645,2.87311
934.592,-46.616,-70.027,14.80911,0.96930,2.86341
935.034,-46.704,-69.206,13.33738,-0.50242,2.86844
935.463,-46.647,-69.615,14.07286,0.23305,2.86611
935.900,-46.674,-69.640,14.07132,0.23152,2.86379
936.447,-46.667,-70.149,14.93264,1.09283,2.85286
936.880,-46.764,-69.496,13.69612,-0.14369,2.85430
937.439,-46.746,-68.999,12.96000,-0.87980,2.86310
937.974,-46.680,-69.917,14.51456,0.67476,2.85635
938.415,-46.749,-69.104,13.11527,-0.72454,2.86360
939.043,-46.672,-69.458,13.78168,-0.05812,2.86418
939.513,-46.677,-69.395,13.67438,-0.16543,2.86583
940.059,-46.672,-70.245,15.08869,1.24888,2.85334
940.597,-46.768,-69.066,13.02876,-0.81105,2.86145
941.155,-46.714,-68.985,12.98856,-0.85125,2.86997
941.698,-46.633,-69.478,13.87488,0.03507,2.86962
942.134,-46.640,-70.223,15.10530,1.26549,2.85696
942.572,-46.726,-69.409,13.61921,-0.22059,2.85917
943.125,-46.709,-69.055,13.10107,-0.73873,2.86655
943.551,-46.655,-70.004,14.70335,0.86354,2.85792
944.109,-46.704,-70.208,14.96930,1.12949,2.84662
944.540,-46.789,-68.871,12.70829,-1.13151,2.85794
944.975,-46.694,-69.144,13.25779,-0.58202,2.86376
945.414,-46.671,-69.712,14.19177,0.35197,2.86024
946.055,-46.679,-70.086,14.80325,0.96345,2.85061
946.505,-46.747,-69.972,14.49690,0.65709,2.84403
947.065,-46.806,-70.149,14.69454,0.85474,2.83549
947.596,-46.878,-68.765,12.42600,-1.41381,2.84963
948.042,-46.764,-69.528,13.74656,-0.09325,2.85056
948.467,-46.786,-70.328,15.03485,1.19505,2.83861
948.911,-46.865,-69.748,13.93664,0.09683,2.83764
949.348,-46.860,-68.918,12.67307,-1.16674,2.84931
949.796,-46.797,-69.031,12.93294,-0.90687,2.85838
950.226,-46.699,-70.220,14.99840,1.15859,2.84679
950.662,-46.805,-70.194,14.77240,0.93260,2.83746
951.104,-46.862,-68.959,12.72995,-1.10986,2.84856
951.648,-46.743,-69.264,13.36687,-0.47294,2.85329
952.188,-46.731,-69.629,13.96055,0.12075,2.85208
952.635,-46.759,-69.636,13.92675,0.08694,2.85121
953.070,-46.757,-69.707,14.04371,0.20391,2.84918
953.505,-46.778,-70.011,14.50831,0.66850,2.84249
953.951,-46.822,-68.964,12.79731,-1.04250,2.85292
954.491,-46.731,-68.839,12.74614,-1.09367,2.86385
954.930,-46.663,-70.038,14.74879,0.90898,2.85476
955.475,-46.716,-69.495,13.77099,-0.06881,2.85545
955.920,-46.730,-69.389,13.58160,-0.25820,2.85803
956.550,-46.735,-69.883,14.36830,0.52850,2.85275
957.110,-46.745,-69.526,13.77224,-0.06757,2.85342
957.553,-46.735,-69.059,13.06675,-0.77306,2.86115
958.107,-46.672,-69.714,14.19379,0.35399,2.85761
958.542,-46.724,-70.110,14.76721,0.92740,2.84834
958.974,-46.763,-69.778,14.14917,0.30937,2.84525
959.407,-46.764,-70.200,14.85358,1.01377,2.83511
960.046,-46.846,-69.202,13.11650,-0.72331,2.84234
960.514,-46.800,-69.680,13.93098,0.09118,2.84143
961.057,-46.816,-69.851,14.18242,0.34262,2.83800
961.601,-46.840,-69.987,14.36498,0.52517,2.83275
962.146,-46.886,-69.049,12.82751,-1.01230,2.84287
962.703,-46.789,-69.022,12.93172,-0.90808,2.85196
963.132,-46.756,-69.314,13.42426,-0.41555,2.85611
963.680,-46.718,-69.758,14.18920,0.34939,2.85262
964.113,-46.736,-69.922,14.43078,0.59097,2.84671
964.555,-46.773,-69.582,13.81879,-0.02101,2.84692
965.092,-46.793,-68.992,12.88142,-0.95839,2.85650
965.537,-46.694,-70.121,14.83679,0.99699,2.84653
965.975,-46.786,-70.132,14.69801,0.85820,2.83795
966.519,-46.845,-68.993,12.80571,-1.03410,2.84829
966.963,-46.787,-69.056,12.98497,-0.85484,2.85684
967.505,-46.727,-69.312,13.46658,-0.37323,2.86057
967.941,-46.687,-70.252,15.07556,1.23576,2.84821
968.488,-46.770,-70.023,14.54299,0.70318,2.84118
968.926,-46.834,-69.765,14.01471,0.17490,2.83943
969.474,-46.862,-70.422,15.06621,1.22640,2.82717
969.904,-46.939,-69.173,12.93205,-0.90775,2.83625
970.546,-46.856,-68.930,12.69760,-1.14220,2.84767
971.008,-46.776,-69.277,13.33695,-0.50285,2.85270
971.554,-46.738,-69.515,13.76712,-0.07269,2.85342
971.985,-46.723,-69.717,14.11574,0.27594,2.85066
972.542,-46.739,-69.319,13.45944,-0.38037,2.85447
972.975,-46.730,-69.798,14.23591,0.39610,2.85051
973.410,-46.751,-69.264,13.35503,-0.48478,2.85535
974.049,-46.724,-69.868,14.36216,0.52236,2.85013
974.511,-46.771,-69.873,14.29234,0.45253,2.84561
975.061,-46.787,-69.475,13.62626,-0.21355,2.84774
975.600,-46.768,-69.821,14.21105,0.37124,2.84403
976.035,-46.806,-69.094,13.01294,-0.82687,2.85230
976.581,-46.738,-69.751,14.14743,0.30763,2.84922
977.126,-46.738,-69.031,13.02143,-0.81837,2.85741
977.693,-46.695,-70.441,15.39200,1.55219,2.84188
978.109,-46.798,-69.055,12.96608,-0.87372,2.85062
978.554,-46.744,-69.499,13.73172,-0.10808,2.85170
979.103,-46.718,-68.965,12.95123,-0.88858,2.86059
979.534,-46.702,-69.931,14.50280,0.66300,2.85396
979.971,-46.710,-69.901,14.44001,0.60020,2.84796
980.417,-46.761,-70.142,14.75763,0.91783,2.83878
980.850,-46.840,-68.904,12.68298,-1.15683,2.85035
981.285,-46.745,-69.914,14.40187,0.56207,2.84472
981.728,-46.779,-70.059,14.58870,0.74889,2.83724
982.175,-46.841,-69.113,12.98856,-0.85124,2.84575
982.600,-46.794,-69.086,13.01951,-0.82030,2.85395
983.150,-46.712,-70.246,15.02132,1.18151,2.84214
983.692,-46.781,-69.234,13.26311,-0.57670,2.84790
984.137,-46.755,-69.939,14.42777,0.58796,2.84202
984.679,-46.800,-69.287,13.31607,-0.52373,2.84726
985.139,-46.772,-70.180,14.80551,0.96571,2.83760
985.641,-46.835,-69.768,14.01690,0.17709,2.83583
986.213,-46.843,-69.140,13.02774,-0.81206,2.84395
986.757,-46.771,-70.099,14.66969,0.82988,2.83565
987.302,-46.829,-68.849,12.61864,-1.22117,2.84787
987.852,-46.747,-70.281,15.02068,1.18087,2.83606
988.285,-46.822,-69.857,14.18218,0.34237,2.83263
988.725,-46.870,-68.913,12.65140,-1.18841,2.84452
989.278,-46.764,-68.947,12.85723,-0.98258,2.85434
989.712,-46.687,-69.417,13.69230,-0.14750,2.85582
990.266,-46.683,-69.934,14.53883,0.69903,2.84883
990.707,-46.731,-69.049,13.05773,-0.78207,2.85665
991.295,-46.681,-69.757,14.25004,0.41023,2.85255
991.795,-46.713,-70.030,14.65094,0.81113,2.84444
992.263,-46.785,-69.471,13.62502,-0.21479,2.84658
992.758,-46.733,-69.023,13.01667,-0.82313,2.85481
993.322,-46.692,-69.395,13.65046,-0.18935,2.85671
993.954,-46.680,-70.358,15.27249,1.43268,2.84238
994.411,-46.774,-69.749,14.08579,0.24598,2.83992
995.046,-46.810,-69.165,13.11366,-0.72615,2.84718
995.612,-46.771,-68.864,12.72500,-1.11481,2.85833
996.145,-46.685,-69.904,14.48635,0.64655,2.85187
996.610,-46.701,-69.163,13.27735,-0.56245,2.85749
997.030,-46.671,-70.044,14.74610,0.90629,2.84843
997.584,-46.721,-70.200,14.92650,1.08670,2.83756
998.026,-46.812,-69.538,13.68642,-0.15339,2.83909
998.464,-46.789,-68.772,12.56547,-1.27433,2.85184
999.004,-46.741,-70.091,14.70756,0.86776,2.84316
999.549,-46.768,-68.995,12.92190,-0.91790,2.85234
1000.091,-46.689,-69.235,13.40582,-0.43399,2.85668
1000.645,-46.665,-69.650,14.10144,0.26163,2.85406
1001.189,-46.685,-70.136,14.87743,1.03762,2.84369
1001.634,-46.760,-69.701,14.02951,0.18970,2.84179
1002.073,-46.786,-69.740,14.05026,0.21046,2.83968
1002.618,-46.811,-69.257,13.25279,-0.58702,2.84555
1003.149,-46.753,-68.690,12.49798,-1.34183,2.85897
1003.603,-46.668,-69.957,14.60224,0.76243,2.85135
1004.034,-46.690,-69.777,14.26731,0.42750,2.84707
1004.587,-46.772,-69.848,14.24858,0.40877,2.84299
1005.130,-46.780,-69.350,13.44298,-0.39683,2.84695
1005.680,-46.736,-69.108,13.13910,-0.70071,2.85396
1006.224,-46.713,-68.867,12.81455,-1.02526,2.86421
1006.667,-46.630,-68.918,13.01380,-0.82601,2.87247
1007.102,-46.571,-69.294,13.68085,-0.15895,2.87406
1007.534,-46.575,-69.967,14.77629,0.93648,2.86470
1007.979,-46.617,-69.540,13.99984,0.16004,2.86310
1008.409,-46.635,-68.988,13.11231,-0.72750,2.87037
1009.052,-46.582,-70.206,15.17639,1.33658,2.85701
1009.616,-46.679,-70.113,14.84984,1.01004,2.84691
1010.054,-46.750,-69.477,13.68778,-0.15202,2.84843
1010.598,-46.747,-70.257,14.98004,1.14023,2.83702
1011.033,-46.808,-69.631,13.83958,-0.00023,2.83703
1011.582,-46.856,-69.158,13.03358,-0.80622,2.84509
1012.012,-46.751,-69.091,13.09198,-0.74783,2.85257
1012.459,-46.676,-69.997,14.65662,0.81681,2.84440
1012.895,-46.748,-69.946,14.45098,0.61117,2.83829
1013.447,-46.788,-69.964,14.41490,0.57510,2.83254
1013.874,-46.827,-69.992,14.39534,0.55554,2.82698
1014.426,-46.891,-69.048,12.81978,-1.02003,2.83718
1014.863,-46.817,-70.074,14.54924,0.70943,2.83009
1015.416,-46.873,-70.078,14.46137,0.62156,2.82387
1015.853,-46.913,-68.800,12.42648,-1.41333,2.83800
1016.291,-46.809,-69.396,13.47018,-0.36963,2.84170
1016.729,-46.778,-69.745,14.07140,0.23160,2.83939
1017.160,-46.791,-69.095,13.03772,-0.80209,2.84741
1017.708,-46.728,-70.117,14.77201,0.93220,2.83808
1018.258,-46.806,-69.205,13.18078,-0.65903,2.84467
1018.804,-46.758,-69.896,14.35146,0.51166,2.83956
1019.351,-46.807,-69.165,13.11858,-0.72122,2.84677
1019.781,-46.739,-69.838,14.28683,0.44703,2.84230
1020.331,-46.778,-68.837,12.67458,-1.16522,2.85395
1020.887,-46.710,-69.575,13.90732,0.06751,2.85328
1021.318,-46.678,-70.293,15.16185,1.32204,2.84006
1021.755,-46.782,-69.576,13.79295,-0.04685,2.84052
1022.298,-46.784,-69.001,12.90815,-0.93166,2.84984
1022.731,-46.717,-69.676,14.05872,0.21891,2.84765
1023.176,-46.697,-68.938,12.94412,-0.89569,2.85661
1023.725,-46.652,-69.353,13.64655,-0.19326,2.85854
1024.161,-46.652,-69.575,14.00060,0.16079,2.85693
1024.605,-46.666,-70.153,14.93861,1.09881,2.84595
1025.038,-46.734,-68.625,12.43180,-1.40801,2.86003
1025.584,-46.643,-69.153,13.35085,-0.48896,2.86492
1026.022,-46.591,-69.561,14.07648,0.23668,2.86255
1026.463,-46.620,-69.127,13.34649,-0.49332,2.86748
1026.903,-46.590,-68.872,13.00344,-0.83637,2.87585
1027.441,-46.510,-69.408,13.95949,0.11969,2.87465
1027.887,-46.508,-69.549,14.19264,0.35283,2.87112
1028.430,-46.547,-69.299,13.72667,-0.11313,2.87225
1028.871,-46.533,-69.258,13.68481,-0.15499,2.87380
1029.413,-46.521,-69.225,13.65195,-0.18786,2.87568
1030.048,-46.487,-69.874,14.76893,0.92913,2.86639
1030.611,-46.584,-70.052,14.90725,1.06744,2.85571
1031.053,-46.667,-69.892,14.49712,0.65731,2.84914
1031.599,-46.690,-69.682,14.11110,0.27130,2.84643
1032.036,-46.703,-69.820,14.31673,0.47693,2.84166
1032.584,-46.761,-70.007,14.53108,0.69127,2.83475
1033.134,-46.808,-69.153,13.09881,-0.74100,2.84216
1033.683,-46.757,-69.490,13.69716,-0.14265,2.84358
1034.113,-46.735,-69.115,13.15180,-0.68801,2.85046
1034.561,-46.704,-69.697,14.11323,0.27342,2.84773
1035.001,-46.698,-68.788,12.72162,-1.11818,2.85891
1035.531,-46.615,-70.085,14.90985,1.07005,2.84821
1035.978,-46.703,-69.232,13.38019,-0.45961,2.85281
1036.527,-46.651,-69.365,13.66914,-0.17066,2.85451
1036.952,-46.662,-68.732,12.69090,-1.14891,2.86600
1037.508,-46.577,-69.438,13.90177,0.06197,2.86538
1038.059,-46.589,-69.054,13.28273,-0.55708,2.87095
1038.605,-46.551,-69.113,13.43107,-0.40874,2.87504
1039.036,-46.532,-70.191,15.23948,1.39967,2.86104
1039.475,-46.626,-69.433,13.81566,-0.02415,2.86129
1039.919,-46.612,-70.059,14.87131,1.03150,2.85097
1040.347,-46.698,-69.130,13.23097,-0.60883,2.85706
1040.784,-46.657,-69.110,13.26258,-0.57723,2.86283
1041.223,-46.601,-69.149,13.40889,-0.43092,2.86714
1041.668,-46.583,-68.790,12.89321,-0.94659,2.87661
1042.208,-46.493,-70.041,15.04521,1.20541,2.86455
1042.755,-46.603,-69.212,13.50373,-0.33607,2.86791
1043.311,-46.563,-69.103,13.39747,-0.44234,2.87234
1043.741,-46.529,-70.417,15.64546,1.80566,2.85428
1044.179,-46.660,-68.836,12.84717,-0.99263,2.86421
1044.714,-46.592,-69.081,13.31932,-0.52048,2.86941
1045.160,-46.557,-69.027,13.28888,-0.55092,2.87492
1045.600,-46.510,-69.137,13.53089,-0.30891,2.87801
1046.141,-46.505,-69.922,14.82010,0.98029,2.86821
1046.589,-46.551,-69.232,13.61515,-0.22465,2.87045
1047.132,-46.533,-70.321,15.46625,1.62644,2.85419
1047.673,-46.661,-69.098,13.23886,-0.60095,2.86020
1048.119,-46.656,-69.134,13.30165,-0.53816,2.86558
1048.553,-46.579,-69.938,14.72058,0.88077,2.85677
1048.991,-46.680,-70.294,15.15940,1.31959,2.84358
1049.543,-46.732,-68.688,12.52621,-1.31360,2.85671
1049.978,-46.651,-70.123,14.91456,1.07475,2.84596
1050.415,-46.706,-69.381,13.60806,-0.23174,2.84828
1050.849,-46.697,-69.594,13.95860,0.11880,2.84709
1051.294,-46.691,-69.364,13.60300,-0.23680,2.84946
1051.833,-46.674,-68.917,12.94663,-0.89317,2.85839
1052.401,-46.641,-69.959,14.65176,0.81196,2.85027
1052.936,-46.672,-68.981,13.04572,-0.79409,2.85821
1053.467,-46.656,-70.043,14.76962,0.92981,2.84892
1054.023,-46.697,-69.070,13.14096,-0.69885,2.85591
1054.568,-46.666,-69.692,14.16785,0.32805,2.85262
1055.005,-46.669,-68.946,12.99688,-0.84293,2.86105
1055.547,-46.617,-68.939,13.06388,-0.77592,2.86881
1056.104,-46.548,-69.356,13.81621,-0.02359,2.86905
1056.540,-46.550,-68.721,12.84007,-0.99973,2.87905
1056.973,-46.473,-68.900,13.22224,-0.61756,2.88522
1057.537,-46.407,-70.181,15.44081,1.60101,2.86921
1058.056,-46.530,-68.920,13.16752,-0.67229,2.87593
1058.498,-46.461,-69.046,13.46624,-0.37357,2.87967
1058.945,-46.462,-69.305,13.87144,0.03163,2.87935
1059.486,-46.481,-69.571,14.27217,0.43236,2.87503
1059.936,-46.479,-70.213,15.36960,1.52979,2.85973
1060.477,-46.596,-69.169,13.44700,-0.39280,2.86366
1060.908,-46.581,-69.955,14.74741,0.90760,2.85458
1061.545,-46.640,-70.179,15.02983,1.19002,2.84268
1062.120,-46.729,-69.197,13.28633,-0.55347,2.84822
1062.560,-46.680,-69.916,14.51412,0.67431,2.84148
1062.980,-46.733,-68.855,12.76746,-1.07234,2.85220
1063.538,-46.656,-69.295,13.54937,-0.29044,2.85510
1063.970,-46.595,-69.249,13.57421,-0.26560,2.85776
1064.422,-46.634,-69.043,13.19634,-0.64347,2.86419
1065.053,-46.567,-70.075,14.97648,1.13668,2.85283
1065.506,-46.640,-68.984,13.09730,-0.74251,2.86025
1066.048,-46.608,-70.011,14.79666,0.95686,2.85068
1066.605,-46.681,-68.951,12.98599,-0.85381,2.85922
1067.046,-46.620,-68.686,12.68528,-1.15453,2.87077
1067.472,-46.555,-69.960,14.80000,0.96019,2.86117
1067.917,-46.574,-69.560,14.10281,0.26300,2.85854
1068.360,-46.605,-68.753,12.80494,-1.03487,2.86888
1068.907,-46.537,-69.304,13.75089,-0.08892,2.86977
1069.447,-46.543,-69.874,14.67436,0.83456,2.86143
1069.987,-46.574,-68.887,13.05096,-0.78884,2.86932
1070.426,-46.527,-68.990,13.27741,-0.56239,2.87494
1070.974,-46.504,-69.832,14.67023,0.83043,2.86664
1071.415,-46.548,-69.676,14.33531,0.49550,2.86168
1071.857,-46.573,-69.542,14.07444,0.23464,2.85933
1072.299,-46.612,-70.303,15.29391,1.45411,2.84479
1072.738,-46.698,-68.812,12.75573,-1.08408,2.85563
1073.166,-46.637,-69.495,13.89699,0.05718,2.85506
1073.601,-46.639,-69.016,13.14878,-0.69102,2.86197
1074.038,-46.590,-69.531,14.02940,0.18959,2.86008
1074.586,-46.598,-69.413,13.82834,-0.01147,2.86019
1075.016,-46.609,-69.194,13.46616,-0.37365,2.86393
1075.568,-46.594,-68.826,12.92929,-0.91051,2.87303
1076.000,-46.508,-70.116,15.14964,1.30984,2.85994
1076.611,-46.619,-70.164,15.03876,1.19895,2.84795
1077.098,-46.689,-69.494,13.81267,-0.02714,2.84822
1077.529,-46.704,-70.028,14.66336,0.82356,2.83998
1077.969,-46.742,-68.948,12.89185,-0.94795,2.84946
1078.515,-46.691,-69.766,14.24770,0.40790,2.84538
1078.954,-46.687,-70.112,14.83361,0.99381,2.83544
1079.388,-46.767,-69.220,13.26249,-0.57732,2.84122
1079.935,-46.712,-70.108,14.78414,0.94433,2.83177
1080.489,-46.807,-70.034,14.49881,0.65900,2.82518
1081.042,-46.842,-68.815,12.55071,-1.28910,2.83807
1081.585,-46.743,-69.885,14.35912,0.51931,2.83288
1082.129,-46.785,-69.093,13.04363,-0.79617,2.84084
1082.682,-46.752,-68.936,12.85887,-0.98094,2.85065
1083.247,-46.652,-68.929,12.99676,-0.84304,2.85908
1083.661,-46.605,-70.163,15.06323,1.22342,2.84685
1084.099,-46.713,-69.913,14.45324,0.61343,2.84071
1084.536,-46.738,-69.984,14.53119,0.69138,2.83380
1084.987,-46.772,-69.886,14.31209,0.47228,2.82908
1085.417,-46.824,-70.243,14.82344,0.98363,2.81924
1086.045,-46.874,-70.037,14.39319,0.55338,2.81371
1086.507,-46.929,-69.996,14.23552,0.39571,2.80975
1087.053,-46.966,-69.548,13.46142,-0.37839,2.81353
1087.604,-46.919,-69.815,13.95680,0.11699,2.81236
1088.047,-46.934,-69.954,14.15779,0.31798,2.80918
1088.581,-46.957,-69.333,13.14649,-0.69332,2.81612
1089.024,-46.903,-69.355,13.26082,-0.57898,2.82191
1089.465,-46.866,-69.762,13.95654,0.11674,2.82074
1090.002,-46.878,-69.497,13.52021,-0.31960,2.82394
1090.567,-46.825,-69.023,12.87942,-0.96038,2.83354
1090.990,-46.772,-70.156,14.76378,0.92398,2.82430
1091.423,-46.848,-68.820,12.54978,-1.29003,2.83720
1091.863,-46.764,-69.906,14.35816,0.51835,2.83202
1092.410,-46.800,-70.358,15.06104,1.22123,2.81980
1093.046,-46.901,-68.845,12.50860,-1.33121,2.83312
1093.502,-46.797,-69.100,13.03539,-0.80442,2.84116
1094.045,-46.731,-69.868,14.35030,0.51050,2.83606
1094.593,-46.772,-69.596,13.84207,0.00226,2.83603
1095.046,-46.747,-69.483,13.70239,-0.13742,2.83741
1095.477,-46.750,-69.333,13.46315,-0.37665,2.84117
1095.904,-46.715,-69.151,13.23814,-0.60166,2.84719
1096.340,-46.688,-69.334,13.56171,-0.27810,2.84997
1096.893,-46.655,-70.380,15.35534,1.51553,2.83482
1097.437,-46.760,-68.969,12.89567,-0.94414,2.84426
1097.876,-46.717,-68.812,12.72824,-1.11157,2.85537
1098.316,-46.620,-68.769,12.80571,-1.03409,2.86571
1098.749,-46.548,-70.233,15.28442,1.44461,2.85127
1099.298,-46.659,-69.716,14.21811,0.37830,2.84749
1099.735,-46.673,-69.498,13.84367,0.00387,2.84745
1100.178,-46.686,-69.693,14.13780,0.29799,2.84447
1100.615,-46.715,-70.025,14.63843,0.79863,2.83648
1101.060,-46.765,-69.395,13.53628,-0.30352,2.83952
1101.599,-46.752,-70.187,14.84944,1.00964,2.82942
1102.139,-46.827,-69.952,14.32883,0.48902,2.82453
1102.585,-46.865,-69.074,12.89626,-0.94355,2.83396
1103.014,-46.775,-69.071,13.02489,-0.81491,2.84211
1103.466,-46.730,-69.578,13.88110,0.04130,2.84170
1104.007,-46.716,-69.675,14.05885,0.21904,2.83951
1104.558,-46.745,-69.258,13.35614,-0.48366,2.84435
1104.984,-46.707,-69.244,13.39143,-0.44838,2.84883
1105.416,-46.666,-69.461,13.79598,-0.04383,2.84927
1105.970,-46.663,-70.116,14.88142,1.04161,2.83885
1106.519,-46.737,-69.602,13.90614,0.06633,2.83819
1107.068,-46.745,-69.274,13.38000,-0.45980,2.84279
1107.496,-46.693,-69.871,14.41814,0.57833,2.83700
1107.947,-46.734,-70.111,14.75183,0.91203,2.82788
1108.492,-46.814,-68.858,12.65327,-1.18654,2.83975
1109.032,-46.720,-69.794,14.24613,0.40632,2.83569
1109.588,-46.745,-68.950,12.89037,-0.94943,2.84518
1110.125,-46.691,-68.960,12.98515,-0.85466,2.85373
1110.670,-46.624,-70.023,14.78900,0.94920,2.84423
1111.223,-46.680,-70.300,15.16953,1.32972,2.83094
1111.764,-46.781,-69.098,13.05777,-0.78204,2.83876
1112.312,-46.737,-69.258,13.36771,-0.47209,2.84348
1112.769,-46.671,-69.384,13.66663,-0.17318,2.84521
1113.300,-46.682,-70.075,14.78025,0.94044,2.83581
1113.746,-46.740,-69.346,13.49941,-0.34040,2.83921
1114.181,-46.720,-69.884,14.39465,0.55484,2.83366
1114.727,-46.771,-69.514,13.71454,-0.12526,2.83491
1115.154,-46.755,-69.093,13.08765,-0.75215,2.84244
1115.601,-46.708,-69.122,13.20412,-0.63569,2.84879
1116.038,-46.664,-70.083,14.82352,0.98372,2.83896
1116.588,-46.713,-70.257,15.03841,1.19861,2.82697
1117.014,-46.814,-69.460,13.56178,-0.27803,2.82975
1117.460,-46.813,-69.124,13.04756,-0.79225,2.83767
1117.895,-46.738,-68.975,12.93822,-0.90159,2.84669
1118.444,-46.682,-69.275,13.47958,-0.36022,2.85029
1118.994,-46.644,-69.444,13.80385,-0.03596,2.85065
1119.427,-46.646,-69.095,13.25688,-0.58292,2.85648
1119.973,-46.582,-69.464,13.93525,0.09544,2.85553
1120.409,-46.600,-69.063,13.27936,-0.56045,2.86113
1121.045,-46.551,-69.321,13.75631,-0.08350,2.86196
1121.617,-46.566,-69.814,14.53525,0.69544,2.85501
1122.140,-46.574,-69.334,13.74054,-0.09926,2.85600
1122.599,-46.579,-69.148,13.44086,-0.39895,2.85999
1123.145,-46.538,-69.186,13.56449,-0.27531,2.86275
1123.699,-46.527,-69.538,14.14337,0.30356,2.85971
1124.139,-46.556,-70.385,15.53993,1.70012,2.84271
1124.677,-46.685,-69.072,13.16318,-0.67662,2.84947
1125.114,-46.621,-70.156,15.02355,1.18375,2.83764
1125.556,-46.702,-70.302,15.13601,1.29620,2.82468
1126.101,-46.814,-68.954,12.79356,-1.04625,2.83514
1126.532,-46.712,-69.168,13.26820,-0.57161,2.84085
1126.974,-46.730,-69.850,14.32046,0.48066,2.83605
1127.409,-46.736,-68.743,12.59932,-1.24049,2.84845
1128.048,-46.657,-69.773,14.31659,0.47679,2.84368
1128.614,-46.694,-69.666,14.08061,0.24081,2.84128
1129.050,-46.711,-69.656,14.03606,0.19625,2.83931
1129.594,-46.717,-69.077,13.12149,-0.71832,2.84650
1130.030,-46.690,-69.022,13.08050,-0.75931,2.85409
1130.585,-46.593,-69.070,13.30059,-0.53922,2.85948
1131.135,-46.554,-69.955,14.79344,0.95363,2.84995
1131.685,-46.629,-68.957,13.07311,-0.76669,2.85761
1132.224,-46.601,-70.173,15.08654,1.24673,2.84515
1132.660,-46.668,-69.424,13.73413,-0.10568,2.84620
1133.094,-46.664,-69.717,14.21161,0.37181,2.84248
1133.531,-46.702,-69.888,14.43090,0.59109,2.83657
1133.973,-46.715,-70.051,14.68250,0.84270,2.82815
1134.413,-46.773,-68.830,12.67139,-1.16842,2.83983
1134.844,-46.704,-69.098,13.17379,-0.66602,2.84649
1135.282,-46.639,-69.099,13.27326,-0.56655,2.85216
1135.757,-46.617,-69.310,13.63528,-0.20453,2.85420
1136.262,-46.601,-69.445,13.87457,0.03476,2.85385
1136.818,-46.586,-69.021,13.23539,-0.60442,2.85990
1137.450,-46.548,-69.779,14.50543,0.66563,2.85324
1137.912,-46.602,-69.030,13.22571,-0.61410,2.85938
1138.360,-46.561,-68.876,13.05338,-0.78643,2.86725
1138.781,-46.497,-69.366,13.91362,0.07382,2.86651
1139.216,-46.503,-69.578,14.24695,0.40714,2.86244
1139.666,-46.533,-69.968,14.84943,1.00963,2.85234
1140.219,-46.616,-69.802,14.43111,0.59131,2.84643
1140.646,-46.662,-69.517,13.89109,0.05129,2.84591
1141.195,-46.658,-69.459,13.80548,-0.03432,2.84626
1141.638,-46.662,-69.274,13.50981,-0.32999,2.84956
1142.175,-46.628,-69.361,13.69867,-0.14114,2.85097
1142.606,-46.608,-69.719,14.30715,0.46735,2.84630
1143.183,-46.651,-69.450,13.80103,-0.03878,2.84668
1143.597,-46.665,-68.981,13.05598,-0.78382,2.85452
1144.144,-46.588,-69.911,14.65912,0.81932,2.84633
1144.689,-46.642,-69.709,14.23324,0.39344,2.84239
1145.234,-46.673,-70.193,14.99723,1.15743,2.83082
1145.781,-46.749,-69.116,13.13172,-0.70809,2.83790
1146.221,-46.729,-69.336,13.50097,-0.33884,2.84129
1146.652,-46.688,-70.155,14.90522,1.06542,2.83064
1147.097,-46.771,-70.052,14.59004,0.75023,2.82313
1147.530,-46.837,-68.991,12.81459,-1.02522,2.83339
1147.973,-46.746,-69.246,13.33546,-0.50435,2.83843
1148.515,-46.717,-70.138,14.82611,0.98630,2.82857
1149.064,-46.784,-68.930,12.80264,-1.03716,2.83894
1149.610,-46.711,-70.119,14.80464,0.96484,2.82929
1150.141,-46.786,-69.149,13.12645,-0.71336,2.83642
1150.597,-46.735,-69.159,13.21995,-0.61985,2.84262
1151.143,-46.680,-69.957,14.58248,0.74268,2.83519
1151.593,-46.749,-69.756,14.13634,0.29653,2.83223
1152.141,-46.764,-69.792,14.17118,0.33138,2.82892
1152.675,-46.780,-70.209,14.84112,1.00131,2.81890
1153.109,-46.834,-68.844,12.60347,-1.23633,2.83127
1153.561,-46.764,-68.974,12.89710,-0.94271,2.84069
1153.989,-46.692,-69.840,14.36837,0.52856,2.83541
1154.534,-46.713,-69.504,13.78964,-0.05016,2.83591
1154.972,-46.711,-69.921,14.47038,0.63057,2.82960
1155.406,-46.780,-70.123,14.69430,0.85450,2.82106
1156.043,-46.818,-69.754,14.02174,0.18193,2.81924
1156.612,-46.842,-68.714,12.40478,-1.43503,2.83359
1157.058,-46.732,-69.662,14.01145,0.17165,2.83187
1157.595,-46.731,-70.227,14.95640,1.11659,2.82071
1158.036,-46.819,-69.974,14.37867,0.53886,2.81532
1158.584,-46.845,-68.988,12.79767,-1.04214,2.82574
1159.011,-46.770,-68.977,12.89300,-0.94680,2.83521
1159.456,-46.710,-68.805,12.72817,-1.11163,2.84632
1159.897,-46.615,-69.600,14.10032,0.26052,2.84372
1160.336,-46.649,-69.400,13.72615,-0.11366,2.84485
1160.876,-46.661,-69.738,14.25162,0.41181,2.84074
1161.306,-46.693,-69.047,13.11355,-0.72626,2.84800
1161.951,-46.634,-69.233,13.48865,-0.35115,2.85151
1162.406,-46.596,-69.519,13.99993,0.16013,2.84991
1162.849,-46.601,-69.702,14.29115,0.45135,2.84540
1163.283,-46.639,-69.325,13.62398,-0.21583,2.84755
1163.720,-46.624,-69.053,13.22750,-0.61230,2.85368
1164.172,-46.573,-68.974,13.18475,-0.65506,2.86023
1164.593,-46.510,-69.022,13.35425,-0.48556,2.86508
1165.035,-46.498,-69.896,14.78752,0.94771,2.85561
1165.578,-46.575,-69.692,14.31683,0.47702,2.85084
1166.015,-46.600,-69.482,13.93464,0.09484,2.84989
1166.564,-46.623,-68.958,13.08448,-0.75533,2.85744
1167.110,-46.566,-70.025,14.89186,1.05206,2.84692
1167.550,-46.649,-69.616,14.07236,0.23255,2.84459
1168.095,-46.660,-69.569,13.97722,0.13741,2.84322
1168.647,-46.656,-69.220,13.43480,-0.40501,2.84727
1169.181,-46.645,-69.069,13.21948,-0.62033,2.85347
1169.628,-46.616,-69.026,13.19644,-0.64336,2.85991
1170.070,-46.550,-69.831,14.58839,0.74858,2.85242
1170.504,-46.596,-69.777,14.42306,0.58325,2.84659
1170.937,-46.639,-70.018,14.75529,0.91549,2.83743
1171.490,-46.695,-68.875,12.85271,-0.98709,2.84731
1172.031,-46.641,-69.156,13.35848,-0.48133,2.85212
1172.578,-46.599,-69.621,14.16052,0.32071,2.84891
1173.019,-46.642,-70.252,15.15223,1.31242,2.83579
1173.466,-46.737,-69.038,13.03340,-0.80641,2.84385
1173.994,-46.663,-70.008,14.69919,0.85938,2.83526
1174.538,-46.710,-69.388,13.61259,-0.22721,2.83753
1174.980,-46.697,-70.395,15.30762,1.46782,2.82285
1175.536,-46.783,-68.899,12.75899,-1.08081,2.83366
1175.970,-46.725,-68.978,12.96237,-0.87744,2.84243
1176.403,-46.657,-69.992,14.68196,0.84216,2.83401
1177.043,-46.724,-68.830,12.74439,-1.09542,2.84497
1177.506,-46.637,-69.202,13.43487,-0.40494,2.84902
1177.944,-46.603,-69.281,13.61061,-0.22920,2.85131
1178.486,-46.601,-70.046,14.86768,1.02787,2.84103
1179.031,-46.649,-68.973,13.06784,-0.77196,2.84875
1179.578,-46.615,-69.535,13.99629,0.15649,2.84718
1180.016,-46.605,-68.818,12.90208,-0.93772,2.85656
1180.460,-46.566,-69.537,14.07947,0.23966,2.85416
1180.888,-46.576,-69.146,13.44301,-0.39680,2.85813
1181.323,-46.530,-68.905,13.14418,-0.69563,2.86509
1181.868,-46.512,-69.774,14.55829,0.71848,2.85790
1182.317,-46.551,-68.715,12.82892,-1.01089,2.86801
1182.751,-46.478,-68.748,12.98736,-0.85245,2.87654
1183.301,-46.395,-69.893,14.95971,1.11990,2.86534
1183.845,-46.478,-70.310,15.54372,1.70392,2.84830
1184.398,-46.612,-68.987,13.14379,-0.69602,2.85526
1184.938,-46.563,-70.152,15.11607,1.27626,2.84250
1185.484,-46.647,-68.844,12.87824,-0.96157,2.85211
1185.924,-46.583,-70.407,15.52947,1.68967,2.83522
1186.360,-46.672,-69.617,14.03628,0.19648,2.83325
1186.905,-46.703,-69.575,13.91874,0.07893,2.83246
1187.344,-46.691,-68.960,12.98534,-0.85446,2.84101
1187.780,-46.641,-69.082,13.24525,-0.59456,2.84695
1188.323,-46.601,-69.351,13.72496,-0.11485,2.84810
1188.871,-46.596,-69.939,14.69336,0.85355,2.83956
1189.311,-46.700,-68.996,13.02545,-0.81436,2.84771
1189.744,-46.619,-70.074,14.88362,1.04382,2.83727
1190.300,-46.692,-69.474,13.77541,-0.06440,2.83791
1190.736,-46.681,-70.149,14.90780,1.06800,2.82723
1191.277,-46.753,-70.292,15.02921,1.18940,2.81534
1191.827,-46.847,-69.615,13.75263,-0.08718,2.81621
1192.478,-46.844,-69.053,12.89527,-0.94453,2.82566
1193.034,-46.750,-70.072,14.65933,0.81952,2.81746
1193.607,-46.826,-69.940,14.31241,0.47261,2.81274
1194.122,-46.844,-69.772,14.00909,0.16929,2.81104
1194.728,-46.852,-69.643,13.78972,-0.05009,2.81154
1195.242,-46.858,-68.858,12.58926,-1.25055,2.82405
1195.663,-46.788,-68.959,12.83976,-1.00004,2.83405
1196.098,-46.706,-69.042,13.08614,-0.75367,2.84159
1196.527,-46.672,-69.118,13.25310,-0.58671,2.84745
1197.080,-46.620,-69.042,13.21719,-0.62262,2.85368
1197.498,-46.559,-69.619,14.22315,0.38334,2.84985
1198.051,-46.567,-68.957,13.16676,-0.67305,2.85658
1198.589,-46.544,-68.790,12.95071,-0.88909,2.86547
1199.216,-46.465,-68.971,13.34448,-0.49532,2.87042
1199.689,-46.435,-70.061,15.18045,1.34065,2.85701
1200.124,-46.529,-70.335,15.49821,1.65841,2.84043
1200.751,-46.645,-69.652,14.13702,0.29721,2.83746
1201.220,-46.670,-70.441,15.43679,1.59698,2.82149
1201.659,-46.783,-68.788,12.59755,-1.24226,2.83391
1202.290,-46.707,-69.344,13.54666,-0.29315,2.83684
1202.900,-46.663,-69.300,13.54767,-0.29213,2.83976
1203.516,-46.652,-70.094,14.86281,1.02301,2.82953
1204.140,-46.720,-69.064,13.09831,-0.74150,2.83695
1204.608,-46.661,-69.012,13.10881,-0.73100,2.84426
1205.050,-46.627,-68.981,13.11347,-0.72633,2.85152
1205.485,-46.571,-69.964,14.77862,0.93881,2.84213
1205.918,-46.643,-70.132,14.94449,1.10468,2.83109
1206.467,-46.715,-68.644,12.48669,-1.35312,2.84462
1206.912,-46.601,-69.544,14.03290,0.19310,2.84269
1207.338,-46.649,-69.450,13.80525,-0.03456,2.84303
1207.781,-46.624,-69.167,13.40075,-0.43906,2.84742
1208.515,-46.603,-69.013,13.19809,-0.64171,2.85384
1209.122,-46.526,-69.749,14.49189,0.65208,2.84732
1209.531,-46.598,-70.168,15.08332,1.24351,2.83488
1209.970,-46.692,-68.828,12.78717,-1.05264,2.84541
1210.408,-46.617,-70.210,15.12292,1.28311,2.83258
1210.996,-46.707,-69.050,13.09584,-0.74397,2.84002
1211.400,-46.656,-69.113,13.26853,-0.57128,2.84573
1211.831,-46.601,-70.100,14.96128,1.12147,2.83452
1212.377,-46.691,-69.100,13.19640,-0.64340,2.84095
1212.937,-46.650,-70.172,15.00006,1.16026,2.82935
1213.546,-46.746,-69.116,13.13620,-0.70361,2.83639
1214.167,-46.681,-70.215,15.02143,1.18162,2.82457
1214.669,-46.773,-70.187,14.81638,0.97657,2.81480
1215.294,-46.836,-69.803,14.07079,0.23098,2.81249
1215.910,-46.857,-70.004,14.36637,0.52656,2.80723
1216.621,-46.892,-68.756,12.39375,-1.44606,2.82169
1217.241,-46.785,-69.813,14.17026,0.33045,2.81838
1217.637,-46.802,-69.352,13.41125,-0.42856,2.82267
1218.167,-46.786,-69.253,13.28413,-0.55567,2.82823
1218.601,-46.741,-69.414,13.60310,-0.23670,2.83059
1219.189,-46.701,-69.507,13.81285,-0.02695,2.83086
1219.593,-46.695,-69.699,14.13229,0.29248,2.82794
1220.170,-46.728,-69.742,14.14859,0.30878,2.82485
1220.724,-46.755,-69.201,13.25271,-0.58709,2.83072
1221.333,-46.708,-69.645,14.02246,0.18266,2.82889
1221.783,-46.709,-70.040,14.67531,0.83550,2.82054
1222.212,-46.774,-69.338,13.43310,-0.40671,2.82461
1222.657,-46.744,-69.077,13.08167,-0.75814,2.83219
1223.098,-46.722,-69.297,13.45064,-0.38916,2.83608
1223.532,-46.704,-68.893,12.86627,-0.97354,2.84582
1223.970,-46.593,-69.835,14.52431,0.68451,2.83897
1224.421,-46.658,-69.002,13.09800,-0.74181,2.84639
1224.846,-46.589,-69.878,14.60415,0.76435,2.83874
1225.434,-46.667,-69.171,13.34234,-0.49747,2.84372
1225.932,-46.640,-69.205,13.43396,-0.40585,2.84778
1226.375,-46.595,-69.187,13.47623,-0.36358,2.85141
1226.807,-46.570,-69.363,13.79251,-0.04730,2.85189
1227.358,-46.576,-69.453,13.92754,0.08774,2.85101
1227.991,-46.574,-69.614,14.18959,0.34978,2.84751
1228.609,-46.594,-68.983,13.16658,-0.67322,2.85424
1229.015,-46.528,-69.190,13.58568,-0.25412,2.85678
1229.430,-46.522,-68.829,13.04201,-0.79779,2.86476
1230.137,-46.436,-70.287,15.58055,1.74075,2.84736
1230.538,-46.576,-69.171,13.48037,-0.35944,2.85095
1230.973,-46.562,-69.988,14.83447,0.99466,2.84100
1231.407,-46.620,-69.048,13.22475,-0.61506,2.84715
1231.980,-46.593,-69.007,13.20401,-0.63579,2.85351
1232.594,-46.555,-69.335,13.77229,-0.06751,2.85419
1233.213,-46.537,-69.057,13.36555,-0.47426,2.85893
1233.726,-46.502,-69.883,14.75877,0.91897,2.84974
1234.457,-46.562,-69.738,14.41527,0.57547,2.84399
1234.908,-46.612,-69.031,13.21124,-0.62856,2.85027
1235.453,-46.570,-68.802,12.92951,-0.91029,2.85937
1235.893,-46.510,-69.368,13.89620,0.05639,2.85881
1236.322,-46.512,-69.915,14.79691,0.95711,2.84924
1236.879,-46.557,-69.986,14.84021,1.00040,2.83923
1237.508,-46.663,-69.355,13.63396,-0.20585,2.84129
1237.969,-46.637,-69.944,14.63444,0.79463,2.83335
1238.408,-46.678,-68.994,13.05618,-0.78363,2.84118
1238.845,-46.658,-68.985,13.07280,-0.76700,2.84885
1239.390,-46.560,-69.278,13.67324,-0.16657,2.85052
1239.833,-46.556,-69.540,14.10032,0.26052,2.84791
1240.491,-46.574,-69.367,13.79222,-0.04759,2.84839
1241.078,-46.592,-69.421,13.84953,0.00972,2.84829
1241.577,-46.572,-70.317,15.39079,1.55099,2.83278
1242.127,-46.670,-69.445,13.76366,-0.07614,2.83354
1242.674,-46.673,-69.315,13.55535,-0.28446,2.83639
1243.216,-46.645,-68.929,13.00787,-0.83194,2.84471
1243.652,-46.601,-69.858,14.54911,0.70931,2.83761
1244.094,-46.636,-69.266,13.53621,-0.30359,2.84065
1244.546,-46.605,-69.066,13.27461,-0.56520,2.84630
1245.096,-46.587,-69.249,13.58590,-0.25391,2.84884
1245.518,-46.557,-70.358,15.48994,1.65013,2.83234
1246.118,-46.678,-68.995,13.05636,-0.78344,2.84017
1246.522,-46.650,-68.832,12.85645,-0.98335,2.85001
1247.241,-46.549,-69.084,13.38881,-0.45100,2.85452
1247.851,-46.522,-69.818,14.61488,0.77507,2.84677
1248.356,-46.616,-69.223,13.50103,-0.33878,2.85016
1248.798,-46.551,-69.428,13.92546,0.08566,2.84930
1249.389,-46.564,-69.315,13.72585,-0.11396,2.85044
1249.796,-46.547,-69.571,14.16475,0.32494,2.84719
1250.214,-46.583,-70.012,14.84045,1.00065,2.83718
1250.829,-46.666,-70.093,14.83622,0.99641,2.82722
1251.424,-46.700,-69.860,14.38925,0.54944,2.82172
1251.969,-46.759,-68.790,12.63448,-1.20532,2.83378
1252.407,-46.686,-69.201,13.35840,-0.48141,2.83859
1252.955,-46.648,-68.994,13.10058,-0.73922,2.84598
1253.383,-46.575,-68.972,13.17812,-0.66169,2.85260
1253.823,-46.545,-69.030,13.31185,-0.52796,2.85788
1254.374,-46.499,-69.545,14.19920,0.35939,2.85429
1254.814,-46.513,-69.062,13.41113,-0.42867,2.85857
1255.434,-46.510,-69.296,13.78176,-0.05805,2.85915
1255.906,-46.480,-69.130,13.56815,-0.27165,2.86187
1256.458,-46.450,-69.263,13.82367,-0.01613,2.86203
1256.994,-46.466,-69.957,14.94660,1.10679,2.85096
1257.431,-46.560,-70.050,14.94576,1.10595,2.83990
1257.991,-46.647,-70.194,15.04501,1.20520,2.82785
1258.415,-46.717,-70.325,15.15095,1.31115,2.81474
1258.861,-46.809,-69.317,13.34705,-0.49276,2.81967
1259.303,-46.780,-70.018,14.51838,0.67858,2.81288
1259.848,-46.835,-70.451,15.16391,1.32410,2.79964
1260.273,-46.928,-70.000,14.24196,0.40216,2.79562
1260.728,-46.956,-68.914,12.52868,-1.31112,2.80873
1261.159,-46.852,-68.545,12.15109,-1.68871,2.82562
1261.596,-46.717,-69.058,13.09302,-0.74679,2.83309
1262.198,-46.661,-69.999,14.68527,0.84546,2.82463
1262.593,-46.751,-70.119,14.73696,0.89716,2.81566
1263.215,-46.805,-69.058,12.96003,-0.87977,2.82446
1263.935,-46.733,-69.140,13.19333,-0.64648,2.83092
1264.335,-46.684,-69.199,13.35795,-0.48185,2.83574
1264.753,-46.649,-69.922,14.57597,0.73617,2.82838
1265.203,-46.690,-69.202,13.35473,-0.48507,2.83323
1265.754,-46.649,-70.066,14.82033,0.98053,2.82342
1266.298,-46.736,-69.432,13.64022,-0.19958,2.82542
1266.900,-46.725,-69.084,13.12077,-0.71904,2.83261
1267.410,-46.678,-69.576,13.96045,0.12065,2.83140
1267.936,-46.680,-68.930,12.95702,-0.88279,2.84023
1268.373,-46.627,-69.745,14.31807,0.47827,2.83545
1268.947,-46.652,-70.364,15.33242,1.49261,2.82052
1269.563,-46.791,-69.437,13.56210,-0.27771,2.82330
1270.179,-46.748,-69.725,14.08791,0.24810,2.82082
1270.686,-46.761,-69.705,14.03350,0.19370,2.81888
1271.298,-46.806,-70.234,14.83871,0.99891,2.80889
1271.921,-46.869,-68.975,12.74380,-1.09600,2.81985
1272.431,-46.777,-69.268,13.32117,-0.51863,2.82504
1272.966,-46.730,-69.724,14.11469,0.27488,2.82229
1273.516,-46.751,-69.712,14.06242,0.22261,2.82006
1273.955,-46.752,-70.222,14.91056,1.07075,2.80936
1274.494,-46.875,-70.065,14.43768,0.59788,2.80338
1274.939,-46.890,-68.811,12.47471,-1.36510,2.81703
1275.506,-46.789,-68.661,12.40557,-1.43424,2.83137
1275.919,-46.715,-68.977,12.97503,-0.86477,2.84002
1276.622,-46.643,-69.196,13.41608,-0.42373,2.84426
1277.154,-46.591,-68.733,12.79696,-1.04284,2.85468
1277.754,-46.526,-69.259,13.69751,-0.14230,2.85611
1278.217,-46.499,-69.015,13.36029,-0.47951,2.86090
1278.654,-46.467,-69.869,14.79425,0.95444,2.85136
1279.198,-46.530,-70.282,15.40308,1.56327,2.83573
1279.812,-46.649,-69.949,14.62318,0.78337,2.82789
1280.295,-46.704,-68.881,12.84915,-0.99065,2.83780
1280.733,-46.632,-69.575,14.03377,0.19397,2.83586
1281.171,-46.646,-69.216,13.44333,-0.39648,2.83982
1281.600,-46.650,-69.651,14.12637,0.28657,2.83696
1282.158,-46.647,-68.776,12.77884,-1.06096,2.84757
1282.588,-46.581,-68.923,13.09546,-0.74435,2.85501
1283.025,-46.505,-69.125,13.51981,-0.32000,2.85821
1283.584,-46.508,-69.708,14.45359,0.61379,2.85207
1284.016,-46.522,-70.324,15.49072,1.65091,2.83556
1284.450,-46.659,-69.241,13.46163,-0.37818,2.83935
1284.883,-46.629,-69.891,14.55835,0.71855,2.83216
1285.320,-46.693,-70.417,15.35260,1.51279,2.81703
1285.759,-46.788,-69.103,13.05384,-0.78597,2.82489
1286.352,-46.725,-69.011,13.01119,-0.82861,2.83318
1286.868,-46.677,-69.162,13.31217,-0.52763,2.83845
1287.490,-46.622,-69.199,13.45364,-0.38616,2.84232
1288.061,-46.606,-70.163,15.06025,1.22045,2.83011
1288.491,-46.684,-69.031,13.10211,-0.73770,2.83749
1288.924,-46.636,-69.592,14.05520,0.21540,2.83533
1289.377,-46.657,-69.132,13.29674,-0.54307,2.84077
1289.946,-46.620,-70.079,14.89273,1.05292,2.83024
1290.554,-46.677,-69.960,14.59236,0.75256,2.82271
1291.168,-46.743,-69.162,13.21138,-0.62842,2.82900
1291.680,-46.687,-69.328,13.55438,-0.28543,2.83185
1292.103,-46.665,-69.735,14.23921,0.39940,2.82786
1292.653,-46.710,-70.186,14.92142,1.08162,2.81704
1293.086,-46.773,-69.595,13.83850,-0.00131,2.81705
1293.684,-46.762,-69.061,13.03000,-0.80980,2.82515
1294.243,-46.713,-69.761,14.20397,0.36416,2.82151
1294.638,-46.752,-69.003,12.95884,-0.88097,2.83032
1295.168,-46.687,-69.887,14.45454,0.61473,2.82417
1295.613,-46.733,-69.915,14.42428,0.58447,2.81833
1296.046,-46.764,-68.973,12.89593,-0.94388,2.82777
1296.476,-46.705,-69.069,13.12765,-0.71215,2.83489
1296.918,-46.645,-69.318,13.60484,-0.23497,2.83724
1297.511,-46.641,-69.306,13.59230,-0.24751,2.83971
1298.031,-46.603,-69.700,14.28417,0.44436,2.83527
1298.560,-46.631,-69.536,13.97057,0.13077,2.83396
1299.100,-46.664,-69.581,13.99087,0.15106,2.83245
1299.663,-46.656,-70.057,14.79209,0.95228,2.82293
1300.096,-46.733,-70.056,14.65980,0.81999,2.81473
1300.533,-46.775,-70.023,14.53477,0.69497,2.80778
1301.101,-46.822,-68.657,12.35248,-1.48733,2.82265
1301.618,-46.698,-70.157,14.89201,1.05220,2.81213
1302.057,-46.784,-68.753,12.54429,-1.29552,2.82508
1302.491,-46.718,-69.095,13.14795,-0.69186,2.83200
1302.940,-46.660,-69.964,14.62791,0.78810,2.82412
1303.377,-46.686,-70.136,14.87570,1.03589,2.81376
1303.922,-46.782,-69.759,14.08911,0.24931,2.81127
1304.462,-46.825,-68.936,12.75122,-1.08859,2.82215
1304.899,-46.728,-69.846,14.31906,0.47925,2.81736
1305.507,-46.745,-68.710,12.53923,-1.30058,2.83037
1305.916,-46.681,-69.144,13.27851,-0.56129,2.83598
1306.529,-46.629,-69.146,13.36180,-0.47801,2.84076
1307.148,-46.584,-70.118,15.02098,1.18118,2.82895
1307.658,-46.670,-69.035,13.12951,-0.71029,2.83605
1308.276,-46.622,-69.743,14.32360,0.48379,2.83121
1308.842,-46.669,-69.794,14.32974,0.48994,2.82631
1309.277,-46.696,-68.696,12.58835,-1.25145,2.83883
1309.704,-46.620,-70.166,15.04057,1.20076,2.82682
1310.154,-46.667,-70.054,14.76974,0.92993,2.81752
1310.699,-46.767,-70.234,14.90695,1.06715,2.80685
1311.343,-46.811,-69.428,13.51685,-0.32296,2.81008
1311.964,-46.819,-69.065,12.95123,-0.88857,2.81897
1312.463,-46.728,-69.760,14.17830,0.33849,2.81558
1312.884,-46.765,-70.088,14.66048,0.82067,2.80737
1313.319,-46.843,-68.780,12.49850,-1.34131,2.82079
1313.867,-46.734,-69.470,13.70165,-0.13815,2.82217
1314.516,-46.720,-69.062,13.09552,-0.74428,2.82961
1314.962,-46.673,-70.183,14.97956,1.13976,2.81821
1315.399,-46.757,-68.818,12.67805,-1.16176,2.82983
1315.841,-46.643,-70.326,15.28126,1.44146,2.81542
1316.279,-46.745,-68.907,12.82727,-1.01253,2.82554
1316.957,-46.705,-69.014,13.04512,-0.79469,2.83349
1317.369,-46.638,-68.647,12.60277,-1.23704,2.84586
1317.812,-46.551,-70.047,14.95613,1.11633,2.83470
1318.355,-46.624,-68.734,12.75042,-1.08938,2.84559
1318.900,-46.544,-68.951,13.19401,-0.64579,2.85205
1319.338,-46.514,-69.140,13.53064,-0.30916,2.85514
1319.777,-46.485,-69.955,14.91044,1.07063,2.84443
1320.221,-46.556,-69.000,13.24982,-0.58998,2.85033
1320.656,-46.520,-69.447,14.00757,0.16777,2.84866
1321.279,-46.534,-69.965,14.84319,1.00339,2.83862
1321.890,-46.596,-69.917,14.65816,0.81835,2.83044
1322.509,-46.663,-68.813,12.80774,-1.03206,2.84076
1323.115,-46.586,-69.971,14.76484,0.92503,2.83151
1323.517,-46.658,-70.215,15.06157,1.22176,2.81929
1323.939,-46.740,-70.157,14.82130,0.98150,2.80948
1324.545,-46.822,-68.768,12.51109,-1.32872,2.82276
1325.064,-46.712,-69.998,14.59924,0.75944,2.81517
1325.578,-46.764,-69.993,14.50400,0.66419,2.80853
1326.191,-46.822,-69.915,14.27722,0.43741,2.80415
1326.777,-46.833,-69.808,14.08526,0.24546,2.80170
1327.219,-46.862,-69.003,12.79564,-1.04417,2.81214
1327.646,-46.780,-69.932,14.37595,0.53615,2.80678
1328.089,-46.820,-69.339,13.36531,-0.47450,2.81152
1328.528,-46.780,-69.218,13.23944,-0.60036,2.81753
1328.962,-46.746,-68.939,12.87153,-0.96828,2.82721
1329.402,-46.697,-70.007,14.63973,0.79992,2.81921
1329.836,-46.740,-69.683,14.03314,0.19334,2.81728
1330.489,-46.758,-69.183,13.21992,-0.61989,2.82348
1330.937,-46.713,-69.360,13.56267,-0.27714,2.82625
1331.372,-46.676,-69.159,13.30922,-0.53059,2.83155
1331.810,-46.649,-69.859,14.47220,0.63239,2.82523
1332.431,-46.695,-68.661,12.53993,-1.29987,2.83823
1332.902,-46.610,-69.389,13.77105,-0.06876,2.83892
1333.341,-46.583,-70.270,15.28767,1.44786,2.82444
1333.884,-46.714,-68.955,12.94363,-0.89618,2.83340
1334.320,-46.643,-69.354,13.66304,-0.17676,2.83517
1334.874,-46.648,-70.063,14.81627,0.97647,2.82540
1335.428,-46.692,-69.737,14.19996,0.36015,2.82180
1335.851,-46.693,-69.575,13.93436,0.09455,2.82086
1336.431,-46.709,-70.058,14.70473,0.86492,2.81221
1337.048,-46.762,-69.888,14.33155,0.49175,2.80729
1337.657,-46.801,-68.672,12.40399,-1.43582,2.82165
1338.166,-46.711,-69.978,14.56655,0.72674,2.81438
1338.690,-46.756,-69.062,13.04133,-0.79848,2.82236
1339.138,-46.694,-70.174,14.92787,1.08807,2.81148
1339.709,-46.782,-69.807,14.16623,0.32642,2.80822
1340.120,-46.823,-68.855,12.63458,-1.20522,2.82027
1340.728,-46.723,-69.894,14.40661,0.56680,2.81460
1341.239,-46.748,-68.850,12.73805,-1.10175,2.82562
1341.763,-46.685,-68.880,12.87602,-0.96379,2.83526
1342.313,-46.612,-69.548,14.02166,0.18185,2.83344
1342.749,-46.638,-69.439,13.80461,-0.03520,2.83379
1343.181,-46.631,-69.028,13.17841,-0.66139,2.84041
1343.825,-46.569,-69.823,14.54431,0.70450,2.83336
1344.272,-46.616,-69.195,13.45849,-0.38132,2.83717
1344.711,-46.592,-69.171,13.45771,-0.38209,2.84100
1345.156,-46.583,-69.046,13.27853,-0.56127,2.84661
1345.593,-46.508,-69.501,14.11421,0.27441,2.84386
1346.021,-46.533,-69.102,13.44235,-0.39746,2.84784
1346.665,-46.511,-70.317,15.49827,1.65846,2.83125
1347.127,-46.647,-70.111,14.90096,1.06116,2.82064
1347.690,-46.709,-70.109,14.79273,0.95292,2.81111
1348.311,-46.775,-69.592,13.83109,-0.00872,2.81120
1348.872,-46.789,-70.111,14.65874,0.81894,2.80301
1349.417,-46.839,-69.889,14.20727,0.36746,2.79934
1349.855,-46.852,-68.923,12.69154,-1.14827,2.81082
1350.458,-46.790,-69.043,12.96110,-0.87871,2.81961
1350.864,-46.733,-69.437,13.65172,-0.18809,2.82149
1351.276,-46.705,-69.241,13.39178,-0.44803,2.82597
1351.716,-46.688,-68.846,12.81996,-1.01985,2.83617
1352.166,-46.576,-69.236,13.58406,-0.25574,2.83872
1352.594,-46.579,-68.779,12.88206,-0.95774,2.84830
1353.233,-46.538,-68.845,13.04113,-0.79868,2.85629
1353.844,-46.450,-69.831,14.75805,0.91824,2.84710
1354.341,-46.532,-69.517,14.09952,0.25971,2.84451
1354.967,-46.555,-69.160,13.49778,-0.34203,2.84793
1355.435,-46.535,-69.241,13.65548,-0.18433,2.84977
1355.991,-46.533,-69.051,13.36289,-0.47692,2.85454
1356.426,-46.456,-69.497,14.19311,0.35330,2.85101
1356.965,-46.501,-69.387,13.94114,0.10133,2.84999
1357.405,-46.520,-70.206,15.28532,1.44552,2.83554
1357.847,-46.613,-68.786,12.84145,-0.99835,2.84552
1358.277,-46.533,-69.681,14.36806,0.52826,2.84024
1358.912,-46.590,-68.773,12.85737,-0.98243,2.85006
1359.365,-46.483,-69.445,14.06482,0.22502,2.84781
1359.986,-46.530,-69.111,13.45974,-0.38006,2.85161
1360.580,-46.504,-69.666,14.39190,0.55209,2.84609
1361.212,-46.524,-70.303,15.45036,1.61056,2.82999
1361.833,-46.636,-70.044,14.80516,0.96536,2.82033
1362.243,-46.718,-70.240,15.00114,1.16134,2.80872
1362.661,-46.782,-70.005,14.49191,0.65210,2.80220
1363.088,-46.822,-69.157,13.08504,-0.75476,2.80975
1363.531,-46.803,-69.080,12.99756,-0.84225,2.81817
1363.966,-46.722,-68.982,12.97232,-0.86749,2.82685
1364.589,-46.660,-69.868,14.46849,0.62868,2.82056
1365.055,-46.694,-69.464,13.75571,-0.08409,2.82140
1365.619,-46.688,-69.698,14.14220,0.30239,2.81838
1366.246,-46.734,-69.921,14.43236,0.59255,2.81245
1366.866,-46.761,-69.895,14.34414,0.50434,2.80741
1367.457,-46.800,-69.874,14.24615,0.40635,2.80334
1368.072,-46.823,-69.143,13.06119,-0.77861,2.81113
1368.692,-46.770,-70.128,14.71916,0.87936,2.80234
1369.112,-46.799,-69.940,14.35664,0.51683,2.79717
1369.715,-46.868,-69.856,14.10513,0.26532,2.79451
1370.227,-46.896,-70.096,14.45432,0.61452,2.78837
1370.840,-46.915,-68.586,12.12198,-1.71783,2.80555
1371.452,-46.818,-69.948,14.33757,0.49777,2.80057
1371.863,-46.842,-69.213,13.13896,-0.70085,2.80758
1372.391,-46.803,-68.923,12.76427,-1.07554,2.81833
1372.822,-46.726,-69.722,14.11919,0.27938,2.81554
1373.259,-46.693,-69.459,13.74959,-0.09021,2.81644
1373.795,-46.725,-69.173,13.25583,-0.58397,2.82228
1374.354,-46.679,-69.023,13.09844,-0.74137,2.82970
1374.791,-46.643,-69.342,13.64423,-0.19558,2.83165
1375.340,-46.637,-69.081,13.24992,-0.58988,2.83755
1375.885,-46.615,-69.013,13.18004,-0.65977,2.84415
1376.327,-46.532,-69.033,13.33728,-0.50253,2.84917
1376.871,-46.505,-69.172,13.59398,-0.24582,2.85163
1377.490,-46.485,-70.427,15.74406,1.90426,2.83259
1377.998,-46.589,-70.035,14.86861,1.02880,2.82230
1378.399,-46.707,-69.318,13.50676,-0.33304,2.82563
1378.831,-46.685,-69.020,13.08301,-0.75680,2.83320
1379.275,-46.630,-69.454,13.84225,0.00244,2.83317
1379.930,-46.616,-70.299,15.28047,1.44067,2.81877
1380.369,-46.729,-68.920,12.86912,-0.97068,2.82847
1380.919,-46.628,-69.128,13.33570,-0.50411,2.83352
1381.481,-46.602,-69.832,14.50423,0.66443,2.82687
1381.900,-46.662,-69.645,14.09783,0.25802,2.82429
1382.510,-46.666,-69.019,13.11164,-0.72816,2.83157
1383.023,-46.606,-68.851,12.94884,-0.89097,2.84048
1383.637,-46.562,-69.446,13.93794,0.09813,2.83950
1384.255,-46.591,-70.205,15.15977,1.31996,2.82630
1384.861,-46.658,-69.845,14.43259,0.59278,2.82037
1385.291,-46.699,-69.391,13.63268,-0.20712,2.82244
1385.727,-46.680,-70.191,14.98141,1.14160,2.81103
1386.303,-46.772,-68.828,12.67023,-1.16957,2.82272
1386.806,-46.686,-70.446,15.41662,1.57681,2.80696
1387.364,-46.785,-69.217,13.23152,-0.60829,2.81304
1387.804,-46.764,-70.140,14.74980,0.91000,2.80394
1388.459,-46.840,-69.229,13.16580,-0.67401,2.81068
1388.902,-46.769,-69.343,13.44877,-0.39104,2.81459
1389.470,-46.745,-70.186,14.86123,1.02143,2.80438
1390.086,-46.789,-69.147,13.11912,-0.72069,2.81158
1390.653,-46.786,-69.984,14.45064,0.61084,2.80547
1391.087,-46.811,-69.944,14.34407,0.50426,2.80043
1391.526,-46.835,-69.613,13.76857,-0.07123,2.80114
1391.964,-46.828,-70.252,14.83164,0.99183,2.79123
1392.401,-46.912,-69.008,12.72993,-1.10988,2.80232
1393.059,-46.832,-69.899,14.23332,0.39351,2.79839
1393.672,-46.843,-68.809,12.54074,-1.29906,2.81138
1394.186,-46.761,-70.162,14.79362,0.95381,2.80184
1394.592,-46.843,-68.896,12.66616,-1.17365,2.81358
1395.023,-46.744,-69.075,13.07789,-0.76192,2.82120
1395.621,-46.688,-69.120,13.23023,-0.60958,2.82729
1396.026,-46.661,-70.351,15.29239,1.45258,2.81277
1396.448,-46.756,-69.359,13.49405,-0.34576,2.81622
1397.046,-46.710,-68.923,12.90252,-0.93728,2.82560
1397.442,-46.669,-70.135,14.90418,1.06437,2.81495
1397.977,-46.718,-68.831,12.75450,-1.08530,2.82581
1398.418,-46.648,-69.597,14.04194,0.20214,2.82379
1398.847,-46.660,-68.859,12.88221,-0.95760,2.83336
1399.499,-46.579,-70.204,15.17925,1.33944,2.81997
1400.119,-46.696,-69.466,13.75556,-0.08425,2.82081
1400.644,-46.677,-68.940,12.97677,-0.86304,2.82944
1401.039,-46.592,-70.071,14.92556,1.08575,2.81858
1401.476,-46.709,-68.898,12.86619,-0.97362,2.82832
1401.919,-46.612,-70.135,15.00190,1.16209,2.81670
1402.451,-46.700,-68.986,13.01105,-0.82876,2.82499
1402.897,-46.630,-68.815,12.85978,-0.98003,2.83479
1403.329,-46.573,-68.982,13.19640,-0.64340,2.84122
1403.775,-46.540,-70.107,15.07950,1.23970,2.82882
1404.509,-46.616,-69.100,13.31162,-0.52818,2.83410
1405.087,-46.581,-68.817,12.93549,-0.90432,2.84315
1405.525,-46.514,-68.739,12.92030,-0.91951,2.85234
1405.952,-46.448,-69.464,14.15118,0.31138,2.84923
1406.399,-46.486,-70.055,15.08225,1.24244,2.83680
1406.835,-46.548,-70.138,15.11918,1.27937,2.82401
1407.265,-46.637,-70.096,14.89172,1.05191,2.81349
1407.697,-46.706,-70.054,14.70289,0.86308,2.80486
1408.144,-46.797,-68.721,12.48034,-1.35947,2.81846
1408.586,-46.684,-69.657,14.08140,0.24160,2.81604
1409.019,-46.698,-69.999,14.62436,0.78455,2.80819
1409.567,-46.759,-68.512,12.23601,-1.60380,2.82423
1410.111,-46.649,-69.243,13.48094,-0.35886,2.82782
1410.739,-46.616,-70.010,14.78013,0.94033,2.81842
1411.215,-46.678,-68.646,12.54274,-1.29706,2.83139
1411.758,-46.585,-70.136,15.05078,1.21097,2.81928
1412.305,-46.665,-69.487,13.83788,-0.00192,2.81930
1412.857,-46.688,-70.238,15.04836,1.20855,2.80721
1413.291,-46.774,-69.784,14.14222,0.30242,2.80419
1413.840,-46.794,-69.714,13.99451,0.15470,2.80264
1414.276,-46.800,-69.470,13.59878,-0.24102,2.80505
1414.712,-46.808,-69.143,13.08486,-0.75494,2.81260
1415.150,-46.750,-68.977,12.92388,-0.91592,2.82176
1415.705,-46.690,-69.873,14.42593,0.58612,2.81590
1416.130,-46.715,-70.029,14.64507,0.80527,2.80785
1416.711,-46.767,-68.836,12.68978,-1.15003,2.81935
1417.121,-46.705,-70.056,14.70804,0.86824,2.81066
1417.665,-46.742,-69.416,13.60503,-0.23477,2.81301
1418.215,-46.745,-69.965,14.48810,0.64830,2.80653
1418.647,-46.781,-69.926,14.36339,0.52358,2.80129
1419.197,-46.798,-70.157,14.72181,0.88201,2.79247
1419.885,-46.874,-68.898,12.62356,-1.21625,2.80463
1420.403,-46.792,-69.200,13.19497,-0.64483,2.81108
1420.837,-46.749,-68.927,12.84889,-0.99091,2.82099
1421.424,-46.659,-68.817,12.82155,-1.01826,2.83117
1421.826,-46.581,-70.152,15.08515,1.24535,2.81872
1422.371,-46.682,-68.773,12.72265,-1.11715,2.82989
1422.804,-46.614,-69.107,13.32448,-0.51533,2.83505
1423.350,-46.573,-69.237,13.58908,-0.25073,2.83755
1423.899,-46.574,-68.722,12.80573,-1.03408,2.84789
1424.491,-46.487,-69.509,14.16021,0.32040,2.84469
1424.900,-46.507,-70.101,15.12497,1.28517,2.83184
1425.430,-46.574,-68.919,13.09979,-0.74002,2.83924
1425.864,-46.548,-69.211,13.58711,-0.25270,2.84177
1426.467,-46.538,-70.087,15.04851,1.20870,2.82968
1426.872,-46.623,-69.749,14.33183,0.49203,2.82476
1427.402,-46.637,-69.481,13.87491,0.03511,2.82441
1427.832,-46.640,-69.811,14.40573,0.56593,2.81875
1428.276,-46.707,-70.338,15.18922,1.34942,2.80525
1428.980,-46.773,-68.749,12.55532,-1.28449,2.81810
1429.382,-46.680,-68.921,12.94393,-0.89587,2.82706
1430.027,-46.606,-69.970,14.73061,0.89080,2.81815
1430.569,-46.700,-69.149,13.25821,-0.58160,2.82397
1431.154,-46.656,-69.078,13.21623,-0.62357,2.83020
1431.769,-46.623,-69.381,13.73793,-0.10187,2.83122
1432.407,-46.609,-68.757,12.80518,-1.03463,2.84157
1432.992,-46.532,-69.426,13.95441,0.11460,2.84042
1433.415,-46.548,-69.032,13.31206,-0.52775,2.84570
1433.856,-46.495,-68.983,13.31685,-0.52296,2.85093
1434.406,-46.458,-70.081,15.17692,1.33711,2.83756
1434.832,-46.588,-70.077,14.94355,1.10374,2.82652
1435.276,-46.613,-69.708,14.28115,0.44134,2.82211
1435.913,-46.662,-69.586,14.00143,0.16163,2.82049
1436.367,-46.676,-70.268,15.12113,1.28132,2.80768
1437.091,-46.768,-69.459,13.63182,-0.20798,2.80976
1437.593,-46.744,-69.166,13.21543,-0.62438,2.81600
1438.210,-46.698,-69.415,13.67288,-0.16692,2.81767
1438.832,-46.690,-69.068,13.14862,-0.69118,2.82458
1439.327,-46.624,-68.862,12.93885,-0.90095,2.83359
1439.955,-46.568,-70.014,14.86874,1.02894,2.82330
1440.501,-46.636,-68.993,13.11746,-0.72235,2.83052
1441.080,-46.588,-69.415,13.84619,0.00638,2.83046
1441.509,-46.586,-69.337,13.72752,-0.11228,2.83158
1441.945,-46.574,-68.802,12.92284,-0.91696,2.84075
1442.388,-46.519,-70.180,15.24169,1.40188,2.82673
1442.827,-46.617,-69.991,14.74681,0.90701,2.81766
1443.249,-46.663,-68.985,13.06471,-0.77510,2.82542
1443.694,-46.633,-69.000,13.13308,-0.70672,2.83248
1444.254,-46.583,-69.855,14.57331,0.73350,2.82515
1444.885,-46.628,-69.979,14.70769,0.86789,2.81647
1445.484,-46.666,-69.867,14.45521,0.61541,2.81031
1445.889,-46.738,-68.806,12.68707,-1.15274,2.82184
1446.509,-46.639,-69.763,14.32809,0.48828,2.81696
1446.978,-46.666,-69.834,14.40172,0.56191,2.81134
1447.417,-46.715,-68.841,12.77266,-1.06714,2.82201
1448.054,-46.639,-68.983,13.09741,-0.74240,2.82944
1448.679,-46.580,-69.747,14.39830,0.55849,2.82385
1449.280,-46.614,-69.118,13.34106,-0.49875,2.82884
1449.711,-46.586,-69.109,13.36997,-0.46984,2.83354
1450.149,-46.567,-69.544,14.08791,0.24810,2.83106
1450.587,-46.589,-69.004,13.20629,-0.63352,2.83739
1451.021,-46.557,-69.724,14.39880,0.55899,2.83180
1451.638,-46.553,-69.925,14.74249,0.90269,2.82277
1452.114,-46.619,-69.653,14.18134,0.34154,2.81936
1452.755,-46.665,-69.538,13.92119,0.08138,2.81854
1453.407,-46.670,-69.808,14.35146,0.51165,2.81343
1453.864,-46.709,-69.648,14.02694,0.18713,2.81156
1454.413,-46.718,-69.871,14.37670,0.53689,2.80619
1454.861,-46.740,-69.028,13.01464,-0.82517,2.81444
1455.291,-46.681,-69.108,13.22365,-0.61616,2.82060
1455.931,-46.679,-69.555,13.92552,0.08571,2.81974
1456.495,-46.660,-69.198,13.39414,-0.44566,2.82420
1456.932,-46.635,-69.291,13.57652,-0.26329,2.82683
1457.358,-46.611,-70.318,15.32401,1.48420,2.81199
1457.805,-46.705,-69.225,13.36643,-0.47337,2.81672
1458.351,-46.671,-70.288,15.16537,1.32557,2.80347
1458.900,-46.750,-69.945,14.44566,0.60585,2.79741
1459.330,-46.808,-70.076,14.56918,0.72937,2.79012
1459.774,-46.865,-69.888,14.16321,0.32340,2.78688
1460.515,-46.891,-70.189,14.61821,0.77840,2.77910
1461.152,-46.950,-69.327,13.14704,-0.69277,2.78603
1461.758,-46.921,-69.015,12.72617,-1.11363,2.79716
1462.178,-46.819,-69.198,13.15181,-0.68799,2.80404
1462.614,-46.797,-69.268,13.29090,-0.54891,2.80953
1463.200,-46.732,-69.763,14.17607,0.33626,2.80617
1463.708,-46.767,-69.536,13.75528,-0.08453,2.80701
1464.326,-46.730,-68.760,12.63203,-1.20778,2.81909
1464.946,-46.654,-70.198,15.03726,1.19746,2.80712
1465.558,-46.759,-69.897,14.35158,0.51178,2.80200
1466.114,-46.776,-68.953,12.84900,-0.99080,2.81191
1466.558,-46.739,-68.915,12.84708,-0.99272,2.82184
1467.097,-46.640,-69.832,14.44005,0.60025,2.81583
1467.654,-46.674,-70.272,15.13048,1.29067,2.80293
1468.087,-46.782,-69.820,14.18681,0.34701,2.79946
1468.642,-46.797,-68.838,12.64947,-1.19034,2.81136
1469.197,-46.707,-69.514,13.81537,-0.02444,2.81160
1469.611,-46.720,-69.275,13.42001,-0.41979,2.81580
1470.163,-46.665,-69.929,14.56125,0.72144,2.80859
1470.610,-46.742,-69.759,14.15384,0.31404,2.80545
1471.180,-46.751,-69.090,13.09096,-0.74884,2.81294
1471.803,-46.723,-69.964,14.52319,0.68338,2.80610
1472.423,-46.757,-69.417,13.58396,-0.25584,2.80866
1472.900,-46.711,-69.383,13.60085,-0.23896,2.81105
1473.330,-46.731,-69.868,14.34978,0.50998,2.80595
1473.774,-46.754,-68.923,12.83613,-1.00368,2.81599
1474.206,-46.683,-68.992,13.04574,-0.79406,2.82393
1474.646,-46.641,-69.541,13.96331,0.12351,2.82269
1475.281,-46.648,-70.003,14.71516,0.87536,2.81394
1475.891,-46.690,-69.891,14.45537,0.61556,2.80778
1476.346,-46.752,-69.915,14.39339,0.55358,2.80225
1476.923,-46.794,-68.992,12.87906,-0.96074,2.81185
1477.390,-46.719,-70.160,14.86058,1.02078,2.80165
1477.933,-46.784,-69.492,13.65764,-0.18216,2.80347
1478.487,-46.772,-69.688,13.98964,0.14983,2.80197
1478.917,-46.770,-69.022,12.96091,-0.87889,2.81076
1479.453,-46.688,-70.072,14.76396,0.92416,2.80152
1479.899,-46.786,-69.046,12.97185,-0.86796,2.81020
1480.512,-46.696,-70.314,15.16680,1.32699,2.79693
1481.117,-46.803,-69.049,12.95040,-0.88941,2.80582
1481.529,-46.750,-68.881,12.78041,-1.05940,2.81642
1482.087,-46.667,-69.459,13.79207,-0.04773,2.81689
1482.516,-46.671,-69.759,14.26943,0.42963,2.81260
1482.962,-46.687,-69.252,13.43649,-0.40332,2.81663
1483.401,-46.661,-69.065,13.18845,-0.65135,2.82314
1483.836,-46.597,-69.931,14.67985,0.84004,2.81474
1484.385,-46.691,-68.908,12.90779,-0.93202,2.82406
1485.005,-46.620,-69.486,13.90862,0.06881,2.82337
1485.474,-46.617,-68.958,13.09243,-0.74738,2.83085
1485.910,-46.576,-69.269,13.63483,-0.20498,2.83290
1486.553,-46.540,-70.079,15.02974,1.18993,2.82100
1487.110,-46.640,-69.591,14.04520,0.20540,2.81894
1487.673,-46.647,-69.001,13.11228,-0.72753,2.82622
1488.206,-46.586,-68.911,13.06970,-0.77010,2.83392
1488.644,-46.543,-70.156,15.15993,1.32013,2.82072
1489.199,-46.635,-69.786,14.37211,0.53231,2.81540
1489.736,-46.668,-70.300,15.19032,1.35052,2.80189
1490.178,-46.769,-70.122,14.71143,0.87163,2.79318
1490.611,-46.828,-70.063,14.51277,0.67297,2.78645
1491.262,-46.867,-69.318,13.26065,-0.57916,2.79224
1491.708,-46.852,-70.337,14.93552,1.09572,2.78128
1492.153,-46.928,-69.867,14.02622,0.18641,2.77942
1492.587,-46.941,-69.771,13.85192,0.01212,2.77929
1493.024,-46.927,-68.859,12.49064,-1.34917,2.79279
1493.620,-46.843,-68.879,12.64053,-1.19928,2.80478
1494.118,-46.768,-69.253,13.31246,-0.52734,2.81005
1494.737,-46.736,-70.246,14.98010,1.14029,2.79865
1495.213,-46.788,-68.637,12.37223,-1.46757,2.81333
1495.651,-46.705,-69.083,13.14925,-0.69055,2.82023
1496.079,-46.648,-70.321,15.26210,1.42230,2.80601
1496.517,-46.759,-69.004,12.94948,-0.89032,2.81491
1496.955,-46.693,-68.923,12.92681,-0.91300,2.82404
1497.396,-46.639,-69.755,14.31416,0.47435,2.81930
1497.848,-46.637,-70.271,15.19433,1.35453,2.80575
1498.269,-46.738,-69.263,13.37359,-0.46622,2.81041
1498.710,-46.696,-69.024,13.07331,-0.76649,2.81808
1499.255,-46.664,-69.655,14.10931,0.26951,2.81538
1499.699,-46.678,-69.256,13.45575,-0.38406,2.81923
1500.272,-46.646,-70.269,15.17490,1.33509,2.80587
1500.796,-46.729,-69.772,14.19633,0.35652,2.80231
1501.399,-46.764,-69.259,13.32780,-0.51201,2.80743
1501.998,-46.732,-70.184,14.87898,1.03918,2.79704
1502.429,-46.798,-68.830,12.63526,-1.20455,2.80908
1502.864,-46.709,-69.140,13.22932,-0.61049,2.81519
1503.440,-46.673,-69.839,14.39714,0.55733,2.80961
1504.055,-46.711,-69.975,14.56106,0.72126,2.80240
1504.675,-46.763,-70.210,14.87217,1.03236,2.79208
1505.273,-46.843,-69.082,12.93906,-0.90075,2.80109
1505.975,-46.772,-69.586,13.82591,-0.01389,2.80122
1506.387,-46.760,-70.405,15.21561,1.37581,2.78747
1506.919,-46.873,-69.637,13.74749,-0.09232,2.78839
1507.519,-46.859,-69.765,13.97332,0.13352,2.78705
1508.110,-46.853,-69.761,13.97633,0.13653,2.78569
1508.657,-46.896,-69.432,13.39132,-0.44849,2.79017
1509.277,-46.847,-69.513,13.59319,-0.24662,2.79264
1509.886,-46.827,-69.505,13.61103,-0.22878,2.79493
1510.515,-46.816,-69.177,13.12320,-0.71661,2.80209
1511.066,-46.759,-68.769,12.60348,-1.23633,2.81446
1511.502,-46.665,-69.827,14.39178,0.55197,2.80894
1511.939,-46.706,-68.875,12.83739,-1.00241,2.81896
1512.380,-46.635,-69.498,13.90431,0.06451,2.81832
1512.925,-46.657,-69.333,13.60963,-0.23017,2.82062
1513.358,-46.641,-69.127,13.31418,-0.52563,2.82587
1513.986,-46.576,-69.605,14.17304,0.33323,2.82254
1514.602,-46.619,-69.126,13.34541,-0.49440,2.82749
1515.213,-46.579,-68.897,13.05879,-0.78101,2.83530
1515.822,-46.534,-69.124,13.47518,-0.36462,2.83894
1516.224,-46.492,-69.819,14.66626,0.82646,2.83068
1516.650,-46.531,-69.097,13.43677,-0.40304,2.83471
1517.082,-46.538,-69.339,13.80555,-0.03425,2.83505
1517.676,-46.502,-69.880,14.75232,0.91252,2.82593
1518.173,-46.588,-69.356,13.75370,-0.08611,2.82679
1518.813,-46.598,-68.977,13.15044,-0.68936,2.83368
1519.268,-46.524,-69.891,14.73566,0.89586,2.82472
1519.907,-46.604,-70.155,15.05090,1.21110,2.81261
1520.367,-46.664,-68.745,12.70602,-1.13378,2.82395
1520.956,-46.595,-69.874,14.58708,0.74728,2.81648
1521.567,-46.650,-70.315,15.25010,1.41029,2.80237
1522.174,-46.741,-69.014,12.99129,-0.84851,2.81086
1522.691,-46.700,-68.975,12.99419,-0.84562,2.81931
1523.209,-46.622,-69.164,13.40065,-0.43915,2.82371
1523.823,-46.590,-70.282,15.29619,1.45638,2.80914
1524.435,-46.690,-69.117,13.22354,-0.61626,2.81531
1524.841,-46.658,-69.449,13.78938,-0.05042,2.81581
1525.288,-46.648,-70.018,14.74055,0.90074,2.80680
1525.834,-46.696,-68.919,12.91633,-0.92348,2.81604
1526.476,-46.629,-70.338,15.32591,1.48610,2.80118
1527.096,-46.742,-68.826,12.71115,-1.12866,2.81246
1527.603,-46.669,-69.042,13.14176,-0.69805,2.81944
1528.019,-46.642,-69.172,13.38082,-0.45899,2.82403
1528.563,-46.603,-68.908,13.03809,-0.80172,2.83205
1529.128,-46.573,-69.697,14.32909,0.48929,2.82716
1529.662,-46.589,-70.416,15.53535,1.69554,2.81020
1530.212,-46.679,-69.861,14.42404,0.58423,2.80436
1530.645,-46.741,-68.858,12.75972,-1.08008,2.81516
1531.191,-46.660,-69.705,14.19853,0.35872,2.81157
1531.816,-46.685,-69.869,14.42769,0.58789,2.80569
1532.281,-46.727,-70.379,15.22594,1.38613,2.79183
1532.842,-46.839,-69.715,13.92533,0.08552,2.79098
1533.264,-46.838,-69.339,13.33643,-0.50337,2.79601
1533.705,-46.790,-69.077,13.01306,-0.82674,2.80428
1534.141,-46.726,-68.857,12.78190,-1.05791,2.81486
1534.588,-46.673,-70.165,14.94819,1.10838,2.80377
1535.126,-46.716,-69.848,14.34137,0.50156,2.79876
1535.573,-46.753,-69.638,13.94061,0.10080,2.79775
1536.117,-46.757,-70.016,14.55249,0.71269,2.79062
1536.554,-46.825,-69.716,13.94910,0.10930,2.78953
1536.989,-46.829,-70.063,14.51102,0.67121,2.78282
1537.435,-46.888,-69.942,14.21435,0.37455,2.77907
1537.977,-46.899,-69.131,12.92961,-0.91020,2.78817
1538.403,-46.827,-69.196,13.13451,-0.70530,2.79523
1538.981,-46.782,-69.408,13.53038,-0.30943,2.79832
1539.392,-46.770,-69.977,14.46503,0.62522,2.79207
1539.835,-46.798,-69.141,13.09583,-0.74397,2.79951
1540.400,-46.769,-68.975,12.89115,-0.94866,2.80900
1540.927,-46.699,-68.721,12.62040,-1.21941,2.82119
1541.362,-46.609,-68.772,12.82892,-1.01088,2.83130
1541.943,-46.545,-69.649,14.29558,0.45578,2.82674
1542.559,-46.566,-69.165,13.48903,-0.35078,2.83025
1543.111,-46.569,-70.079,14.98036,1.14055,2.81884
1543.662,-46.619,-69.772,14.37638,0.53657,2.81348
1544.093,-46.666,-69.177,13.35170,-0.48811,2.81836
1544.640,-46.609,-69.058,13.25718,-0.58262,2.82418
1545.082,-46.586,-70.179,15.12346,1.28366,2.81135
1545.514,-46.693,-69.403,13.66219,-0.17762,2.81312
1546.067,-46.656,-69.649,14.11423,0.27443,2.81038
1546.501,-46.695,-68.762,12.68637,-1.15343,2.82191
1546.945,-46.605,-69.037,13.23118,-0.60863,2.82800
1547.379,-46.568,-69.182,13.51224,-0.32757,2.83128
1547.918,-46.541,-69.851,14.63893,0.79912,2.82329
1548.369,-46.579,-70.145,15.07677,1.23696,2.81092
1549.018,-46.677,-69.341,13.58940,-0.25041,2.81342
1549.618,-46.651,-69.029,13.14945,-0.69035,2.82032
1550.128,-46.585,-69.231,13.56118,-0.27862,2.82311
1550.555,-46.585,-69.940,14.71527,0.87546,2.81436
1550.988,-46.644,-68.891,12.95200,-0.88780,2.82323
1551.427,-46.590,-70.240,15.22325,1.38344,2.80940
1552.077,-46.680,-68.631,12.51748,-1.32232,2.82262
1552.505,-46.586,-68.992,13.19086,-0.64894,2.82911
1552.955,-46.558,-69.600,14.19334,0.35353,2.82558
1553.387,-46.556,-69.966,14.80670,0.96690,2.81591
1553.826,-46.649,-69.028,13.15200,-0.68781,2.82279
1554.269,-46.588,-69.135,13.40828,-0.43152,2.82710
1554.930,-46.556,-70.036,14.92754,1.08773,2.81622
1555.364,-46.659,-69.059,13.18332,-0.65648,2.82279
1555.907,-46.580,-69.767,14.43306,0.59325,2.81686
1556.476,-46.640,-69.163,13.37049,-0.46932,2.82155
1556.893,-46.612,-69.878,14.56427,0.72446,2.81430
1557.439,-46.638,-70.217,15.10051,1.26070,2.80170
1557.993,-46.739,-70.150,14.80879,0.96899,2.79201
1558.421,-46.793,-69.454,13.58390,-0.25591,2.79457
1558.856,-46.758,-69.276,13.36238,-0.47742,2.79934
1559.409,-46.735,-69.330,13.48246,-0.35735,2.80291
1559.843,-46.702,-68.845,12.79823,-1.04158,2.81333
1560.278,-46.618,-69.828,14.47093,0.63112,2.80702
1560.722,-46.671,-70.133,14.89604,1.05623,2.79646
1561.163,-46.766,-68.664,12.44145,-1.39835,2.81044
1561.703,-46.653,-69.505,13.88660,0.04679,2.80997
1562.144,-46.671,-69.973,14.62565,0.78584,2.80211
1562.580,-46.700,-68.666,12.54064,-1.29917,2.81510
1563.018,-46.607,-68.659,12.66500,-1.17480,2.82685
1563.650,-46.554,-69.024,13.28925,-0.55056,2.83236
1564.111,-46.527,-69.053,13.37593,-0.46387,2.83700
1564.671,-46.491,-69.110,13.51896,-0.32085,2.84021
1565.095,-46.451,-69.994,15.03595,1.19614,2.82824
1565.648,-46.535,-70.224,15.29229,1.45248,2.81372
1566.214,-46.638,-69.357,13.67521,-0.16460,2.81537
1566.736,-46.610,-68.698,12.71756,-1.12225,2.82659
1567.174,-46.554,-70.170,15.16319,1.32339,2.81335
1567.611,-46.641,-69.351,13.66223,-0.17758,2.81513
1568.250,-46.632,-70.090,14.89020,1.05039,2.80463
1568.902,-46.696,-70.242,15.04133,1.20152,2.79261
1569.360,-46.781,-68.861,12.70549,-1.13432,2.80395
1569.798,-46.694,-68.949,12.96414,-0.87567,2.81271
1570.418,-46.655,-69.848,14.44270,0.60290,2.80668
1570.890,-46.705,-69.217,13.35385,-0.48596,2.81154
1571.533,-46.670,-68.726,12.67118,-1.16862,2.82323
1572.145,-46.558,-69.707,14.37008,0.53028,2.81792
1572.553,-46.591,-70.006,14.81718,0.97738,2.80815
1573.166,-46.655,-69.189,13.38772,-0.45208,2.81267
1573.735,-46.649,-69.763,14.31175,0.47195,2.80795
1574.176,-46.676,-69.119,13.24829,-0.59151,2.81387
1574.905,-46.634,-69.581,14.04024,0.20043,2.81186
1575.489,-46.664,-68.880,12.90547,-0.93434,2.82121
1575.920,-46.599,-70.016,14.82117,0.98136,2.81139
1576.360,-46.652,-69.536,13.93841,0.09861,2.81041
1576.797,-46.654,-70.040,14.76759,0.92778,2.80113
1577.368,-46.718,-69.868,14.37118,0.53137,2.79582
1577.992,-46.746,-70.227,14.92954,1.08973,2.78492
1578.595,-46.848,-70.224,14.74903,0.90923,2.77583
1578.996,-46.903,-69.942,14.18776,0.34795,2.77235
1579.426,-46.938,-69.675,13.70499,-0.13481,2.77369
1580.036,-46.905,-69.076,12.83962,-1.00019,2.78370
1580.653,-46.868,-69.292,13.21913,-0.62068,2.78990
1581.264,-46.798,-69.582,13.77906,-0.06075,2.79051
1581.861,-46.801,-68.879,12.70223,-1.13758,2.80189
1582.269,-46.725,-69.882,14.38395,0.54414,2.79644
1582.988,-46.748,-69.913,14.39549,0.55569,2.79089
1583.582,-46.817,-69.690,13.91994,0.08014,2.79009
1584.023,-46.808,-69.117,13.04502,-0.79479,2.79803
1584.640,-46.749,-68.835,12.71499,-1.12481,2.80928
1585.102,-46.645,-69.697,14.20910,0.36929,2.80559
1585.664,-46.688,-69.925,14.51606,0.67626,2.79883
1586.098,-46.725,-70.210,14.93714,1.09734,2.78785
1586.684,-46.794,-69.125,13.07771,-0.76210,2.79547
1587.205,-46.763,-69.793,14.17333,0.33352,2.79214
1587.814,-46.764,-68.786,12.62190,-1.21791,2.80432
1588.392,-46.679,-69.938,14.55271,0.71290,2.79719
1588.827,-46.726,-69.572,13.87623,0.03643,2.79683
1589.265,-46.745,-68.889,12.79977,-1.04004,2.80723
1589.696,-46.656,-68.795,12.79149,-1.04831,2.81771
1590.137,-46.599,-69.775,14.41486,0.57505,2.81196
1590.577,-46.631,-69.216,13.46596,-0.37384,2.81570
1591.017,-46.599,-69.099,13.33458,-0.50522,2.82075
1591.599,-46.554,-69.371,13.83178,-0.00802,2.82083
1591.988,-46.583,-70.172,15.11628,1.27647,2.80806
1592.437,-46.663,-69.819,14.38074,0.54093,2.80265
1592.886,-46.692,-69.028,13.08457,-0.75524,2.81021
1593.447,-46.636,-68.872,12.93690,-0.90291,2.81924
1594.061,-46.558,-69.775,14.48354,0.64373,2.81280
1594.509,-46.623,-70.164,15.03193,1.19212,2.80088
1595.090,-46.700,-69.227,13.37529,-0.46452,2.80552
1595.704,-46.666,-69.389,13.68291,-0.15689,2.80709
1596.318,-46.656,-69.162,13.34406,-0.49575,2.81205
1596.953,-46.620,-68.850,12.92717,-0.91263,2.82118
1597.542,-46.576,-69.765,14.43660,0.59680,2.81521
1598.055,-46.610,-69.868,14.55140,0.71159,2.80809
1598.553,-46.647,-69.064,13.20849,-0.63132,2.81441
1599.106,-46.639,-69.134,13.32648,-0.51332,2.81954
1599.553,-46.575,-68.919,13.09835,-0.74146,2.82695
1599.983,-46.515,-70.278,15.42232,1.58251,2.81113
1600.615,-46.642,-69.119,13.30045,-0.53936,2.81652
1601.232,-46.606,-69.112,13.34492,-0.49489,2.82147
1601.741,-46.547,-70.186,15.20453,1.36473,2.80782
1602.173,-46.658,-70.061,14.79751,0.95770,2.79825
1602.854,-46.718,-69.458,13.70930,-0.13051,2.79955
1603.374,-46.681,-69.321,13.55196,-0.28784,2.80243
1603.919,-46.689,-69.945,14.54758,0.70777,2.79535
1604.501,-46.722,-69.324,13.49309,-0.34672,2.79882
1604.907,-46.706,-70.032,14.66506,0.82525,2.79057
1605.536,-46.773,-69.963,14.43756,0.59775,2.78459
1606.148,-46.811,-69.471,13.58389,-0.25591,2.78715
1606.760,-46.804,-69.969,14.39717,0.55736,2.78157
1607.196,-46.848,-69.257,13.19575,-0.64405,2.78801
1607.638,-46.773,-69.821,14.20453,0.36472,2.78437
1608.075,-46.799,-69.886,14.26710,0.42729,2.78009
1608.699,-46.837,-69.628,13.79082,-0.04899,2.78058
1609.322,-46.856,-69.757,13.96529,0.12548,2.77933
1609.941,-46.852,-70.028,14.41399,0.57418,2.77359
1610.547,-46.919,-68.771,12.37701,-1.46279,2.78822
1611.156,-46.804,-69.671,13.90979,0.06998,2.78752
1611.583,-46.793,-69.865,14.24329,0.40349,2.78348
1612.192,-46.836,-70.073,14.51525,0.67544,2.77673
1612.701,-46.867,-69.602,13.70065,-0.13916,2.77812
1613.110,-46.864,-69.538,13.60473,-0.23508,2.78047
1613.654,-46.856,-68.895,12.64671,-1.19309,2.79240
1614.204,-46.774,-69.832,14.21939,0.37959,2.78860
1614.745,-46.811,-69.129,13.05913,-0.78068,2.79641
1615.189,-46.736,-69.747,14.14368,0.30388,2.79337
1615.778,-46.735,-69.142,13.19293,-0.64688,2.79984
1616.190,-46.698,-69.923,14.49687,0.65706,2.79327
1616.880,-46.761,-70.127,14.73432,0.89452,2.78433
1617.290,-46.767,-69.144,13.14850,-0.69130,2.79124
1617.904,-46.788,-70.264,14.92204,1.08223,2.78042
1618.355,-46.856,-69.202,13.10073,-0.73908,2.78781
1618.796,-46.797,-69.643,13.87625,0.03644,2.78744
1619.339,-46.793,-69.554,13.74174,-0.09806,2.78842
1619.783,-46.782,-69.480,13.64297,-0.19684,2.79039
1620.385,-46.768,-69.697,14.01095,0.17114,2.78868
1620.783,-46.778,-69.571,13.79311,-0.04670,2.78915
1621.283,-46.757,-68.780,12.62134,-1.21847,2.80133
1621.916,-46.663,-69.247,13.46418,-0.37562,2.80509
1622.415,-46.669,-69.116,13.25461,-0.58520,2.81094
1623.046,-46.618,-69.190,13.44746,-0.39235,2.81486
1623.658,-46.586,-68.933,13.10128,-0.73853,2.82225
1624.169,-46.529,-69.039,13.34968,-0.49013,2.82715
1624.777,-46.532,-70.022,14.94543,1.10563,2.81609
1625.249,-46.596,-69.224,13.53238,-0.30743,2.81917
1625.686,-46.566,-69.343,13.76658,-0.07322,2.81990
1626.125,-46.572,-70.090,14.99393,1.15413,2.80836
1626.563,-46.658,-69.382,13.68306,-0.15675,2.80993
1627.139,-46.625,-69.924,14.61935,0.77954,2.80213
1627.655,-46.700,-69.784,14.26214,0.42233,2.79791
1628.270,-46.718,-69.887,14.40369,0.56388,2.79227
1628.856,-46.763,-69.350,13.46960,-0.37021,2.79597
1629.490,-46.721,-68.867,12.80205,-1.03775,2.80635
1629.960,-46.668,-69.127,13.27186,-0.56795,2.81203
1630.387,-46.621,-69.048,13.22372,-0.61609,2.81819
1630.831,-46.561,-69.233,13.60151,-0.23829,2.82057
1631.259,-46.540,-69.184,13.55855,-0.28125,2.82338
1631.704,-46.506,-70.011,14.97059,1.13079,2.81208
1632.145,-46.603,-70.279,15.26877,1.42897,2.79779
1632.692,-46.696,-69.987,14.60539,0.76559,2.79013
1633.282,-46.760,-68.799,12.64560,-1.19421,2.80207
1633.681,-46.674,-70.025,14.70806,0.86826,2.79339
1634.107,-46.737,-69.919,14.42488,0.58507,2.78754
1634.716,-46.771,-69.699,14.00886,0.16906,2.78585
1635.232,-46.784,-68.966,12.85654,-0.98326,2.79568
1635.634,-46.736,-69.910,14.41116,0.57136,2.78997
1636.078,-46.766,-69.630,13.90466,0.06485,2.78932
1636.509,-46.754,-68.966,12.89980,-0.94000,2.79872
1636.957,-46.694,-70.076,14.76044,0.92064,2.78951
1637.497,-46.763,-68.745,12.56369,-1.27611,2.80227
1637.939,-46.690,-69.208,13.36331,-0.47650,2.80704
1638.505,-46.640,-70.262,15.17426,1.33445,2.79369
1638.926,-46.735,-69.368,13.53988,-0.29992,2.79669
1639.363,-46.731,-69.938,14.46675,0.62694,2.79042
1639.935,-46.754,-69.407,13.57113,-0.26867,2.79311
1640.545,-46.750,-68.895,12.80109,-1.03872,2.80350
1641.165,-46.694,-69.498,13.80887,-0.03094,2.80381
1641.678,-46.674,-69.326,13.57097,-0.26884,2.80650
1642.297,-46.649,-69.027,13.14844,-0.69137,2.81341
1642.859,-46.606,-69.825,14.48689,0.64708,2.80694
1643.424,-46.658,-68.845,12.86296,-0.97684,2.81671
1643.955,-46.577,-68.812,12.93457,-0.90524,2.82576
1644.391,-46.517,-70.305,15.46709,1.62728,2.80949
1644.819,-46.621,-68.854,12.93134,-0.90847,2.81857
1645.266,-46.532,-69.841,14.63674,0.79693,2.81060
1645.703,-46.627,-70.219,15.12140,1.28160,2.79779
1646.139,-46.706,-69.361,13.57666,-0.26314,2.80042
1646.568,-46.685,-70.143,14.89021,1.05040,2.78991
1647.019,-46.758,-69.589,13.85326,0.01345,2.78978
1647.615,-46.760,-69.063,13.03644,-0.80337,2.79781
1648.129,-46.700,-68.668,12.54334,-1.29647,2.81078
1648.651,-46.597,-68.847,12.95737,-0.88243,2.81960
1649.086,-46.553,-69.646,14.27724,0.43744,2.81523
1649.663,-46.575,-69.455,13.93175,0.09195,2.81431
1650.188,-46.564,-69.021,13.26901,-0.57080,2.82002
1650.796,-46.547,-68.841,13.02226,-0.81754,2.82819
1651.407,-46.488,-69.558,14.23965,0.39985,2.82419
1652.023,-46.502,-70.106,15.14113,1.30132,2.81118
1652.642,-46.577,-69.641,14.22888,0.38908,2.80729
1653.248,-46.632,-69.928,14.61414,0.77434,2.79955
1653.864,-46.692,-69.913,14.48983,0.65002,2.79305
1654.481,-46.723,-69.714,14.11051,0.27071,2.79034
1654.894,-46.765,-69.284,13.36446,-0.47535,2.79509
1655.441,-46.724,-69.711,14.10446,0.26465,2.79245
1656.020,-46.743,-68.620,12.41214,-1.42767,2.80672
1656.624,-46.638,-69.707,14.23693,0.39713,2.80275
1657.185,-46.662,-69.649,14.10330,0.26350,2.80012
1657.733,-46.685,-68.757,12.69394,-1.14587,2.81157
1658.164,-46.598,-69.952,14.71329,0.87348,2.80284
1658.810,-46.651,-68.908,12.96589,-0.87392,2.81158
1659.262,-46.607,-69.969,14.72624,0.88643,2.80271
1659.895,-46.666,-69.847,14.42182,0.58201,2.79689
1660.367,-46.701,-68.974,12.99121,-0.84860,2.80538
1660.791,-46.633,-69.931,14.61795,0.77814,2.79760
1661.231,-46.689,-69.871,14.42566,0.58586,2.79174
1661.666,-46.722,-69.745,14.16311,0.32330,2.78851
1662.346,-46.742,-68.869,12.77457,-1.06524,2.79916
1662.768,-46.675,-69.945,14.57245,0.73265,2.79183
1663.460,-46.731,-69.806,14.24826,0.40846,2.78775
1663.863,-46.759,-68.962,12.88676,-0.95305,2.79728
1664.409,-46.703,-69.182,13.30255,-0.53726,2.80265
1665.027,-46.656,-69.146,13.32014,-0.51967,2.80785
1665.493,-46.624,-70.198,15.08989,1.25008,2.79535
1665.940,-46.706,-69.946,14.52044,0.68064,2.78854
1666.369,-46.780,-69.876,14.28189,0.44209,2.78412
1666.816,-46.785,-69.769,14.09940,0.25959,2.78152
1667.376,-46.798,-70.124,14.66548,0.82567,2.77327
1667.906,-46.890,-69.846,14.05466,0.21486,2.77112
1668.510,-46.894,-69.979,14.26472,0.42492,2.76687
1669.121,-46.914,-69.804,13.94651,0.10670,2.76580
1669.543,-46.928,-69.267,13.08900,-0.75081,2.77331
1669.979,-46.890,-70.003,14.31117,0.47136,2.76860
1670.419,-46.906,-69.650,13.71517,-0.12463,2.76984
1671.067,-46.900,-70.112,14.47370,0.63389,2.76351
1671.685,-46.937,-70.037,14.28892,0.44912,2.75901
1672.170,-46.987,-69.605,13.51714,-0.32266,2.76224
1672.602,-46.949,-68.915,12.54079,-1.29901,2.77523
1673.217,-46.864,-69.983,14.32017,0.48037,2.77043
1673.613,-46.914,-69.820,13.97321,0.13341,2.76909
1674.193,-46.908,-69.529,13.52242,-0.31739,2.77227
1674.595,-46.882,-68.902,12.61749,-1.22231,2.78449
1675.158,-46.797,-69.827,14.17307,0.33327,2.78116
1675.554,-46.805,-70.022,14.48273,0.64293,2.77473
1676.002,-46.859,-69.818,14.05949,0.21969,2.77253
1676.443,-46.861,-69.885,14.16429,0.32449,2.76929
1677.001,-46.915,-69.911,14.11912,0.27932,2.76649
1677.421,-46.911,-68.798,12.42585,-1.41396,2.78063
1678.031,-46.828,-69.306,13.30121,-0.53860,2.78602
1678.541,-46.776,-69.702,14.00508,0.16528,2.78437
1678.951,-46.788,-69.430,13.55558,-0.28423,2.78721
1679.495,-46.776,-68.692,12.46806,-1.37175,2.80093
1679.938,-46.672,-70.020,14.70275,0.86295,2.79230
1680.373,-46.729,-69.250,13.36751,-0.47229,2.79702
1680.812,-46.713,-69.872,14.38676,0.54695,2.79155
1681.417,-46.738,-69.256,13.36226,-0.47755,2.79633
1681.914,-46.696,-70.060,14.72893,0.88913,2.78743
1682.479,-46.791,-69.301,13.35020,-0.48961,2.79233
1683.046,-46.731,-70.377,15.21553,1.37572,2.77857
1683.554,-46.826,-69.761,14.02032,0.18052,2.77677
1683.981,-46.829,-68.919,12.72003,-1.11978,2.78797
1684.421,-46.772,-69.036,12.97671,-0.86309,2.79660
1684.998,-46.693,-70.066,14.74556,0.90576,2.78754
1685.402,-46.759,-70.039,14.58781,0.74800,2.78006
1685.842,-46.794,-69.638,13.87449,0.03468,2.77971
1686.530,-46.821,-69.815,14.11543,0.27562,2.77696
1687.147,-46.858,-69.557,13.64459,-0.19522,2.77891
1687.694,-46.831,-68.659,12.34228,-1.49752,2.79388
1688.138,-46.735,-69.287,13.41633,-0.42347,2.79812
1688.785,-46.706,-68.835,12.77802,-1.06179,2.80874
1689.399,-46.609,-69.241,13.53854,-0.30127,2.81175
1689.905,-46.592,-69.660,14.23539,0.39558,2.80779
1690.330,-46.621,-68.899,12.99946,-0.84034,2.81620
1690.764,-46.554,-69.440,13.94047,0.10066,2.81519
1691.200,-46.561,-69.834,14.57636,0.73655,2.80782
1691.640,-46.611,-68.847,12.93615,-0.90366,2.81686
1692.268,-46.540,-70.259,15.34528,1.50547,2.80181
1692.738,-46.657,-69.061,13.18877,-0.65104,2.80832
1693.168,-46.631,-69.447,13.82870,-0.01110,2.80843
1693.604,-46.612,-69.369,13.73582,-0.10399,2.80947
1694.319,-46.616,-69.175,13.42729,-0.41251,2.81359
1694.725,-46.582,-70.170,15.11516,1.27535,2.80084
1695.142,-46.649,-68.746,12.73020,-1.10960,2.81193
1695.573,-46.595,-69.248,13.57231,-0.26749,2.81461
1696.009,-46.584,-69.472,13.94422,0.10441,2.81357
1696.661,-46.570,-69.149,13.45786,-0.38194,2.81738
1697.299,-46.541,-68.801,12.97203,-0.86778,2.82606
1697.757,-46.496,-69.969,14.91731,1.07750,2.81529
1698.198,-46.581,-69.096,13.35839,-0.48141,2.82010
1698.637,-46.551,-69.256,13.65462,-0.18519,2.82195
1699.072,-46.526,-68.879,13.11121,-0.72860,2.82924
1699.513,-46.473,-69.889,14.81849,0.97869,2.81945
1700.145,-46.521,-69.005,13.31050,-0.52931,2.82475
1700.950,-46.489,-69.376,13.94182,0.10201,2.82373
1701.583,-46.488,-69.458,14.07560,0.23580,2.82137
1702.187,-46.530,-69.461,14.01369,0.17389,2.81963
1702.588,-46.527,-69.275,13.72008,-0.11972,2.82083
1703.011,-46.549,-70.212,15.24616,1.40635,2.80676
1703.631,-46.620,-69.981,14.72525,0.88544,2.79791
1704.104,-46.695,-69.370,13.60623,-0.23357,2.80024
1704.755,-46.678,-69.458,13.77220,-0.06760,2.80092
1705.450,-46.679,-69.862,14.42578,0.58597,2.79506
1705.865,-46.707,-69.792,14.26384,0.42403,2.79082
1706.497,-46.746,-68.919,12.84337,-0.99644,2.80078
1706.950,-46.640,-69.871,14.50602,0.66621,2.79412
1707.390,-46.709,-69.042,13.08135,-0.75846,2.80171
1707.831,-46.649,-69.806,14.38272,0.54292,2.79628
1708.443,-46.663,-69.994,14.67416,0.83435,2.78793
1709.026,-46.726,-69.484,13.73759,-0.10222,2.78896
1709.455,-46.721,-68.987,12.98170,-0.85810,2.79754
1709.902,-46.661,-69.204,13.40153,-0.43827,2.80192
1710.488,-46.644,-68.878,12.93414,-0.90566,2.81098
1710.894,-46.585,-69.039,13.26394,-0.57586,2.81674
1711.513,-46.524,-69.082,13.42490,-0.41490,2.82088
1711.980,-46.515,-69.038,13.37061,-0.46919,2.82558
1712.416,-46.490,-69.467,14.08829,0.24848,2.82309
1713.046,-46.490,-69.040,13.41167,-0.42814,2.82737
1713.657,-46.480,-69.656,14.41407,0.57427,2.82163
1714.177,-46.510,-69.997,14.94056,1.10075,2.81062
1714.608,-46.582,-69.150,13.43996,-0.39984,2.81462
1715.200,-46.545,-68.785,12.94267,-0.89714,2.82359
1715.712,-46.509,-68.866,13.11769,-0.72212,2.83081
1716.138,-46.434,-70.041,15.14721,1.30740,2.81774
1716.572,-46.534,-69.062,13.37876,-0.46104,2.82235
1717.158,-46.501,-69.724,14.49300,0.65319,2.81582
1717.668,-46.550,-70.091,15.03372,1.19391,2.80388
1718.120,-46.600,-69.116,13.36079,-0.47902,2.80867
1718.564,-46.590,-70.272,15.27894,1.43914,2.79428
1718.997,-46.704,-70.050,14.69929,0.85948,2.78568
1719.618,-46.760,-70.205,14.86783,1.02803,2.77540
1720.096,-46.821,-69.587,13.75093,-0.08888,2.77629
1720.633,-46.821,-70.186,14.73113,0.89132,2.76738
1721.187,-46.890,-69.351,13.27577,-0.56403,2.77302
1721.839,-46.860,-69.113,12.96203,-0.87778,2.78180
1722.370,-46.777,-69.057,13.00180,-0.83801,2.79018
1722.992,-46.718,-69.925,14.46679,0.62698,2.78391
1723.479,-46.757,-69.583,13.84495,0.00514,2.78386
1723.917,-46.750,-69.158,13.19450,-0.64531,2.79031
1724.518,-46.714,-69.192,13.30119,-0.53862,2.79569
1725.152,-46.684,-69.495,13.82229,-0.01752,2.79587
1725.752,-46.672,-69.971,14.61911,0.77931,2.78808
1726.213,-46.718,-70.003,14.59717,0.75736,2.78050
1726.662,-46.784,-68.889,12.74208,-1.09773,2.79148
1727.092,-46.724,-68.933,12.89622,-0.94359,2.80092
1727.522,-46.637,-69.076,13.24145,-0.59835,2.80690
1727.946,-46.588,-70.114,15.00632,1.16651,2.79523
1728.527,-46.668,-69.008,13.09154,-0.74827,2.80272
1728.967,-46.637,-69.951,14.64514,0.80534,2.79466
1729.538,-46.669,-69.888,14.48626,0.64645,2.78820
1730.137,-46.725,-68.714,12.57325,-1.26656,2.80086
1730.578,-46.634,-69.011,13.14681,-0.69300,2.80779
1731.034,-46.572,-69.023,13.26111,-0.57869,2.81358
1731.602,-46.558,-70.129,15.08668,1.24687,2.80111
1732.224,-46.636,-69.112,13.29759,-0.54222,2.80654
1732.829,-46.607,-69.282,13.60734,-0.23247,2.80886
1733.442,-46.560,-70.362,15.49304,1.65323,2.79233
1733.976,-46.687,-69.260,13.44771,-0.39209,2.79625
1734.420,-46.662,-68.981,13.05995,-0.77986,2.80405
1734.970,-46.608,-70.100,14.95016,1.11035,2.79294
1735.405,-46.671,-69.393,13.68120,-0.15860,2.79453
1735.847,-46.669,-69.225,13.42175,-0.41806,2.79871
1736.390,-46.656,-68.836,12.85303,-0.98678,2.80858
1736.831,-46.586,-69.597,14.14396,0.30416,2.80554
1737.361,-46.605,-69.494,13.94649,0.10668,2.80447
1737.807,-46.597,-70.336,15.37914,1.53934,2.78908
1738.359,-46.708,-68.909,12.88461,-0.95519,2.79863
1738.975,-46.648,-70.013,14.73136,0.89155,2.78971
1739.587,-46.721,-70.035,14.64421,0.80440,2.78167
1740.467,-46.766,-69.804,14.18690,0.34709,2.77820
1741.009,-46.790,-69.543,13.72936,-0.11045,2.77930
1741.432,-46.767,-68.707,12.50224,-1.33757,2.79268
1742.057,-46.678,-70.115,14.85502,1.01522,2.78253
1742.671,-46.752,-69.070,13.05944,-0.78037,2.79033
1743.274,-46.716,-68.903,12.86334,-0.97646,2.80009
1743.975,-46.592,-68.935,13.09643,-0.74338,2.80753
1744.605,-46.583,-70.410,15.53498,1.69517,2.79058
1745.210,-46.690,-69.040,13.10701,-0.73280,2.79790
1745.680,-46.651,-70.188,15.02517,1.18536,2.78605
1746.131,-46.718,-69.987,14.56972,0.72991,2.77875
1746.562,-46.756,-69.178,13.21605,-0.62375,2.78499
1746.992,-46.750,-68.702,12.51924,-1.32056,2.79819
1747.432,-46.639,-70.090,14.87800,1.03820,2.78781
1748.091,-46.727,-68.619,12.43408,-1.40573,2.80187
1748.526,-46.613,-69.302,13.62978,-0.21003,2.80397
1748.961,-46.588,-69.896,14.63441,0.79461,2.79602
1749.401,-46.654,-69.810,14.38059,0.54078,2.79062
1749.834,-46.722,-69.870,14.36785,0.52805,2.78534
1750.268,-46.744,-70.176,14.84497,1.00517,2.77528
1750.942,-46.804,-69.475,13.59970,-0.24011,2.77768
1751.559,-46.786,-69.388,13.49199,-0.34782,2.78116
1752.017,-46.756,-69.948,14.44175,0.60195,2.77514
1752.599,-46.806,-68.997,12.87011,-0.96969,2.78484
1753.190,-46.723,-70.075,14.70909,0.86928,2.77615
1753.824,-46.788,-69.742,14.05046,0.21065,2.77404
1754.544,-46.811,-69.799,14.10648,0.26667,2.77137
1754.978,-46.858,-70.195,14.68375,0.84394,2.76294
1755.503,-46.903,-69.549,13.56161,-0.27820,2.76572
1755.975,-46.874,-69.809,14.01988,0.18008,2.76392
1756.422,-46.916,-69.935,14.15601,0.31621,2.76075
1756.950,-46.903,-70.124,14.49042,0.65061,2.75425
1757.384,-46.950,-69.485,13.38899,-0.45081,2.75876
1757.833,-46.919,-69.832,13.98383,0.14403,2.75732
1758.361,-46.911,-70.025,14.31130,0.47149,2.75260
1758.936,-46.977,-69.041,12.68134,-1.15847,2.76419
1759.562,-46.873,-69.548,13.60723,-0.23257,2.76651
1760.166,-46.872,-69.606,13.69918,-0.14062,2.76792
1760.792,-46.871,-68.923,12.66574,-1.17407,2.77966
1761.210,-46.787,-70.068,14.58861,0.74880,2.77217
1761.656,-46.828,-69.970,14.35760,0.51780,2.76699
1762.205,-46.871,-69.020,12.80756,-1.03225,2.77731
1762.738,-46.795,-68.793,12.58627,-1.25353,2.78985
1763.181,-46.712,-69.594,13.93594,0.09613,2.78889
1763.616,-46.723,-70.104,14.75932,0.91951,2.77969
1764.166,-46.772,-69.430,13.58027,-0.25953,2.78229
1764.596,-46.783,-70.107,14.66199,0.82219,2.77407
1765.040,-46.794,-68.916,12.76674,-1.07307,2.78480
1765.686,-46.728,-69.278,13.41162,-0.42819,2.78908
1766.248,-46.703,-69.098,13.17516,-0.66465,2.79573
1766.682,-46.637,-69.101,13.27962,-0.56018,2.80133
1767.315,-46.591,-68.857,12.98146,-0.85834,2.80991
1767.765,-46.523,-69.313,13.78800,-0.05181,2.81043
1768.214,-46.553,-69.736,14.42583,0.58602,2.80457
1768.648,-46.578,-69.697,14.32116,0.48135,2.79976
1769.276,-46.601,-68.823,12.91471,-0.92509,2.80901
1769.746,-46.532,-69.949,14.82068,0.98087,2.79920
1770.176,-46.634,-68.822,12.86430,-0.97550,2.80895
1770.912,-46.539,-68.912,13.14276,-0.69705,2.81592
1771.541,-46.488,-68.847,13.12027,-0.71954,2.82312
1772.253,-46.438,-69.928,14.94494,1.10513,2.81207
1772.860,-46.507,-69.952,14.86853,1.02872,2.80178
1773.466,-46.576,-69.398,13.83869,-0.00112,2.80179
1774.096,-46.584,-69.677,14.27664,0.43683,2.79742
1774.698,-46.633,-69.677,14.19720,0.35739,2.79385
1775.222,-46.630,-68.759,12.77703,-1.06278,2.80448
1775.662,-46.571,-69.347,13.76597,-0.07383,2.80522
1776.257,-46.580,-69.755,14.41266,0.57286,2.79949
1776.966,-46.609,-68.954,13.09890,-0.74091,2.80690
1777.385,-46.586,-70.136,15.05011,1.21030,2.79479
1777.843,-46.661,-70.243,15.10498,1.26518,2.78214
1778.273,-46.725,-69.203,13.30094,-0.53887,2.78753
1778.708,-46.698,-68.806,12.74569,-1.09411,2.79847
1779.171,-46.620,-69.561,14.02943,0.18962,2.79657
1779.739,-46.626,-69.243,13.51704,-0.32276,2.79980
1780.349,-46.607,-69.670,14.22716,0.38736,2.79593
1780.911,-46.625,-69.316,13.63112,-0.20869,2.79802
1781.450,-46.612,-68.987,13.14472,-0.69509,2.80497
1781.894,-46.577,-68.933,13.11707,-0.72273,2.81219
1782.335,-46.530,-70.027,14.95708,1.11727,2.80102
1782.757,-46.616,-69.966,14.70579,0.86599,2.79236
1783.293,-46.652,-70.178,15.00662,1.16681,2.78069
1783.746,-46.728,-68.977,12.95608,-0.88372,2.78953
1784.179,-46.679,-69.567,13.94433,0.10452,2.78849
1784.809,-46.677,-69.659,14.09610,0.25629,2.78592
1785.446,-46.734,-68.862,12.77656,-1.06325,2.79655
1785.932,-46.613,-68.933,13.06189,-0.77792,2.80433
1786.363,-46.571,-68.993,13.21664,-0.62317,2.81057
1786.803,-46.517,-68.790,12.99167,-0.84814,2.81905
1787.405,-46.465,-69.280,13.82786,-0.01195,2.81917
1787.914,-46.454,-70.243,15.46782,1.62801,2.80289
1788.447,-46.581,-69.066,13.31105,-0.52876,2.80817
1788.876,-46.540,-69.649,14.30439,0.46458,2.80353
1789.457,-46.600,-69.660,14.22309,0.38328,2.79970
1790.064,-46.613,-68.903,13.01718,-0.82262,2.80792
1790.524,-46.564,-69.855,14.60586,0.76605,2.80026
1791.087,-46.604,-69.195,13.47584,-0.36396,2.80390
1791.518,-46.593,-70.456,15.60134,1.76153,2.78629
1792.118,-46.714,-69.151,13.23851,-0.60130,2.79230
1792.702,-46.691,-69.189,13.33225,-0.50756,2.79737
1793.155,-46.627,-69.823,14.44681,0.60700,2.79130
1793.584,-46.674,-69.249,13.45166,-0.38814,2.79519
1794.161,-46.646,-69.169,13.37109,-0.46872,2.79987
1794.783,-46.614,-68.780,12.83174,-1.00806,2.80995
1795.399,-46.532,-69.988,14.88627,1.04647,2.79949
1795.886,-46.596,-69.947,14.70669,0.86688,2.79082
1796.318,-46.661,-69.182,13.36803,-0.47178,2.79554
1796.935,-46.621,-68.725,12.74061,-1.09919,2.80653
1797.410,-46.545,-69.218,13.60370,-0.23611,2.80889
1798.061,-46.526,-68.986,13.27364,-0.56617,2.81455
1798.671,-46.497,-70.099,15.13944,1.29963,2.80156
1799.269,-46.580,-68.875,13.02406,-0.81575,2.80971
1799.723,-46.531,-68.830,13.03022,-0.80958,2.81781
1800.145,-46.473,-69.611,14.35051,0.51070,2.81270
1800.596,-46.516,-69.163,13.56274,-0.27706,2.81547
1801.031,-46.493,-69.463,14.07682,0.23702,2.81310
1801.568,-46.507,-69.791,14.59427,0.75446,2.80556
1802.153,-46.579,-68.780,12.88468,-0.95513,2.81511
1802.760,-46.516,-69.687,14.40685,0.56704,2.80944
1803.196,-46.529,-69.453,14.00290,0.16310,2.80781
1803.659,-46.533,-69.220,13.62445,-0.21536,2.80996
1804.198,-46.528,-69.099,13.44445,-0.39536,2.81391
1804.817,-46.498,-70.121,15.17542,1.33561,2.80056
1805.272,-46.601,-69.930,14.67049,0.83068,2.79225
1805.947,-46.655,-69.320,13.59048,-0.24933,2.79475
1806.373,-46.633,-69.583,14.04466,0.20485,2.79270
1806.827,-46.647,-69.015,13.13410,-0.70570,2.79975
1807.359,-46.613,-69.440,13.84768,0.00787,2.79968
1807.905,-46.586,-69.309,13.68199,-0.15781,2.80125
1808.506,-46.597,-68.945,13.10396,-0.73585,2.80861
1809.119,-46.525,-69.048,13.36964,-0.47017,2.81331
1809.659,-46.502,-68.883,13.15352,-0.68629,2.82018
1810.234,-46.443,-69.058,13.51395,-0.32586,2.82343
1810.648,-46.419,-69.152,13.69796,-0.14184,2.82485
1811.082,-46.397,-69.135,13.70539,-0.13441,2.82620
1811.522,-46.397,-69.920,15.00185,1.16204,2.81458
1811.960,-46.477,-69.661,14.42731,0.58751,2.80870
1812.383,-46.526,-68.980,13.26456,-0.57525,2.81445
1812.837,-46.477,-70.199,15.34966,1.50985,2.79936
1813.387,-46.611,-69.127,13.35966,-0.48015,2.80416
1813.914,-46.551,-69.873,14.65977,0.81996,2.79596
1814.358,-46.615,-69.396,13.77431,-0.06550,2.79661
1814.805,-46.623,-68.659,12.64214,-1.19766,2.80859
1815.351,-46.525,-70.314,15.46720,1.62740,2.79232
1815.970,-46.656,-69.037,13.15385,-0.68596,2.79917
1816.432,-46.596,-69.042,13.25183,-0.58797,2.80505
1817.104,-46.541,-70.215,15.26574,1.42593,2.79080
1817.712,-46.656,-69.115,13.27299,-0.56682,2.79646
1818.332,-46.598,-69.349,13.72664,-0.11317,2.79760
1818.947,-46.594,-69.799,14.46344,0.62364,2.79136
1819.511,-46.646,-69.131,13.31137,-0.52844,2.79664
1819.934,-46.611,-69.898,14.59825,0.75844,2.78906
1820.594,-46.665,-69.664,14.12426,0.28445,2.78621
1821.195,-46.701,-70.046,14.69659,0.85679,2.77765
1821.714,-46.729,-69.960,14.50681,0.66700,2.77098
1822.338,-46.792,-69.930,14.35172,0.51191,2.76586
1822.804,-46.829,-68.900,12.69157,-1.14824,2.77734
1823.344,-46.742,-69.649,13.97457,0.13476,2.77599
1823.890,-46.739,-69.445,13.65415,-0.18566,2.77785
1824.313,-46.746,-70.088,14.69325,0.85344,2.76931
1824.763,-46.818,-69.969,14.37243,0.53262,2.76399
1825.180,-46.848,-69.434,13.46779,-0.37202,2.76771
1825.748,-46.824,-69.551,13.68844,-0.15137,2.76922
1826.179,-46.805,-69.617,13.82359,-0.01621,2.76938
1826.622,-46.788,-68.914,12.77290,-1.06690,2.78005
1827.240,-46.741,-69.158,13.20905,-0.63075,2.78636
1827.704,-46.685,-69.186,13.33705,-0.50276,2.79139
1828.153,-46.647,-70.634,15.82433,1.98453,2.77154
1828.582,-46.771,-69.830,14.22057,0.38076,2.76774
1829.019,-46.802,-69.722,13.99695,0.15715,2.76616
1829.555,-46.832,-70.234,14.79406,0.95425,2.75662
1830.105,-46.895,-69.992,14.28549,0.44569,2.75216
1830.556,-46.920,-68.994,12.69699,-1.14282,2.76359
1831.104,-46.828,-69.992,14.39553,0.55573,2.75804
1831.742,-46.889,-69.381,13.32333,-0.51648,2.76320
1832.351,-46.889,-70.057,14.40186,0.56206,2.75758
1832.966,-46.903,-69.598,13.63792,-0.20188,2.75960
1833.398,-46.909,-68.786,12.41350,-1.42630,2.77386
1833.821,-46.797,-69.983,14.42997,0.59017,2.76796
1834.262,-46.834,-68.872,12.64464,-1.19517,2.77991
1834.994,-46.741,-69.800,14.22276,0.38295,2.77608
1835.636,-46.770,-69.645,13.92397,0.08416,2.77524
1836.247,-46.761,-69.810,14.20517,0.36536,2.77159
1836.850,-46.783,-69.942,14.38637,0.54657,2.76612
1837.329,-46.861,-68.796,12.49427,-1.34553,2.77958
1837.757,-46.732,-69.040,13.04285,-0.79696,2.78755
1838.212,-46.668,-69.555,13.94368,0.10387,2.78651
1838.648,-46.691,-69.582,13.94874,0.10893,2.78542
1839.225,-46.686,-69.921,14.51307,0.67326,2.77869
1839.814,-46.713,-68.928,12.90440,-0.93541,2.78804
1840.447,-46.680,-69.480,13.80385,-0.03595,2.78840
1841.052,-46.653,-70.375,15.34981,1.51000,2.77330
1841.595,-46.772,-69.511,13.70791,-0.13190,2.77462
1842.134,-46.758,-68.923,12.83058,-1.00922,2.78471
1842.590,-46.707,-69.676,14.07450,0.23469,2.78236
1843.027,-46.695,-70.084,14.77173,0.93192,2.77304
1843.569,-46.772,-69.430,13.58012,-0.25969,2.77564
1843.996,-46.733,-69.190,13.26920,-0.57061,2.78135
1844.444,-46.709,-69.273,13.43438,-0.40542,2.78540
1844.879,-46.673,-69.593,13.99582,0.15602,2.78384
1845.325,-46.689,-69.177,13.31698,-0.52282,2.78907
1845.861,-46.667,-69.240,13.44776,-0.39205,2.79299
1846.411,-46.620,-70.106,14.93846,1.09865,2.78200
1846.852,-46.716,-68.972,12.96524,-0.87457,2.79075
1847.286,-46.645,-68.887,12.94406,-0.89574,2.79971
1847.931,-46.573,-70.060,14.94030,1.10049,2.78870
1848.488,-46.655,-69.696,14.19201,0.35220,2.78518
1848.919,-46.669,-69.087,13.21070,-0.62910,2.79147
1849.357,-46.623,-70.218,15.12681,1.28701,2.77860
1849.785,-46.726,-69.016,13.01582,-0.82399,2.78684
1850.381,-46.694,-70.083,14.77343,0.93362,2.77750
1850.990,-46.715,-69.179,13.28072,-0.55908,2.78309
1851.539,-46.693,-69.914,14.49035,0.65055,2.77659
1851.985,-46.752,-70.169,14.81869,0.97888,2.76680
1852.414,-46.832,-68.640,12.31347,-1.52634,2.78206
1852.973,-46.704,-69.343,13.55004,-0.28976,2.78496
1853.411,-46.699,-68.823,12.76989,-1.06992,2.79566
1853.964,-46.620,-69.824,14.46096,0.62116,2.78945
1854.398,-46.666,-70.240,15.09128,1.25148,2.77693
1854.839,-46.750,-69.503,13.73066,-0.10914,2.77803
1855.262,-46.739,-68.792,12.66535,-1.17446,2.78977
1855.988,-46.643,-69.982,14.68686,0.84706,2.78130
1856.623,-46.686,-69.044,13.11966,-0.72015,2.78850
1857.051,-46.638,-68.913,12.99463,-0.84517,2.79695
1857.647,-46.597,-69.733,14.34921,0.50941,2.79186
1858.099,-46.622,-69.555,14.01652,0.17671,2.79009
1858.535,-46.632,-70.105,14.91554,1.07574,2.77933
1858.989,-46.717,-69.644,14.00594,0.16614,2.77767
1859.429,-46.728,-70.145,14.82037,0.98056,2.76787
1860.002,-46.784,-69.423,13.54963,-0.29018,2.77077
1860.414,-46.785,-69.850,14.23149,0.39168,2.76685
1861.045,-46.801,-70.187,14.76717,0.92737,2.75758
1861.619,-46.890,-69.277,13.16265,-0.67716,2.76435
1862.151,-46.836,-69.392,13.42114,-0.41867,2.76854
1862.775,-46.796,-69.256,13.27399,-0.56582,2.77419
1863.375,-46.751,-69.494,13.71412,-0.12569,2.77545
1863.785,-46.750,-69.562,13.82353,-0.01628,2.77561
1864.402,-46.769,-70.063,14.61209,0.77228,2.76789
1864.916,-46.809,-69.787,14.08992,0.25011,2.76539
1865.347,-46.789,-68.957,12.83570,-1.00410,2.77543
1865.770,-46.754,-68.915,12.82570,-1.01411,2.78557
1866.200,-46.670,-68.977,13.04256,-0.79724,2.79355
1866.648,-46.608,-69.896,14.60168,0.76187,2.78593
1867.079,-46.682,-69.465,13.77583,-0.06398,2.78657
1867.522,-46.627,-70.172,15.03942,1.19962,2.77457
1867.951,-46.748,-69.182,13.23420,-0.60561,2.78063
1868.611,-46.690,-70.106,14.81761,0.97781,2.77085
1869.041,-46.780,-70.130,14.70582,0.86601,2.76219
1869.602,-46.833,-69.404,13.44492,-0.39488,2.76614
1870.253,-46.790,-69.003,12.90181,-0.93800,2.77552
1870.852,-46.728,-69.873,14.36314,0.52334,2.77028
1871.467,-46.804,-70.051,14.53283,0.69303,2.76335
1872.103,-46.836,-70.055,14.48701,0.64721,2.75688
1872.706,-46.877,-68.821,12.50945,-1.33036,2.77018
1873.200,-46.810,-69.387,13.45341,-0.38639,2.77405
1873.637,-46.733,-69.827,14.27847,0.43866,2.76966
1874.232,-46.794,-69.919,14.32994,0.49014,2.76476
1874.753,-46.842,-69.662,13.83638,-0.00343,2.76479
1875.171,-46.825,-68.992,12.83368,-1.00612,2.77486
1875.613,-46.741,-69.199,13.27060,-0.56921,2.78055
1876.199,-46.693,-69.778,14.26313,0.42332,2.77631
1876.698,-46.741,-69.838,14.28375,0.44395,2.77188
1877.149,-46.765,-69.886,14.32364,0.48383,2.76704
1877.580,-46.773,-69.055,13.00548,-0.83433,2.77538
1878.023,-46.735,-69.112,13.14695,-0.69285,2.78231
1878.455,-46.683,-69.447,13.74621,-0.09359,2.78324
1879.048,-46.694,-70.547,15.58250,1.74270,2.76582
1879.463,-46.818,-69.134,13.05604,-0.78377,2.77366
1880.070,-46.749,-68.987,12.93865,-0.90115,2.78267
1880.693,-46.698,-70.455,15.41245,1.57264,2.76694
1881.411,-46.829,-68.910,12.70724,-1.13256,2.77827
1881.957,-46.749,-69.090,13.09342,-0.74638,2.78573
1882.401,-46.694,-70.310,15.16469,1.32489,2.77248
1882.835,-46.774,-68.995,12.91472,-0.92509,2.78173
1883.273,-46.710,-68.765,12.66922,-1.17059,2.79344
1883.898,-46.607,-69.576,14.07458,0.23478,2.79109
1884.350,-46.662,-70.017,14.71532,0.87552,2.78233
1884.982,-46.711,-68.804,12.72510,-1.11470,2.79348
1885.453,-46.622,-70.145,15.00278,1.16298,2.78185
1885.879,-46.713,-68.871,12.82025,-1.01956,2.79205
1886.326,-46.614,-69.087,13.29385,-0.54596,2.79751
1886.775,-46.583,-69.595,14.14389,0.30409,2.79447
1887.198,-46.628,-69.082,13.26471,-0.57509,2.80022
1887.856,-46.554,-68.998,13.24983,-0.58998,2.80612
1888.465,-46.533,-68.909,13.14643,-0.69337,2.81305
1888.936,-46.496,-70.244,15.39456,1.55475,2.79750
1889.594,-46.574,-70.091,14.99281,1.15301,2.78597
1890.208,-46.666,-69.383,13.67259,-0.16721,2.78765
1890.696,-46.647,-70.133,14.93952,1.09971,2.77665
1891.136,-46.715,-69.330,13.51339,-0.32641,2.77991
1891.689,-46.718,-69.031,13.05066,-0.78915,2.78780
1892.279,-46.652,-69.953,14.62227,0.78247,2.77998
1892.891,-46.701,-70.254,15.05259,1.21279,2.76785
1893.488,-46.808,-69.512,13.65222,-0.18758,2.76973
1894.199,-46.776,-70.080,14.62828,0.78847,2.76184
1894.650,-46.831,-69.668,13.86338,0.02358,2.76161
1895.227,-46.806,-69.831,14.16651,0.32670,2.75834
1895.857,-46.842,-69.799,14.05653,0.21672,2.75617
1896.454,-46.870,-69.202,13.07985,-0.75996,2.76377
1897.075,-46.818,-69.680,13.90237,0.06257,2.76315
1897.650,-46.829,-68.947,12.76065,-1.07916,2.77394
1898.183,-46.772,-69.481,13.66045,-0.17935,2.77573
1898.612,-46.740,-69.914,14.41113,0.57133,2.77002
1899.126,-46.777,-69.302,13.37328,-0.46653,2.77468
1899.676,-46.753,-69.049,13.02689,-0.81291,2.78281
1900.102,-46.697,-69.114,13.20886,-0.63094,2.78912
1900.756,-46.658,-68.749,12.72200,-1.11781,2.80030
1901.454,-46.552,-69.977,14.83242,0.99261,2.79037
1901.989,-46.641,-69.579,14.02372,0.18391,2.78853
1902.403,-46.666,-69.696,14.17530,0.33549,2.78518
1902.844,-46.699,-69.831,14.34233,0.50253,2.78015
1903.386,-46.703,-69.551,13.88146,0.04165,2.77974
1903.834,-46.721,-68.928,12.89316,-0.94665,2.78920
1904.272,-46.656,-68.901,12.94944,-0.89037,2.79811
1904.786,-46.589,-69.450,13.89992,0.06012,2.79751
1905.474,-46.592,-68.952,13.12144,-0.71837,2.80469
1906.078,-46.543,-69.639,14.28130,0.44149,2.80028
1906.682,-46.569,-70.255,15.28581,1.44601,2.78582
1907.113,-46.670,-69.077,13.19335,-0.64646,2.79228
1907.712,-46.612,-69.969,14.71795,0.87814,2.78350
1908.446,-46.681,-69.115,13.23367,-0.60614,2.78956
1909.062,-46.634,-69.735,14.29110,0.45129,2.78505
1909.524,-46.661,-69.462,13.80632,-0.03348,2.78538
1909.961,-46.661,-69.950,14.60228,0.76248,2.77776
1910.594,-46.737,-70.005,14.56722,0.72742,2.77048
1911.171,-46.765,-69.387,13.52394,-0.31586,2.77364
1911.692,-46.732,-69.968,14.51507,0.67527,2.76689
1912.154,-46.795,-68.922,12.77485,-1.06495,2.77754
1912.585,-46.720,-68.984,12.97751,-0.86230,2.78616
1913.018,-46.663,-69.118,13.26670,-0.57310,2.79189
1913.448,-46.625,-69.506,13.93377,0.09397,2.79095
1913.881,-46.640,-69.819,14.41996,0.58015,2.78515
1914.489,-46.671,-69.961,14.60580,0.76599,2.77749
1915.193,-46.753,-69.036,13.00501,-0.83480,2.78584
1915.648,-46.668,-69.421,13.72948,-0.11033,2.78694
1916.201,-46.663,-69.024,13.12334,-0.71647,2.79411
1916.730,-46.616,-69.266,13.56710,-0.27271,2.79683
1917.171,-46.599,-69.558,14.05858,0.21877,2.79465
1917.617,-46.605,-69.726,14.32295,0.48315,2.78982
1918.152,-46.642,-68.810,12.83493,-1.00488,2.79986
1918.613,-46.588,-68.598,12.60395,-1.23586,2.81222
1919.196,-46.468,-69.211,13.71408,-0.12572,2.81348
1919.907,-46.480,-69.891,14.80998,0.97018,2.80378
1920.519,-46.560,-69.952,14.77822,0.93841,2.79439
1921.014,-46.626,-69.052,13.22240,-0.61740,2.80057
1921.445,-46.563,-68.913,13.10545,-0.73436,2.80791
1921.979,-46.501,-69.889,14.76912,0.92931,2.79862
1922.424,-46.570,-68.656,12.71537,-1.12444,2.80986
1922.883,-46.497,-70.251,15.40545,1.56565,2.79421
1923.493,-46.609,-70.006,14.78599,0.94619,2.78474
1923.967,-46.672,-69.361,13.62886,-0.21094,2.78685
1924.403,-46.653,-70.000,14.70134,0.86153,2.77824
1924.828,-46.696,-69.663,14.07290,0.23309,2.77591
1925.268,-46.756,-68.971,12.90433,-0.93547,2.78526
1925.940,-46.679,-69.233,13.41831,-0.42149,2.78948
1926.371,-46.640,-69.534,13.95409,0.11428,2.78833
1926.987,-46.642,-69.830,14.43402,0.59422,2.78239
1927.559,-46.694,-68.942,12.95397,-0.88584,2.79125
1928.006,-46.625,-68.810,12.86044,-0.97937,2.80104
1928.609,-46.547,-69.434,13.94424,0.10443,2.80000
1929.232,-46.550,-69.240,13.62864,-0.21117,2.80211
1929.754,-46.551,-70.019,14.90801,1.06820,2.79143
1930.358,-46.627,-68.890,12.97723,-0.86258,2.80006
1930.971,-46.586,-70.057,14.91265,1.07284,2.78933
1931.397,-46.626,-69.708,14.25962,0.41981,2.78513
1931.837,-46.679,-69.349,13.59985,-0.23996,2.78753
1932.268,-46.648,-68.734,12.71565,-1.12416,2.79877
1932.792,-46.564,-69.088,13.37263,-0.46717,2.80344
1933.419,-46.542,-70.045,14.96690,1.12710,2.79217
1933.912,-46.596,-68.947,13.10835,-0.73145,2.79949
1934.547,-46.547,-69.799,14.54237,0.70257,2.79246
1935.155,-46.614,-69.162,13.40925,-0.43055,2.79677
1935.655,-46.592,-68.756,12.82930,-1.01051,2.80687
1936.284,-46.500,-68.768,12.98394,-0.85587,2.81543
1936.862,-46.462,-69.410,14.04176,0.20195,2.81341
1937.412,-46.474,-69.242,13.75377,-0.08603,2.81427
1937.842,-46.459,-68.761,13.03453,-0.80528,2.82232
1938.432,-46.405,-69.837,14.84691,1.00710,2.81225
1938.956,-46.476,-69.549,14.24421,0.40440,2.80821
1939.570,-46.494,-69.184,13.63068,-0.20912,2.81030
1940.177,-46.466,-69.870,14.79786,0.95805,2.80072
1940.599,-46.529,-70.192,15.24559,1.40578,2.78666
1941.201,-46.629,-69.705,14.24846,0.40866,2.78257
1941.815,-46.680,-69.525,13.87515,0.03534,2.78222
1942.237,-46.661,-69.328,13.59317,-0.24664,2.78469
1942.778,-46.655,-68.749,12.72755,-1.11225,2.79581
1943.214,-46.573,-69.460,13.94295,0.10315,2.79478
1943.652,-46.603,-69.616,14.14633,0.30653,2.79171
1944.190,-46.598,-69.053,13.26559,-0.57421,2.79746
1944.738,-46.563,-69.825,14.55879,0.71899,2.79027
1945.173,-46.587,-68.931,13.09904,-0.74076,2.79767
1945.891,-46.550,-68.873,13.06722,-0.77258,2.80540
1946.538,-46.532,-68.906,13.14377,-0.69604,2.81236
1947.243,-46.468,-68.803,13.08380,-0.75601,2.81992
1947.802,-46.405,-69.233,13.84931,0.00950,2.81982
1948.373,-46.423,-69.976,15.05368,1.21387,2.80769
1948.978,-46.502,-69.019,13.36077,-0.47903,2.81248
1949.590,-46.464,-69.310,13.87714,0.03733,2.81210
1950.013,-46.480,-70.301,15.52706,1.68725,2.79523
1950.624,-46.588,-68.944,13.11662,-0.72318,2.80246
1951.089,-46.534,-69.544,14.14174,0.30194,2.79944
1951.516,-46.539,-69.212,13.60350,-0.23631,2.80181
1951.969,-46.559,-68.673,12.75502,-1.08478,2.81265
1952.389,-46.471,-68.932,13.27531,-0.56449,2.81830
1952.827,-46.407,-69.863,14.88676,1.04696,2.80783
1953.258,-46.487,-70.171,15.28285,1.44304,2.79340
1953.969,-46.612,-69.948,14.68350,0.84370,2.78496
1954.602,-46.638,-69.894,14.54870,0.70890,2.77787
1954.999,-46.712,-69.331,13.51901,-0.32080,2.78108
1955.443,-46.675,-68.930,12.96465,-0.87516,2.78983
1955.985,-46.628,-68.757,12.77773,-1.06208,2.80045
1956.526,-46.554,-70.000,14.87024,1.03044,2.79015
1956.963,-46.643,-69.181,13.39442,-0.44539,2.79460
1957.400,-46.598,-70.184,15.11090,1.27110,2.78189
1957.984,-46.686,-68.762,12.70011,-1.13970,2.79329
1958.392,-46.584,-69.364,13.77100,-0.06880,2.79398
1959.005,-46.595,-69.354,13.73963,-0.10017,2.79498
1959.518,-46.583,-69.385,13.80788,-0.03193,2.79530
1960.035,-46.591,-69.266,13.60594,-0.23386,2.79764
1960.573,-46.549,-68.746,12.87806,-0.96175,2.80725
1961.018,-46.505,-69.788,14.59306,0.75325,2.79972
1961.456,-46.562,-69.638,14.25059,0.41078,2.79561
1961.894,-46.586,-70.182,15.13007,1.29027,2.78271
1962.430,-46.668,-70.084,14.81903,0.97922,2.77292
1962.875,-46.747,-69.043,13.02487,-0.81494,2.78107
1963.318,-46.670,-69.172,13.33788,-0.50193,2.78609
1963.865,-46.654,-69.919,14.56325,0.72345,2.77885
1964.406,-46.726,-69.062,13.08534,-0.75447,2.78640
1964.957,-46.634,-69.208,13.44892,-0.39088,2.79031
1965.387,-46.620,-70.238,15.16795,1.32814,2.77702
1965.933,-46.725,-69.441,13.67025,-0.16955,2.77872
1966.379,-46.705,-69.704,14.12421,0.28440,2.77588
1966.817,-46.722,-69.756,14.18025,0.34045,2.77247
1967.364,-46.749,-70.135,14.76778,0.92798,2.76319
1967.920,-46.808,-69.863,14.21619,0.37638,2.75943
1968.349,-46.850,-68.937,12.71652,-1.12328,2.77066
1968.949,-46.745,-69.720,14.08512,0.24531,2.76821
1969.457,-46.762,-69.153,13.16839,-0.67142,2.77492
1969.873,-46.713,-68.717,12.59460,-1.24521,2.78737
1970.476,-46.627,-68.792,12.83127,-1.00854,2.79746
1970.966,-46.575,-69.087,13.35353,-0.48627,2.80232
1971.413,-46.527,-70.208,15.27770,1.43789,2.78794
1971.949,-46.614,-70.347,15.37020,1.53040,2.77264
1972.400,-46.732,-69.024,13.01919,-0.82062,2.78085
1973.038,-46.672,-69.166,13.32586,-0.51395,2.78598
1973.595,-46.655,-69.764,14.30262,0.46282,2.78136
1974.030,-46.673,-69.320,13.56285,-0.27695,2.78413
1974.580,-46.661,-69.764,14.29351,0.45370,2.77959
1975.186,-46.680,-68.922,12.94543,-0.89437,2.78853
1975.670,-46.621,-70.056,14.85209,1.01229,2.77841
1976.284,-46.688,-70.102,14.81486,0.97506,2.76866
1976.931,-46.754,-68.936,12.85583,-0.98398,2.77850
1977.336,-46.673,-69.833,14.38941,0.54961,2.77300
1977.759,-46.732,-69.262,13.38150,-0.45830,2.77759
1978.194,-46.687,-69.718,14.17632,0.33651,2.77422
1978.784,-46.727,-69.679,14.04747,0.20766,2.77214
1979.193,-46.750,-69.414,13.59010,-0.24970,2.77464
1979.795,-46.716,-68.995,12.99971,-0.84010,2.78304
1980.271,-46.645,-69.975,14.67323,0.83343,2.77471
1980.704,-46.744,-69.991,14.53269,0.69288,2.76778
1981.147,-46.735,-69.548,13.82407,-0.01574,2.76794
1981.738,-46.770,-69.361,13.47552,-0.36429,2.77158
1982.146,-46.744,-70.107,14.72825,0.88845,2.76269
1982.566,-46.817,-68.835,12.61571,-1.22410,2.77494
1983.005,-46.717,-69.694,14.08763,0.24782,2.77246
1983.435,-46.736,-69.399,13.58733,-0.25247,2.77498
1983.874,-46.727,-69.533,13.81294,-0.02687,2.77525
1984.508,-46.720,-70.433,15.33287,1.49307,2.76032
1984.963,-46.830,-70.072,14.52481,0.68500,2.75347
1985.409,-46.865,-68.637,12.26262,-1.57719,2.76924
1985.842,-46.752,-70.002,14.53800,0.69820,2.76226
1986.387,-46.810,-69.710,13.96399,0.12419,2.76102
1986.835,-46.831,-69.560,13.69056,-0.14925,2.76251
1987.269,-46.820,-68.914,12.72645,-1.11336,2.77364
1987.809,-46.738,-69.538,13.80368,-0.03613,2.77401
1988.246,-46.726,-69.292,13.43590,-0.40391,2.77804
1988.688,-46.690,-68.997,13.04094,-0.79887,2.78603
1989.131,-46.665,-69.046,13.15425,-0.68556,2.79289
1989.557,-46.589,-70.142,15.05377,1.21396,2.78075
1990.111,-46.678,-69.009,13.07723,-0.76257,2.78838
1990.557,-46.603,-69.116,13.35502,-0.48478,2.79322
1991.173,-46.594,-69.599,14.13317,0.29336,2.79029
1991.644,-46.611,-70.214,15.14097,1.30116,2.77728
1992.084,-46.697,-70.076,14.75605,0.91624,2.76812
1992.699,-46.766,-69.342,13.45225,-0.38756,2.77199
1993.286,-46.739,-69.399,13.58290,-0.25690,2.77456
1993.924,-46.712,-68.914,12.88584,-0.95397,2.78410
1994.377,-46.634,-69.908,14.57695,0.73714,2.77673
1994.805,-46.704,-69.805,14.28998,0.45017,2.77223
1995.248,-46.725,-69.292,13.43841,-0.40140,2.77624
1995.957,-46.698,-70.025,14.66756,0.82776,2.76796
1996.360,-46.773,-68.917,12.79900,-1.04081,2.77837
1996.784,-46.704,-69.383,13.61287,-0.22694,2.78064
1997.335,-46.672,-70.043,14.74160,0.90179,2.77162
1997.916,-46.752,-69.183,13.23018,-0.60962,2.77772
1998.431,-46.683,-69.182,13.33278,-0.50703,2.78279
1998.854,-46.626,-69.212,13.46797,-0.37183,2.78651
1999.458,-46.627,-70.206,15.09947,1.25966,2.77391
1999.855,-46.733,-69.246,13.35636,-0.48344,2.77875
2000.395,-46.678,-69.955,14.58317,0.74336,2.77131
2000.996,-46.750,-69.799,14.20414,0.36434,2.76767
2001.485,-46.748,-69.296,13.40964,-0.43017,2.77197
2001.919,-46.733,-70.078,14.69652,0.85671,2.76340
2002.359,-46.799,-69.356,13.42387,-0.41593,2.76756
2002.947,-46.774,-68.859,12.71301,-1.12680,2.77883
2003.345,-46.673,-70.018,14.69825,0.85845,2.77025
2003.962,-46.746,-70.115,14.73833,0.89852,2.76126
2004.475,-46.824,-68.992,12.83568,-1.00413,2.77130
2004.881,-46.737,-69.677,14.02736,0.18755,2.76943
2005.450,-46.766,-69.935,14.40317,0.56337,2.76379
2006.014,-46.808,-70.164,14.71594,0.87613,2.75503
2006.568,-46.857,-68.960,12.73995,-1.09985,2.76603
2007.136,-46.773,-69.986,14.47707,0.63726,2.75966
2007.756,-46.801,-68.989,12.86491,-0.97490,2.76941
2008.263,-46.766,-69.286,13.36523,-0.47457,2.77415
2008.704,-46.706,-69.990,14.59489,0.75509,2.76660
2009.246,-46.768,-69.581,13.82460,-0.01520,2.76675
2009.980,-46.774,-68.955,12.85451,-0.98530,2.77661
2010.562,-46.703,-69.573,13.91595,0.07615,2.77584
2011.001,-46.700,-70.233,15.01851,1.17870,2.76406
2011.437,-46.793,-68.881,12.71828,-1.12152,2.77527
2011.873,-46.703,-69.085,13.15440,-0.68541,2.78213
2012.416,-46.672,-68.938,12.98012,-0.85968,2.79072
2012.857,-46.605,-69.444,13.86655,0.02674,2.79046
2013.299,-46.596,-69.065,13.28823,-0.55158,2.79597
2013.848,-46.569,-69.194,13.52862,-0.31118,2.79908
2014.412,-46.545,-68.958,13.20254,-0.63726,2.80546
2014.833,-46.505,-68.825,13.06213,-0.77768,2.81323
2015.270,-46.448,-69.587,14.35345,0.51364,2.80810
2015.708,-46.483,-69.775,14.60814,0.76833,2.80041
2016.303,-46.537,-69.266,13.69229,-0.14752,2.80189
2017.054,-46.515,-70.206,15.29438,1.45458,2.78734
2017.576,-46.635,-69.162,13.37646,-0.46334,2.79198
2018.004,-46.579,-68.885,13.04139,-0.79841,2.79996
2018.595,-46.521,-70.154,15.19280,1.35300,2.78643
2019.115,-46.623,-68.931,13.04370,-0.79611,2.79439
2019.639,-46.545,-68.771,12.92102,-0.91879,2.80358
2020.082,-46.487,-69.884,14.78589,0.94608,2.79412
2020.628,-46.549,-70.150,15.13629,1.29648,2.78115
2021.058,-46.669,-69.380,13.66309,-0.17671,2.78292
2021.663,-46.661,-70.172,14.98122,1.14142,2.77151
2022.190,-46.712,-68.999,13.01204,-0.82777,2.77978
2022.984,-46.680,-70.169,14.94279,1.10299,2.76875
2023.616,-46.746,-68.658,12.46234,-1.37746,2.78253
2024.138,-46.646,-68.958,13.04967,-0.79013,2.79043
2024.563,-46.613,-68.940,13.07233,-0.76748,2.79811
2025.004,-46.544,-69.143,13.48764,-0.35217,2.80163
2025.440,-46.522,-69.832,14.63724,0.79744,2.79365
2025.871,-46.574,-68.785,12.89921,-0.94060,2.80306
2026.431,-46.496,-70.115,15.16912,1.32931,2.78977
2026.854,-46.601,-69.336,13.70042,-0.13938,2.79116
2027.299,-46.597,-69.146,13.41053,-0.42927,2.79545
2027.737,-46.580,-70.087,14.97404,1.13424,2.78411
2028.171,-46.624,-69.291,13.59379,-0.24602,2.78657
2028.745,-46.633,-68.740,12.74517,-1.09464,2.79752
2029.364,-46.543,-68.943,13.18303,-0.65678,2.80408
2029.809,-46.506,-68.831,13.06935,-0.77046,2.81179
2030.253,-46.449,-69.136,13.62459,-0.21521,2.81394
2030.974,-46.424,-69.177,13.73008,-0.10972,2.81504
2031.565,-46.414,-68.901,13.31471,-0.52510,2.82029
2031.995,-46.380,-69.133,13.72928,-0.11052,2.82139
2032.436,-46.370,-69.426,14.21694,0.37714,2.81762
2032.871,-46.381,-69.092,13.66389,-0.17592,2.81938
2033.448,-46.377,-69.610,14.50963,0.66983,2.81268
2033.961,-46.440,-69.867,14.83776,0.99796,2.80270
2034.400,-46.516,-69.105,13.47291,-0.36690,2.80637
2034.838,-46.464,-69.221,13.73642,-0.10338,2.80741
2035.396,-46.460,-69.282,13.83896,-0.00084,2.80742
2036.012,-46.471,-68.718,12.95257,-0.88724,2.81629
2036.486,-46.421,-70.132,15.33103,1.49122,2.80138
2037.034,-46.537,-70.167,15.18676,1.34695,2.78791
2037.650,-46.602,-70.250,15.21850,1.37869,2.77412
2038.267,-46.694,-69.656,14.06350,0.22369,2.77188
2038.884,-46.730,-70.149,14.82426,0.98445,2.76204
2039.432,-46.787,-68.909,12.76691,-1.07290,2.77277
2039.872,-46.722,-69.001,12.99920,-0.84060,2.78117
2040.414,-46.664,-69.739,14.24809,0.40829,2.77709
2041.037,-46.699,-69.780,14.25813,0.41832,2.77291
2041.627,-46.731,-70.067,14.68266,0.84286,2.76448
2042.057,-46.756,-68.583,12.34075,-1.49906,2.77947
2042.609,-46.652,-68.917,12.97865,-0.86116,2.78808
2043.183,-46.585,-69.076,13.32159,-0.51822,2.79326
2043.596,-46.554,-70.201,15.21823,1.37843,2.77948
2044.137,-46.670,-68.661,12.57691,-1.26290,2.79211
2044.716,-46.596,-68.827,12.92832,-0.91148,2.80122
2045.131,-46.511,-69.734,14.49359,0.65379,2.79468
2045.565,-46.549,-69.053,13.34091,-0.49889,2.79967
2045.999,-46.531,-69.539,14.13840,0.29859,2.79669
2046.436,-46.525,-68.895,13.13649,-0.70332,2.80372
2047.184,-46.501,-68.985,13.31018,-0.52962,2.80902
2047.759,-46.448,-69.535,14.26848,0.42868,2.80473
2048.186,-46.466,-69.045,13.45781,-0.38199,2.80855
2048.622,-46.449,-69.461,14.14497,0.30517,2.80550
2049.062,-46.472,-69.726,14.54527,0.70547,2.79844
2049.502,-46.521,-69.065,13.40316,-0.43665,2.80281
2050.042,-46.503,-69.403,13.96342,0.12362,2.80157
2050.591,-46.509,-69.044,13.38818,-0.45162,2.80609
2051.172,-46.472,-68.903,13.22936,-0.61044,2.81219
2051.779,-46.446,-70.048,15.13871,1.29891,2.79921
2052.388,-46.541,-69.050,13.34823,-0.49157,2.80412
2052.790,-46.483,-69.315,13.85570,0.01589,2.80396
2053.412,-46.500,-69.191,13.63160,-0.20821,2.80604
2053.876,-46.461,-69.397,14.02084,0.18103,2.80423
2054.427,-46.474,-69.023,13.40977,-0.43004,2.80853
2054.971,-46.435,-69.025,13.47466,-0.36515,2.81219
2055.511,-46.406,-69.917,14.98056,1.14076,2.80078
2056.086,-46.494,-68.739,12.94889,-0.89092,2.80969
2056.489,-46.454,-69.550,14.28207,0.44226,2.80526
2056.942,-46.471,-69.160,13.62940,-0.21041,2.80737
2057.379,-46.472,-69.419,14.03952,0.19972,2.80537
2057.807,-46.468,-69.349,13.93422,0.09441,2.80443
2058.440,-46.482,-69.445,14.06559,0.22578,2.80217
2058.900,-46.496,-69.619,14.32731,0.48751,2.79729
2059.348,-46.521,-68.712,12.86828,-0.97153,2.80701
2059.785,-46.442,-70.059,15.16512,1.32531,2.79376
2060.329,-46.549,-69.666,14.31693,0.47712,2.78899
2060.901,-46.572,-69.280,13.65884,-0.18096,2.79079
2061.316,-46.592,-70.266,15.26420,1.42439,2.77655
2061.744,-46.673,-69.724,14.20887,0.36906,2.77286
2062.188,-46.710,-69.728,14.15417,0.31437,2.76972
2062.628,-46.719,-69.243,13.37137,-0.46844,2.77440
2063.059,-46.698,-70.078,14.75711,0.91731,2.76523
2063.662,-46.767,-70.021,14.54470,0.70489,2.75818
2064.155,-46.794,-69.281,13.31489,-0.52492,2.76343
2064.786,-46.753,-69.299,13.40520,-0.43460,2.76777
2065.248,-46.726,-69.767,14.19243,0.35263,2.76425
2065.885,-46.764,-69.362,13.48675,-0.35306,2.76778
2066.343,-46.721,-69.835,14.31243,0.47263,2.76305
2066.936,-46.729,-68.733,12.59549,-1.24432,2.77550
2067.452,-46.688,-68.665,12.55508,-1.28473,2.78834
2067.865,-46.583,-69.961,14.75387,0.91406,2.77920
2068.474,-46.668,-69.964,14.61526,0.77545,2.77145
2068.872,-46.694,-68.916,12.91616,-0.92365,2.78068
2069.292,-46.634,-70.058,14.83105,0.99125,2.77077
2069.723,-46.740,-70.089,14.70501,0.86521,2.76212
2070.175,-46.787,-69.832,14.19790,0.35809,2.75854
2070.715,-46.811,-69.806,14.11755,0.27775,2.75576
2071.160,-46.828,-69.683,13.89250,0.05269,2.75523
2071.829,-46.825,-70.099,14.57869,0.73888,2.74785
2072.249,-46.872,-69.061,12.86581,-0.97399,2.75759
2072.680,-46.791,-68.840,12.66148,-1.17833,2.76937
2073.285,-46.709,-69.411,13.65000,-0.18980,2.77127
2073.799,-46.706,-68.948,12.94522,-0.89458,2.78021
2074.332,-46.633,-69.797,14.39427,0.55446,2.77467
2074.868,-46.682,-68.751,12.68935,-1.15046,2.78617
2075.435,-46.590,-69.744,14.37695,0.53714,2.78080
2075.857,-46.653,-68.847,12.87318,-0.96662,2.79047
2076.464,-46.572,-69.223,13.56866,-0.27115,2.79318
2076.967,-46.556,-69.578,14.16085,0.32104,2.78997
2077.389,-46.572,-69.710,14.35173,0.51192,2.78485
2077.996,-46.613,-68.730,12.75955,-1.08026,2.79565
2078.614,-46.534,-69.132,13.48631,-0.35350,2.79919
2079.025,-46.505,-70.006,14.96423,1.12442,2.78794
2079.638,-46.554,-69.425,13.91664,0.07684,2.78717
2080.125,-46.575,-69.080,13.34313,-0.49668,2.79214
2080.555,-46.588,-69.036,13.25549,-0.58432,2.79798
2081.176,-46.509,-69.035,13.37452,-0.46529,2.80264
2081.647,-46.488,-68.966,13.30136,-0.53845,2.80802
2082.088,-46.456,-69.554,14.28626,0.44646,2.80356
2082.710,-46.470,-70.053,15.10589,1.26609,2.79090
2083.223,-46.566,-69.533,14.07083,0.23102,2.78859
2083.623,-46.550,-69.506,14.05318,0.21338,2.78645
2084.063,-46.583,-68.715,12.78173,-1.05808,2.79703
2084.494,-46.515,-69.529,14.14812,0.30831,2.79395
2084.934,-46.537,-70.044,14.97575,1.13595,2.78259
2085.375,-46.602,-68.931,13.07507,-0.76474,2.79024
2085.813,-46.551,-70.083,15.01758,1.17777,2.77846
2086.356,-46.650,-68.973,13.06667,-0.77313,2.78619
2086.794,-46.584,-69.440,13.89281,0.05301,2.78566
2087.236,-46.608,-70.040,14.84586,1.00606,2.77560
2087.671,-46.677,-69.095,13.20897,-0.63083,2.78191
2088.214,-46.615,-68.987,13.13924,-0.70056,2.78891
2088.650,-46.573,-69.892,14.65450,0.81469,2.78077
2089.094,-46.622,-68.973,13.10818,-0.73163,2.78808
2089.670,-46.565,-69.127,13.42999,-0.40982,2.79218
2090.285,-46.549,-69.373,13.84225,0.00245,2.79216
2090.895,-46.552,-69.302,13.72470,-0.11511,2.79331
2091.408,-46.536,-70.142,15.14536,1.30556,2.78025
2092.025,-46.641,-68.845,12.88921,-0.95060,2.78976
2092.644,-46.586,-69.221,13.54368,-0.29612,2.79272
2093.147,-46.543,-69.262,13.67696,-0.16285,2.79435
2093.681,-46.544,-69.612,14.23596,0.39615,2.79039
2094.124,-46.566,-69.876,14.63832,0.79852,2.78240
2094.554,-46.595,-68.782,12.86281,-0.97700,2.79217
2095.001,-46.543,-68.938,13.17473,-0.66507,2.79882
2095.432,-46.507,-69.352,13.87532,0.03551,2.79847
2095.880,-46.518,-69.734,14.48089,0.64109,2.79206
2096.422,-46.552,-69.768,14.48114,0.64133,2.78564
2096.857,-46.593,-70.044,14.87974,1.03994,2.77524
2097.299,-46.665,-69.897,14.50763,0.66782,2.76857
2097.729,-46.716,-69.951,14.51264,0.67283,2.76184
2098.377,-46.772,-69.389,13.51665,-0.32316,2.76507
2098.992,-46.731,-69.667,14.02175,0.18195,2.76325
2099.498,-46.768,-69.173,13.19003,-0.64977,2.76975
2099.926,-46.701,-69.941,14.52043,0.68062,2.76294
2100.520,-46.722,-70.420,15.30750,1.46769,2.74826
2101.040,-46.862,-68.805,12.50677,-1.33304,2.76159
2101.560,-46.773,-69.827,14.21380,0.37400,2.75785
2101.996,-46.817,-69.946,14.33676,0.49695,2.75289
2102.432,-46.837,-68.733,12.43900,-1.40081,2.76689
2102.878,-46.744,-69.946,14.45809,0.61829,2.76071
2103.493,-46.746,-68.992,12.95129,-0.88852,2.76960
2103.966,-46.719,-68.870,12.81013,-1.02968,2.77989
2104.397,-46.639,-69.894,14.54577,0.70596,2.77283
2104.846,-46.697,-69.468,13.75779,-0.08202,2.77365
2105.433,-46.676,-69.185,13.34835,-0.49146,2.77857
2105.834,-46.632,-69.983,14.70898,0.86918,2.76988
2106.259,-46.706,-69.714,14.13853,0.29873,2.76689
2106.701,-46.728,-69.099,13.13865,-0.70115,2.77390
2107.146,-46.675,-68.819,12.79978,-1.04003,2.78430
2107.683,-46.586,-69.556,14.07719,0.23739,2.78193
2108.120,-46.611,-69.641,14.17439,0.33459,2.77858
2108.562,-46.631,-69.538,13.97570,0.13589,2.77722
2109.003,-46.648,-68.946,13.02855,-0.81125,2.78533
2109.640,-46.589,-68.932,13.09654,-0.74327,2.79277
2110.287,-46.543,-69.790,14.53325,0.69345,2.78583
2110.740,-46.579,-68.976,13.17895,-0.66086,2.79244
2111.383,-46.547,-68.917,13.13738,-0.70242,2.79946
2111.942,-46.498,-68.989,13.32059,-0.51922,2.80466
2112.387,-46.456,-69.595,14.35209,0.51229,2.79953
2113.019,-46.499,-69.577,14.25319,0.41339,2.79540
2113.626,-46.521,-70.012,14.94741,1.10761,2.78432
2114.030,-46.593,-69.167,13.44838,-0.39142,2.78824
2114.651,-46.569,-69.272,13.65099,-0.18882,2.79013
2115.268,-46.534,-70.229,15.30138,1.46158,2.77551
2115.872,-46.662,-70.121,14.89154,1.05173,2.76499
2116.494,-46.728,-69.579,13.88511,0.04530,2.76454
2117.084,-46.730,-68.937,12.89373,-0.94607,2.77400
2117.620,-46.683,-68.781,12.73318,-1.10662,2.78507
2118.169,-46.594,-69.595,14.12610,0.28629,2.78220
2118.605,-46.635,-70.008,14.74513,0.90533,2.77315
2119.048,-46.672,-69.958,14.59813,0.75833,2.76557
2119.479,-46.741,-69.998,14.54941,0.70961,2.75847
2119.918,-46.785,-69.262,13.29945,-0.54036,2.76388
2120.355,-46.746,-69.332,13.46743,-0.37237,2.76760
2120.998,-46.703,-69.927,14.49536,0.65556,2.76104
2121.595,-46.750,-69.832,14.25893,0.41912,2.75685
2121.999,-46.797,-69.820,14.16170,0.32189,2.75363
2122.427,-46.813,-70.053,14.52213,0.68233,2.74681
2123.014,-46.869,-69.901,14.17789,0.33808,2.74343
2123.411,-46.870,-70.067,14.44916,0.60935,2.73734
2123.846,-46.905,-69.258,13.11131,-0.72849,2.74462
2124.463,-46.881,-68.638,12.24190,-1.59791,2.76060
2124.933,-46.762,-69.142,13.15189,-0.68792,2.76748
2125.487,-46.722,-69.350,13.53345,-0.30636,2.77054
2126.023,-46.712,-70.047,14.68170,0.84189,2.76212
2126.577,-46.755,-68.859,12.74042,-1.09939,2.77312
2127.132,-46.690,-68.864,12.84525,-0.99455,2.78306
2127.568,-46.624,-69.173,13.41098,-0.42883,2.78735
2127.998,-46.584,-70.055,14.91306,1.07325,2.77662
2128.544,-46.654,-69.456,13.80644,-0.03336,2.77695
2128.977,-46.664,-68.912,12.95381,-0.88599,2.78581
2129.420,-46.584,-70.017,14.84727,1.00747,2.77574
2129.862,-46.650,-70.177,15.00922,1.16942,2.76404
2130.498,-46.742,-69.882,14.35544,0.51564,2.75889
2131.119,-46.773,-68.994,12.91445,-0.92536,2.76814
2131.723,-46.717,-69.199,13.30800,-0.53180,2.77346
2132.159,-46.656,-68.665,12.60212,-1.23768,2.78584
2132.592,-46.580,-68.952,13.14027,-0.69954,2.79283
2133.163,-46.521,-69.985,14.90035,1.06055,2.78223
2133.683,-46.627,-70.014,14.76892,0.92911,2.77293
2134.117,-46.665,-69.069,13.18787,-0.65193,2.77945
2134.558,-46.639,-69.462,13.84076,0.00095,2.77944
2135.105,-46.642,-68.666,12.62358,-1.21623,2.79161
2135.529,-46.557,-70.172,15.16173,1.32192,2.77839
2136.131,-46.656,-68.914,12.96984,-0.86997,2.78709
2136.527,-46.582,-69.860,14.58458,0.74477,2.77964
2136.965,-46.626,-70.289,15.24584,1.40603,2.76558
2137.402,-46.738,-70.209,14.91146,1.07165,2.75486
2137.964,-46.804,-69.951,14.36602,0.52622,2.74960
2138.585,-46.862,-69.490,13.53288,-0.30693,2.75267
2139.205,-46.846,-68.866,12.61781,-1.22200,2.76489
2139.917,-46.743,-68.742,12.58828,-1.25152,2.77740
2140.351,-46.648,-68.683,12.64024,-1.19957,2.78940
2140.782,-46.573,-69.045,13.29118,-0.54862,2.79489
2141.330,-46.535,-68.729,12.87351,-0.96630,2.80455
2141.777,-46.462,-70.045,15.10606,1.26625,2.79189
2142.204,-46.531,-69.183,13.56979,-0.27002,2.79459
2142.852,-46.533,-70.026,14.95054,1.11073,2.78348
2143.300,-46.598,-68.763,12.83026,-1.00955,2.79358
2143.841,-46.536,-69.484,14.03969,0.19988,2.79158
2144.390,-46.546,-68.951,13.18961,-0.65020,2.79808
2144.833,-46.499,-70.019,14.99573,1.15592,2.78652
2145.437,-46.562,-70.078,14.99014,1.15033,2.77502
2146.050,-46.669,-69.550,13.93290,0.09310,2.77409
2146.468,-46.680,-69.203,13.37066,-0.46915,2.77878
2147.072,-46.641,-68.955,13.05275,-0.78706,2.78665
2147.471,-46.579,-69.691,14.30904,0.46923,2.78195
2147.898,-46.624,-69.134,13.35088,-0.48892,2.78684
2148.333,-46.578,-69.446,13.91343,0.07362,2.78611
2148.769,-46.586,-69.407,13.83717,-0.00264,2.78613
2149.320,-46.596,-69.168,13.44698,-0.39282,2.79006
2149.752,-46.573,-68.908,13.08404,-0.75577,2.79762
2150.369,-46.506,-68.779,12.99152,-0.84829,2.80610
2150.864,-46.453,-69.545,14.27592,0.43612,2.80174
2151.474,-46.463,-69.993,15.01439,1.17459,2.79000
2152.085,-46.532,-69.790,14.55128,0.71148,2.78288
2152.605,-46.573,-69.641,14.23739,0.39758,2.77891
2153.216,-46.622,-68.964,13.09507,-0.74473,2.78635
2153.683,-46.552,-69.530,14.08947,0.24967,2.78386
2154.341,-46.591,-69.127,13.39166,-0.44814,2.78834
2154.783,-46.544,-69.425,13.93298,0.09318,2.78741
2155.330,-46.548,-70.046,14.95889,1.11909,2.77621
2155.875,-46.659,-70.166,14.97452,1.13471,2.76487
2156.423,-46.704,-69.538,13.85854,0.01874,2.76468
2156.856,-46.706,-69.047,13.09324,-0.74657,2.77215
2157.296,-46.663,-70.124,14.89515,1.05534,2.76159
2157.927,-46.710,-69.180,13.28937,-0.55043,2.76710
2158.543,-46.681,-69.243,13.43051,-0.40930,2.77119
2159.155,-46.669,-69.246,13.45305,-0.38675,2.77506
2159.593,-46.657,-68.954,13.02738,-0.81243,2.78318
2160.182,-46.597,-68.751,12.81400,-1.02581,2.79344
2160.797,-46.550,-69.713,14.39280,0.55299,2.78791
2161.401,-46.532,-68.855,13.06662,-0.77319,2.79564
2161.804,-46.495,-68.866,13.13850,-0.70131,2.80265
2162.218,-46.441,-70.069,15.18445,1.34465,2.78921
2162.844,-46.568,-68.978,13.19702,-0.64278,2.79564
2163.452,-46.507,-69.902,14.78252,0.94271,2.78621
2164.075,-46.585,-69.529,14.03323,0.19342,2.78427
2164.515,-46.591,-68.969,13.14977,-0.69003,2.79118
2164.954,-46.533,-68.921,13.16344,-0.67637,2.79794
2165.386,-46.503,-69.940,14.85395,1.01414,2.78780
2165.823,-46.559,-69.082,13.37061,-0.46919,2.79249
2166.422,-46.552,-68.921,13.13642,-0.70338,2.79952
2166.935,-46.502,-68.881,13.15165,-0.68815,2.80640
2167.352,-46.450,-69.121,13.59913,-0.24067,2.80881
2167.961,-46.404,-70.149,15.39131,1.55151,2.79330
2168.366,-46.507,-69.030,13.37152,-0.46829,2.79798
2168.891,-46.495,-70.310,15.51568,1.67587,2.78122
2169.328,-46.599,-68.958,13.12066,-0.71915,2.78841
2169.764,-46.556,-68.813,12.96752,-0.87229,2.79713
2170.196,-46.497,-69.145,13.56532,-0.27448,2.79988
2170.630,-46.482,-69.607,14.33040,0.49059,2.79497
2171.078,-46.521,-68.941,13.21272,-0.62709,2.80124
2171.510,-46.483,-69.135,13.57069,-0.26912,2.80394
2172.060,-46.437,-68.874,13.23820,-0.60161,2.80995
2172.780,-46.415,-69.871,14.88736,1.04756,2.79948
2173.389,-46.497,-69.621,14.32790,0.48810,2.79460
2174.009,-46.513,-69.395,13.93514,0.09533,2.79364
2174.619,-46.503,-69.844,14.68975,0.84994,2.78514
2175.021,-46.561,-68.994,13.23402,-0.60578,2.79120
2175.452,-46.533,-69.005,13.29252,-0.54728,2.79667
2175.880,-46.494,-69.857,14.72856,0.88875,2.78779
2176.320,-46.523,-70.121,15.13240,1.29259,2.77486
2176.768,-46.630,-68.779,12.80695,-1.03286,2.78519
2177.202,-46.564,-69.419,13.89165,0.05185,2.78467
2177.635,-46.574,-69.742,14.40125,0.56144,2.77906
2178.178,-46.593,-68.814,12.91335,-0.92645,2.78832
2178.737,-46.537,-69.554,14.15315,0.31335,2.78519
2179.325,-46.552,-69.927,14.74834,0.90853,2.77610
2179.837,-46.639,-70.111,14.91372,1.07391,2.76536
2180.453,-46.715,-69.087,13.14011,-0.69969,2.77236
2180.919,-46.657,-70.073,14.81789,0.97808,2.76258
2181.359,-46.704,-70.087,14.76181,0.92200,2.75336
2181.992,-46.783,-69.232,13.25831,-0.58149,2.75917
2182.449,-46.734,-70.113,14.75559,0.91578,2.75002
2182.895,-46.820,-69.970,14.37116,0.53136,2.74470
2183.540,-46.858,-69.750,13.95192,0.11211,2.74358
2184.092,-46.856,-68.727,12.40364,-1.43617,2.75794
2184.533,-46.760,-69.388,13.53192,-0.30789,2.76102
2185.162,-46.719,-68.941,12.91630,-0.92351,2.77026
2185.787,-46.655,-69.145,13.31952,-0.52028,2.77546
2186.273,-46.619,-69.617,14.12155,0.28175,2.77264
2186.813,-46.662,-69.224,13.43002,-0.40979,2.77674
2187.261,-46.619,-70.022,14.79613,0.95633,2.76718
2187.698,-46.667,-68.970,13.03661,-0.80319,2.77521
2188.520,-46.618,-68.903,13.00991,-0.82990,2.78351
2189.054,-46.553,-69.771,14.48448,0.64468,2.77706
2189.457,-46.596,-69.691,14.28061,0.44081,2.77265
2189.884,-46.634,-69.457,13.84042,0.00061,2.77265
2190.328,-46.645,-69.937,14.60787,0.76807,2.76497
2190.766,-46.696,-70.073,14.75243,0.91262,2.75584
2191.413,-46.783,-68.618,12.35298,-1.48683,2.77071
2192.024,-46.664,-69.040,13.14646,-0.69334,2.77764
2192.520,-46.606,-69.738,14.34197,0.50216,2.77262
2192.948,-46.643,-68.912,12.98497,-0.85484,2.78117
2193.383,-46.578,-69.247,13.59709,-0.24271,2.78360
2193.821,-46.575,-69.639,14.22904,0.38924,2.77970
2194.259,-46.590,-69.934,14.69577,0.85596,2.77114
2194.889,-46.632,-70.305,15.26215,1.42234,2.75692
2195.355,-46.743,-69.230,13.31457,-0.52524,2.76217
2195.914,-46.738,-69.080,13.09505,-0.74476,2.76962
2196.337,-46.680,-70.161,14.93078,1.09098,2.75871
2196.934,-46.744,-70.126,14.75930,0.91949,2.74951
2197.333,-46.809,-69.149,13.09289,-0.74691,2.75698
2197.866,-46.780,-68.745,12.53747,-1.30233,2.77001
2198.310,-46.668,-69.936,14.56868,0.72888,2.76272
2198.858,-46.726,-69.383,13.57917,-0.26064,2.76533
2199.495,-46.686,-69.032,13.10045,-0.73936,2.77272
2199.945,-46.629,-68.789,12.82286,-1.01695,2.78289
2200.500,-46.577,-69.153,13.45292,-0.38689,2.78676
