timestamp_s,s1_dbm,s2_dbm,dir,probe_V,step_V,offset_V
0.900,-44.395,-71.613,→,0.1000,0.01863,2.01863
1.765,-43.094,-82.879,←,0.1000,0.00736,2.01127
2.641,-43.073,-80.595,←,0.1000,0.00965,2.00162
3.524,-43.052,-84.093,←,0.1000,0.00615,1.99547
4.401,-43.046,-87.320,←,0.0585,0.00292,1.99254
5.264,-43.054,-81.411,←,0.1000,0.00883,1.98371
6.140,-43.036,-87.847,←,0.0479,0.00240,1.98132
7.016,-43.044,-82.511,←,0.1000,0.00773,1.97358
7.891,-43.026,-81.759,→,0.1000,0.00848,1.98207
8.771,-43.027,-82.167,→,0.1000,0.00808,1.99014
9.645,-43.013,-81.623,→,0.1000,0.00862,1.99876
10.514,-43.037,-82.518,←,0.1000,0.00773,1.99104
11.385,-43.034,-82.972,←,0.1000,0.00727,1.98377
12.266,-43.012,-91.494,←,0.0200,0.00000,1.98377
13.140,-43.026,-82.426,←,0.1000,0.00782,1.97595
14.014,-43.002,-90.991,←,0.0200,0.00000,1.97595
14.896,-43.019,-86.425,←,0.0764,0.00382,1.97213
15.772,-42.993,-92.364,←,0.0200,0.00000,1.97213
16.645,-43.030,-86.152,←,0.0818,0.00409,1.96804
17.511,-43.006,-87.939,←,0.0461,0.00230,1.96574
18.387,-43.017,-83.444,→,0.1000,0.00680,1.97254
19.269,-43.009,-86.132,←,0.0822,0.00411,1.96842
20.133,-42.999,-89.140,←,0.0221,0.00000,1.96842
21.025,-42.994,-84.184,←,0.1000,0.00606,1.96236
21.888,-43.003,-83.709,→,0.1000,0.00653,1.96890
22.766,-43.002,-84.970,←,0.1000,0.00527,1.96363
23.635,-43.007,-83.091,→,0.1000,0.00715,1.97078
24.517,-43.011,-94.483,←,0.0200,0.00000,1.97078
25.395,-42.999,-86.097,←,0.0829,0.00415,1.96663
26.269,-43.006,-84.722,←,0.1000,0.00552,1.96111
27.144,-42.991,-97.256,←,0.0200,0.00000,1.96111
28.021,-42.994,-89.466,←,0.0200,0.00000,1.96111
28.897,-43.000,-85.427,→,0.0963,0.00482,1.96593
29.772,-42.988,-86.734,←,0.0702,0.00351,1.96242
30.644,-43.001,-84.545,→,0.1000,0.00570,1.96812
31.515,-43.017,-91.987,←,0.0200,0.00000,1.96812
32.399,-43.008,-84.295,←,0.1000,0.00595,1.96217
33.269,-43.025,-84.791,→,0.1000,0.00545,1.96762
34.144,-43.009,-86.120,←,0.0825,0.00412,1.96350
35.008,-42.993,-86.695,←,0.0710,0.00355,1.95995
35.896,-43.006,-96.790,←,0.0200,0.00000,1.95995
36.769,-43.007,-85.043,←,0.1000,0.00520,1.95475
37.642,-42.999,-90.347,→,0.0200,0.00000,1.95475
38.522,-43.005,-90.600,←,0.0200,0.00000,1.95475
39.395,-43.009,-94.451,←,0.0200,0.00000,1.95475
40.272,-43.021,-85.711,→,0.0906,0.00453,1.95928
41.146,-43.008,-91.934,→,0.0200,0.00000,1.95928
42.023,-42.987,-96.635,←,0.0200,0.00000,1.95928
42.884,-42.984,-85.219,→,0.1000,0.00502,1.96431
43.764,-42.989,-93.832,←,0.0200,0.00000,1.96431
44.645,-42.990,-92.814,←,0.0200,0.00000,1.96431
45.523,-42.991,-85.053,→,0.1000,0.00519,1.96950
46.391,-42.990,-85.797,←,0.0889,0.00445,1.96505
47.268,-42.992,-100.465,←,0.0200,0.00000,1.96505
48.146,-43.001,-91.922,→,0.0200,0.00000,1.96505
49.018,-42.989,-97.145,←,0.0200,0.00000,1.96505
49.890,-43.000,-85.215,→,0.1000,0.00503,1.97008
50.763,-42.997,-88.462,←,0.0356,0.00000,1.97008
51.639,-43.015,-87.755,→,0.0498,0.00249,1.97257
52.516,-42.997,-86.152,→,0.0818,0.00409,1.97666
53.392,-42.997,-99.267,←,0.0200,0.00000,1.97666
54.261,-42.999,-85.186,←,0.1000,0.00506,1.97160
55.137,-43.010,-95.392,←,0.0200,0.00000,1.97160
56.012,-43.006,-109.756,←,0.0200,0.00000,1.97160
56.894,-43.011,-86.256,→,0.0797,0.00399,1.97559
57.772,-43.011,-87.248,→,0.0599,0.00300,1.97858
58.643,-43.018,-96.054,←,0.0200,0.00000,1.97858
59.508,-43.013,-93.490,←,0.0200,0.00000,1.97858
60.393,-43.004,-89.340,←,0.0200,0.00000,1.97858
61.267,-43.013,-92.301,←,0.0200,0.00000,1.97858
62.137,-43.010,-86.635,→,0.0722,0.00361,1.98219
63.023,-43.006,-84.378,←,0.1000,0.00587,1.97633
63.893,-42.999,-100.482,←,0.0200,0.00000,1.97633
64.765,-43.019,-86.156,→,0.0818,0.00409,1.98042
65.643,-43.005,-85.200,←,0.1000,0.00504,1.97537
66.516,-42.999,-93.122,←,0.0200,0.00000,1.97537
67.389,-43.005,-86.310,←,0.0787,0.00393,1.97144
68.268,-43.010,-86.496,←,0.0749,0.00375,1.96769
69.134,-42.981,-87.612,←,0.0526,0.00263,1.96506
70.018,-42.996,-90.334,←,0.0200,0.00000,1.96506
70.892,-42.983,-95.035,←,0.0200,0.00000,1.96506
71.768,-42.983,-84.383,←,0.1000,0.00586,1.95920
72.634,-42.982,-86.588,←,0.0731,0.00366,1.95555
73.523,-42.983,-93.612,←,0.0200,0.00000,1.95555
74.381,-42.993,-84.941,←,0.1000,0.00530,1.95024
75.271,-43.001,-91.795,←,0.0200,0.00000,1.95024
76.138,-42.987,-84.880,→,0.1000,0.00536,1.95561
77.019,-42.994,-96.116,←,0.0200,0.00000,1.95561
77.899,-42.985,-85.203,←,0.1000,0.00504,1.95057
78.774,-42.986,-87.774,←,0.0494,0.00247,1.94810
79.648,-42.999,-85.431,←,0.0962,0.00481,1.94328
80.519,-43.017,-87.197,→,0.0609,0.00305,1.94633
81.397,-43.012,-85.790,←,0.0891,0.00445,1.94188
82.264,-43.010,-90.625,←,0.0200,0.00000,1.94188
83.135,-43.014,-90.632,←,0.0200,0.00000,1.94188
84.020,-42.982,-85.429,→,0.0963,0.00481,1.94669
84.895,-42.991,-88.754,←,0.0298,0.00000,1.94669
85.769,-42.979,-90.240,←,0.0200,0.00000,1.94669
86.635,-42.983,-87.088,←,0.0631,0.00316,1.94354
87.512,-42.979,-93.048,→,0.0200,0.00000,1.94354
88.394,-42.998,-86.611,←,0.0726,0.00363,1.93990
89.270,-42.994,-86.306,←,0.0788,0.00394,1.93597
90.135,-42.987,-87.802,←,0.0488,0.00244,1.93353
91.017,-42.998,-91.209,←,0.0200,0.00000,1.93353
91.894,-42.995,-94.070,←,0.0200,0.00000,1.93353
92.765,-42.983,-86.743,←,0.0700,0.00350,1.93002
93.636,-42.993,-90.741,←,0.0200,0.00000,1.93002
94.519,-42.988,-101.833,←,0.0200,0.00000,1.93002
95.388,-42.995,-88.018,→,0.0445,0.00223,1.93225
96.263,-42.995,-89.008,←,0.0247,0.00000,1.93225
97.137,-42.985,-88.195,←,0.0410,0.00205,1.93020
98.022,-42.978,-89.049,→,0.0239,0.00000,1.93020
98.894,-42.992,-86.363,←,0.0776,0.00388,1.92632
99.761,-42.984,-85.550,←,0.0939,0.00469,1.92163
100.641,-42.985,-105.188,←,0.0200,0.00000,1.92163
101.518,-42.995,-89.978,←,0.0200,0.00000,1.92163
102.389,-43.006,-101.725,←,0.0200,0.00000,1.92163
103.260,-42.998,-86.627,←,0.0723,0.00362,1.91801
104.144,-42.997,-86.307,→,0.0787,0.00394,1.92195
105.010,-42.992,-93.366,→,0.0200,0.00000,1.92195
105.895,-42.983,-86.804,←,0.0688,0.00344,1.91851
106.763,-42.993,-90.885,→,0.0200,0.00000,1.91851
107.642,-43.002,-84.682,→,0.1000,0.00556,1.92407
108.518,-42.985,-96.672,→,0.0200,0.00000,1.92407
109.383,-42.986,-91.952,←,0.0200,0.00000,1.92407
110.269,-42.979,-92.411,←,0.0200,0.00000,1.92407
111.140,-43.002,-95.614,←,0.0200,0.00000,1.92407
112.015,-42.994,-102.397,←,0.0200,0.00000,1.92407
112.886,-42.995,-92.665,←,0.0200,0.00000,1.92407
113.768,-42.967,-88.817,→,0.0285,0.00000,1.92407
114.637,-42.977,-84.641,→,0.1000,0.00560,1.92967
115.518,-42.991,-86.777,←,0.0693,0.00347,1.92620
116.385,-42.991,-87.605,←,0.0528,0.00264,1.92357
117.260,-42.998,-85.203,←,0.1000,0.00504,1.91853
118.137,-42.998,-89.359,→,0.0200,0.00000,1.91853
119.009,-42.993,-86.378,←,0.0773,0.00387,1.91466
119.882,-42.996,-86.205,←,0.0808,0.00404,1.91062
120.765,-42.973,-92.729,←,0.0200,0.00000,1.91062
121.640,-42.981,-100.053,←,0.0200,0.00000,1.91062
122.517,-42.981,-103.859,←,0.0200,0.00000,1.91062
123.390,-42.983,-87.878,←,0.0473,0.00237,1.90826
124.268,-42.989,-92.597,←,0.0200,0.00000,1.90826
125.132,-42.987,-87.022,→,0.0644,0.00322,1.91148
126.009,-42.968,-91.380,←,0.0200,0.00000,1.91148
126.889,-42.980,-86.558,→,0.0737,0.00369,1.91516
127.771,-42.987,-89.340,←,0.0200,0.00000,1.91516
128.638,-42.978,-85.950,→,0.0859,0.00429,1.91946
129.514,-42.989,-85.525,→,0.0944,0.00472,1.92417
130.396,-42.993,-87.952,→,0.0458,0.00229,1.92647
131.267,-42.994,-86.810,←,0.0687,0.00343,1.92303
132.140,-43.009,-86.797,→,0.0689,0.00345,1.92648
133.012,-42.985,-85.806,→,0.0887,0.00444,1.93092
133.893,-42.986,-99.943,←,0.0200,0.00000,1.93092
134.765,-42.996,-92.990,←,0.0200,0.00000,1.93092
135.640,-42.984,-86.239,←,0.0801,0.00400,1.92691
136.507,-42.990,-88.184,→,0.0412,0.00206,1.92897
137.391,-42.985,-97.162,→,0.0200,0.00000,1.92897
138.264,-42.974,-98.363,←,0.0200,0.00000,1.92897
139.144,-42.988,-91.926,→,0.0200,0.00000,1.92897
140.018,-42.994,-95.619,←,0.0200,0.00000,1.92897
140.893,-42.986,-87.319,→,0.0585,0.00292,1.93190
141.761,-42.984,-99.182,←,0.0200,0.00000,1.93190
142.644,-42.990,-89.173,←,0.0214,0.00000,1.93190
143.520,-42.983,-85.646,→,0.0920,0.00460,1.93649
144.393,-42.987,-84.924,←,0.1000,0.00532,1.93117
145.257,-42.983,-87.339,←,0.0581,0.00290,1.92827
146.123,-42.994,-90.222,←,0.0200,0.00000,1.92827
147.015,-42.960,-93.649,→,0.0200,0.00000,1.92827
147.887,-42.990,-90.492,←,0.0200,0.00000,1.92827
148.763,-42.976,-89.914,←,0.0200,0.00000,1.92827
149.637,-42.995,-86.647,←,0.0719,0.00360,1.92467
150.523,-42.979,-91.129,←,0.0200,0.00000,1.92467
151.383,-42.994,-89.479,←,0.0200,0.00000,1.92467
152.260,-42.986,-86.884,→,0.0672,0.00336,1.92803
153.140,-42.992,-92.590,←,0.0200,0.00000,1.92803
154.014,-42.986,-87.910,→,0.0467,0.00233,1.93037
154.892,-42.981,-89.878,←,0.0200,0.00000,1.93037
155.759,-42.986,-87.312,←,0.0586,0.00293,1.92743
156.640,-42.978,-100.014,←,0.0200,0.00000,1.92743
157.537,-42.983,-100.327,←,0.0200,0.00000,1.92743
158.429,-42.971,-88.120,→,0.0425,0.00212,1.92956
159.491,-42.989,-91.688,→,0.0200,0.00000,1.92956
160.383,-42.981,-95.299,→,0.0200,0.00000,1.92956
161.274,-42.993,-87.891,→,0.0470,0.00235,1.93191
162.214,-42.993,-85.970,→,0.0855,0.00427,1.93618
163.119,-42.986,-92.068,←,0.0200,0.00000,1.93618
164.010,-42.966,-85.345,←,0.0980,0.00490,1.93128
164.974,-42.957,-85.836,→,0.0882,0.00441,1.93569
165.842,-42.973,-92.430,←,0.0200,0.00000,1.93569
166.721,-42.990,-105.372,←,0.0200,0.00000,1.93569
167.598,-42.989,-91.420,←,0.0200,0.00000,1.93569
168.486,-42.978,-87.881,→,0.0472,0.00236,1.93805
169.582,-42.983,-95.054,←,0.0200,0.00000,1.93805
170.660,-43.004,-92.806,←,0.0200,0.00000,1.93805
171.530,-42.984,-88.721,→,0.0305,0.00000,1.93805
172.416,-42.977,-90.813,←,0.0200,0.00000,1.93805
173.271,-42.990,-94.110,←,0.0200,0.00000,1.93805
174.158,-42.989,-87.335,→,0.0582,0.00291,1.94096
175.043,-42.987,-93.018,←,0.0200,0.00000,1.94096
175.926,-42.990,-88.196,←,0.0409,0.00205,1.93892
176.902,-42.966,-92.008,←,0.0200,0.00000,1.93892
177.793,-42.981,-89.181,→,0.0213,0.00000,1.93892
178.737,-42.973,-86.642,→,0.0720,0.00360,1.94252
179.633,-42.975,-87.633,←,0.0522,0.00261,1.93991
180.495,-42.982,-86.130,←,0.0823,0.00411,1.93579
181.398,-42.974,-87.988,←,0.0451,0.00226,1.93354
182.481,-42.983,-88.288,→,0.0391,0.00000,1.93354
183.356,-42.993,-89.105,→,0.0228,0.00000,1.93354
184.222,-43.001,-99.474,←,0.0200,0.00000,1.93354
185.101,-42.974,-85.992,→,0.0850,0.00425,1.93779
186.000,-42.963,-87.556,→,0.0537,0.00269,1.94048
186.956,-42.976,-94.155,→,0.0200,0.00000,1.94048
187.830,-42.969,-92.151,←,0.0200,0.00000,1.94048
188.701,-42.992,-91.879,←,0.0200,0.00000,1.94048
189.565,-42.983,-86.810,→,0.0687,0.00343,1.94391
190.450,-42.980,-95.787,←,0.0200,0.00000,1.94391
191.350,-42.999,-97.838,←,0.0200,0.00000,1.94391
192.301,-42.988,-88.987,←,0.0251,0.00000,1.94391
193.192,-42.981,-89.304,←,0.0200,0.00000,1.94391
194.070,-42.961,-95.579,←,0.0200,0.00000,1.94391
194.951,-42.991,-86.941,→,0.0661,0.00330,1.94721
195.826,-42.975,-93.022,←,0.0200,0.00000,1.94721
196.917,-42.983,-87.145,→,0.0620,0.00310,1.95031
198.103,-42.959,-101.755,←,0.0200,0.00000,1.95031
198.974,-42.991,-86.078,←,0.0833,0.00417,1.94615
199.871,-42.985,-87.911,→,0.0466,0.00233,1.94848
200.754,-42.997,-100.384,←,0.0200,0.00000,1.94848
201.805,-42.985,-86.885,←,0.0672,0.00336,1.94512
202.701,-42.994,-87.780,→,0.0493,0.00246,1.94758
203.601,-42.987,-88.230,←,0.0403,0.00201,1.94557
204.661,-42.973,-90.664,←,0.0200,0.00000,1.94557
205.555,-42.978,-91.300,→,0.0200,0.00000,1.94557
206.457,-42.974,-91.912,→,0.0200,0.00000,1.94557
207.400,-42.966,-92.303,←,0.0200,0.00000,1.94557
208.272,-42.970,-87.317,←,0.0585,0.00293,1.94264
209.147,-42.968,-97.921,←,0.0200,0.00000,1.94264
210.049,-42.970,-96.857,←,0.0200,0.00000,1.94264
211.126,-42.973,-90.952,←,0.0200,0.00000,1.94264
211.987,-42.983,-87.817,→,0.0485,0.00243,1.94507
212.883,-42.991,-85.109,←,0.1000,0.00513,1.93993
213.777,-42.980,-87.275,→,0.0594,0.00297,1.94290
214.944,-42.987,-89.637,←,0.0200,0.00000,1.94290
215.841,-42.963,-92.192,←,0.0200,0.00000,1.94290
216.909,-42.968,-85.665,←,0.0916,0.00458,1.93832
217.797,-42.973,-85.955,→,0.0858,0.00429,1.94261
218.680,-42.973,-85.355,→,0.0978,0.00489,1.94750
219.757,-42.985,-85.790,←,0.0891,0.00445,1.94305
220.667,-42.973,-90.294,←,0.0200,0.00000,1.94305
221.623,-42.984,-91.551,→,0.0200,0.00000,1.94305
222.502,-43.000,-85.401,←,0.0968,0.00484,1.93821
223.364,-42.987,-86.845,→,0.0680,0.00340,1.94160
224.252,-42.999,-84.216,←,0.1000,0.00603,1.93558
225.128,-42.984,-86.079,←,0.0833,0.00416,1.93141
226.013,-42.995,-87.536,←,0.0542,0.00271,1.92871
227.231,-42.972,-87.952,→,0.0458,0.00229,1.93100
228.174,-42.980,-95.615,←,0.0200,0.00000,1.93100
229.050,-42.976,-88.635,→,0.0322,0.00000,1.93100
229.956,-42.990,-86.971,←,0.0655,0.00327,1.92772
230.957,-42.990,-85.343,←,0.0980,0.00490,1.92282
231.917,-42.983,-93.354,←,0.0200,0.00000,1.92282
232.776,-42.984,-90.015,←,0.0200,0.00000,1.92282
233.686,-42.964,-85.302,→,0.0988,0.00494,1.92777
234.657,-42.978,-87.102,←,0.0628,0.00314,1.92462
235.621,-42.965,-89.671,←,0.0200,0.00000,1.92462
236.517,-42.996,-87.497,←,0.0549,0.00275,1.92188
237.492,-43.006,-96.417,←,0.0200,0.00000,1.92188
238.393,-42.990,-85.845,→,0.0880,0.00440,1.92628
239.340,-42.992,-90.992,←,0.0200,0.00000,1.92628
240.241,-42.988,-91.665,←,0.0200,0.00000,1.92628
241.210,-43.002,-86.141,→,0.0820,0.00410,1.93038
242.087,-43.007,-86.724,←,0.0704,0.00352,1.92686
243.204,-42.978,-87.076,←,0.0633,0.00317,1.92369
244.151,-42.981,-85.494,←,0.0950,0.00475,1.91894
245.039,-42.982,-85.000,←,0.1000,0.00524,1.91370
245.935,-42.971,-102.956,←,0.0200,0.00000,1.91370
246.889,-42.986,-89.850,←,0.0200,0.00000,1.91370
247.759,-42.972,-85.941,←,0.0860,0.00430,1.90940
248.635,-42.989,-96.563,←,0.0200,0.00000,1.90940
249.517,-42.969,-96.498,←,0.0200,0.00000,1.90940
250.399,-42.989,-87.399,←,0.0569,0.00284,1.90655
251.278,-42.970,-87.899,←,0.0469,0.00234,1.90421
252.477,-42.966,-88.337,←,0.0381,0.00000,1.90421
253.365,-42.974,-85.745,←,0.0900,0.00450,1.89971
254.432,-42.987,-95.434,←,0.0200,0.00000,1.89971
255.324,-42.971,-86.104,→,0.0828,0.00414,1.90385
256.406,-42.971,-103.765,→,0.0200,0.00000,1.90385
257.286,-42.975,-89.010,→,0.0247,0.00000,1.90385
258.180,-42.984,-87.541,→,0.0541,0.00270,1.90655
259.124,-42.989,-95.567,←,0.0200,0.00000,1.90655
260.020,-42.970,-92.099,←,0.0200,0.00000,1.90655
260.884,-42.969,-91.022,←,0.0200,0.00000,1.90655
261.762,-42.959,-89.485,→,0.0200,0.00000,1.90655
262.631,-42.960,-89.311,←,0.0200,0.00000,1.90655
263.504,-42.962,-89.972,←,0.0200,0.00000,1.90655
264.404,-42.961,-92.913,←,0.0200,0.00000,1.90655
265.484,-42.958,-87.652,←,0.0518,0.00259,1.90396
266.365,-42.997,-101.535,←,0.0200,0.00000,1.90396
267.256,-42.973,-89.605,←,0.0200,0.00000,1.90396
268.247,-42.979,-88.570,→,0.0335,0.00000,1.90396
269.190,-42.965,-88.263,←,0.0396,0.00000,1.90396
270.080,-42.976,-87.238,←,0.0601,0.00301,1.90095
270.969,-42.979,-88.362,→,0.0376,0.00000,1.90095
272.036,-42.994,-97.780,→,0.0200,0.00000,1.90095
272.914,-42.985,-88.483,→,0.0352,0.00000,1.90095
273.783,-42.978,-86.335,→,0.0782,0.00391,1.90486
274.658,-42.972,-93.555,←,0.0200,0.00000,1.90486
275.548,-42.970,-93.348,←,0.0200,0.00000,1.90486
276.431,-42.959,-93.872,←,0.0200,0.00000,1.90486
277.303,-42.957,-85.904,←,0.0868,0.00434,1.90052
278.140,-42.964,-93.024,←,0.0200,0.00000,1.90052
279.026,-42.965,-96.940,→,0.0200,0.00000,1.90052
279.893,-42.958,-88.384,→,0.0372,0.00000,1.90052
280.766,-42.976,-97.943,←,0.0200,0.00000,1.90052
281.644,-42.985,-86.436,→,0.0761,0.00381,1.90433
282.513,-42.973,-87.798,→,0.0489,0.00245,1.90678
283.397,-42.962,-91.627,←,0.0200,0.00000,1.90678
284.266,-42.961,-88.194,←,0.0410,0.00205,1.90473
285.143,-42.974,-88.681,→,0.0312,0.00000,1.90473
286.017,-42.971,-90.522,→,0.0200,0.00000,1.90473
286.890,-42.980,-88.625,→,0.0324,0.00000,1.90473
287.767,-42.975,-90.495,→,0.0200,0.00000,1.90473
288.649,-42.966,-99.190,←,0.0200,0.00000,1.90473
289.507,-42.982,-89.112,→,0.0226,0.00000,1.90473
290.393,-42.964,-95.985,←,0.0200,0.00000,1.90473
291.266,-42.961,-96.305,←,0.0200,0.00000,1.90473
292.145,-42.969,-88.154,←,0.0418,0.00209,1.90264
293.012,-42.956,-88.431,←,0.0362,0.00000,1.90264
293.893,-42.960,-87.407,←,0.0567,0.00284,1.89980
294.765,-42.996,-96.880,←,0.0200,0.00000,1.89980
295.642,-42.974,-95.520,←,0.0200,0.00000,1.89980
296.518,-42.969,-89.869,→,0.0200,0.00000,1.89980
297.396,-42.969,-96.905,←,0.0200,0.00000,1.89980
298.263,-42.964,-89.517,→,0.0200,0.00000,1.89980
299.143,-42.951,-91.963,←,0.0200,0.00000,1.89980
300.018,-42.975,-89.419,→,0.0200,0.00000,1.89980
300.896,-42.984,-87.504,←,0.0548,0.00274,1.89706
301.760,-42.969,-91.384,←,0.0200,0.00000,1.89706
302.640,-42.969,-91.695,→,0.0200,0.00000,1.89706
303.505,-42.962,-92.675,←,0.0200,0.00000,1.89706
304.391,-42.959,-90.606,→,0.0200,0.00000,1.89706
305.279,-42.955,-94.852,→,0.0200,0.00000,1.89706
306.139,-42.964,-89.745,→,0.0200,0.00000,1.89706
307.023,-42.970,-92.901,→,0.0200,0.00000,1.89706
307.889,-42.962,-91.328,←,0.0200,0.00000,1.89706
308.763,-42.971,-89.118,→,0.0225,0.00000,1.89706
309.633,-42.963,-88.842,→,0.0280,0.00000,1.89706
310.514,-42.977,-93.175,←,0.0200,0.00000,1.89706
311.388,-42.972,-94.899,←,0.0200,0.00000,1.89706
312.266,-42.965,-96.367,←,0.0200,0.00000,1.89706
313.130,-42.972,-91.192,→,0.0200,0.00000,1.89706
314.022,-42.959,-90.299,→,0.0200,0.00000,1.89706
314.904,-42.955,-93.360,→,0.0200,0.00000,1.89706
315.756,-42.957,-88.494,←,0.0350,0.00000,1.89706
316.635,-42.971,-87.382,→,0.0572,0.00286,1.89992
317.516,-42.977,-88.678,→,0.0313,0.00000,1.89992
318.391,-42.970,-90.675,→,0.0200,0.00000,1.89992
319.265,-42.961,-88.576,→,0.0334,0.00000,1.89992
320.138,-42.951,-91.904,→,0.0200,0.00000,1.89992
321.011,-42.959,-91.622,←,0.0200,0.00000,1.89992
321.894,-42.970,-93.149,→,0.0200,0.00000,1.89992
322.764,-42.959,-95.178,←,0.0200,0.00000,1.89992
323.633,-42.981,-89.246,→,0.0200,0.00000,1.89992
324.512,-42.969,-92.850,←,0.0200,0.00000,1.89992
325.393,-42.973,-89.859,←,0.0200,0.00000,1.89992
326.270,-42.968,-92.037,→,0.0200,0.00000,1.89992
327.133,-42.978,-88.101,→,0.0428,0.00214,1.90206
328.008,-42.974,-91.227,→,0.0200,0.00000,1.90206
328.893,-42.957,-90.599,→,0.0200,0.00000,1.90206
329.769,-42.971,-94.902,→,0.0200,0.00000,1.90206
330.638,-42.977,-91.543,←,0.0200,0.00000,1.90206
331.509,-42.965,-87.801,→,0.0489,0.00244,1.90451
332.386,-42.975,-97.827,→,0.0200,0.00000,1.90451
333.268,-42.966,-91.916,←,0.0200,0.00000,1.90451
334.141,-42.978,-90.083,→,0.0200,0.00000,1.90451
335.014,-42.968,-95.478,→,0.0200,0.00000,1.90451
335.888,-42.961,-90.290,→,0.0200,0.00000,1.90451
336.763,-42.976,-90.433,→,0.0200,0.00000,1.90451
337.644,-42.965,-89.371,←,0.0200,0.00000,1.90451
338.517,-42.961,-97.053,←,0.0200,0.00000,1.90451
339.387,-42.953,-96.447,←,0.0200,0.00000,1.90451
340.274,-42.961,-86.610,←,0.0727,0.00363,1.90087
341.140,-42.962,-89.318,→,0.0200,0.00000,1.90087
342.015,-42.982,-89.315,←,0.0200,0.00000,1.90087
342.883,-42.967,-93.612,←,0.0200,0.00000,1.90087
343.763,-42.957,-97.304,←,0.0200,0.00000,1.90087
344.637,-42.957,-89.606,←,0.0200,0.00000,1.90087
345.504,-42.949,-99.216,←,0.0200,0.00000,1.90087
346.388,-42.975,-97.981,←,0.0200,0.00000,1.90087
347.267,-42.982,-96.669,←,0.0200,0.00000,1.90087
348.356,-42.972,-92.422,→,0.0200,0.00000,1.90087
349.238,-42.970,-101.580,←,0.0200,0.00000,1.90087
350.101,-42.982,-91.912,←,0.0200,0.00000,1.90087
350.987,-42.980,-101.819,←,0.0200,0.00000,1.90087
351.858,-42.968,-99.424,←,0.0200,0.00000,1.90087
352.737,-42.958,-89.562,→,0.0200,0.00000,1.90087
353.604,-42.971,-95.825,←,0.0200,0.00000,1.90087
354.492,-42.966,-86.793,←,0.0690,0.00345,1.89742
355.365,-42.961,-87.618,→,0.0525,0.00263,1.90005
356.241,-42.962,-87.561,→,0.0536,0.00268,1.90273
357.111,-42.967,-87.164,←,0.0616,0.00308,1.89965
357.987,-42.959,-88.379,←,0.0373,0.00000,1.89965
358.852,-42.960,-87.438,→,0.0561,0.00281,1.90246
359.738,-42.966,-88.787,→,0.0291,0.00000,1.90246
360.609,-42.963,-95.932,←,0.0200,0.00000,1.90246
361.479,-42.967,-97.087,←,0.0200,0.00000,1.90246
362.370,-42.968,-87.633,←,0.0522,0.00261,1.89985
363.226,-42.966,-87.935,→,0.0462,0.00231,1.90215
364.109,-42.961,-96.579,←,0.0200,0.00000,1.90215
364.997,-42.976,-90.240,←,0.0200,0.00000,1.90215
365.862,-42.966,-88.699,→,0.0309,0.00000,1.90215
366.739,-42.969,-101.583,←,0.0200,0.00000,1.90215
367.620,-42.958,-93.345,←,0.0200,0.00000,1.90215
368.496,-42.951,-87.542,→,0.0540,0.00270,1.90486
369.364,-42.957,-90.296,←,0.0200,0.00000,1.90486
370.242,-42.960,-92.600,←,0.0200,0.00000,1.90486
371.111,-42.953,-88.709,←,0.0307,0.00000,1.90486
371.988,-42.946,-89.856,←,0.0200,0.00000,1.90486
372.874,-42.968,-88.770,→,0.0295,0.00000,1.90486
373.746,-42.965,-88.157,←,0.0417,0.00209,1.90277
374.616,-42.960,-88.192,→,0.0410,0.00205,1.90482
375.492,-42.966,-98.816,←,0.0200,0.00000,1.90482
376.366,-42.957,-86.037,→,0.0841,0.00421,1.90903
377.250,-42.969,-93.063,←,0.0200,0.00000,1.90903
378.118,-42.980,-92.506,→,0.0200,0.00000,1.90903
379.000,-42.993,-97.678,←,0.0200,0.00000,1.90903
379.861,-42.978,-90.195,→,0.0200,0.00000,1.90903
380.734,-42.963,-86.948,→,0.0659,0.00330,1.91232
381.618,-42.969,-94.541,←,0.0200,0.00000,1.91232
382.490,-42.969,-89.222,→,0.0204,0.00000,1.91232
383.368,-42.954,-87.386,←,0.0572,0.00286,1.90946
384.239,-42.958,-87.548,←,0.0539,0.00270,1.90677
385.114,-42.970,-90.579,←,0.0200,0.00000,1.90677
385.988,-42.968,-91.619,→,0.0200,0.00000,1.90677
386.864,-42.964,-87.984,→,0.0452,0.00226,1.90903
387.744,-42.971,-86.972,←,0.0654,0.00327,1.90576
388.613,-42.962,-87.320,→,0.0585,0.00292,1.90868
389.497,-42.976,-91.546,→,0.0200,0.00000,1.90868
390.371,-42.959,-90.172,←,0.0200,0.00000,1.90868
391.247,-42.959,-90.630,→,0.0200,0.00000,1.90868
392.125,-42.975,-86.793,→,0.0690,0.00345,1.91213
392.991,-42.975,-104.860,←,0.0200,0.00000,1.91213
393.873,-42.971,-86.882,→,0.0672,0.00336,1.91549
394.739,-42.975,-86.811,←,0.0686,0.00343,1.91206
395.624,-42.960,-99.895,←,0.0200,0.00000,1.91206
396.496,-42.972,-86.720,→,0.0705,0.00352,1.91558
397.392,-42.966,-89.371,←,0.0200,0.00000,1.91558
398.237,-42.963,-87.827,→,0.0483,0.00242,1.91800
399.117,-42.961,-91.455,→,0.0200,0.00000,1.91800
399.982,-42.974,-87.051,←,0.0639,0.00319,1.91481
400.860,-42.973,-90.474,←,0.0200,0.00000,1.91481
401.747,-42.978,-98.861,←,0.0200,0.00000,1.91481
402.620,-43.001,-86.773,←,0.0694,0.00347,1.91134
403.485,-42.993,-91.363,→,0.0200,0.00000,1.91134
404.361,-42.958,-95.607,←,0.0200,0.00000,1.91134
405.241,-42.960,-91.648,←,0.0200,0.00000,1.91134
406.116,-42.960,-95.302,←,0.0200,0.00000,1.91134
406.992,-42.977,-90.193,←,0.0200,0.00000,1.91134
407.856,-42.953,-95.194,←,0.0200,0.00000,1.91134
408.739,-42.977,-86.904,←,0.0668,0.00334,1.90800
409.619,-42.978,-89.744,←,0.0200,0.00000,1.90800
410.494,-42.970,-92.859,←,0.0200,0.00000,1.90800
411.360,-42.962,-89.835,→,0.0200,0.00000,1.90800
412.230,-42.973,-91.249,→,0.0200,0.00000,1.90800
413.118,-42.976,-98.137,←,0.0200,0.00000,1.90800
413.989,-42.975,-88.029,←,0.0443,0.00221,1.90578
414.864,-42.963,-86.683,←,0.0712,0.00356,1.90222
415.741,-42.959,-93.288,←,0.0200,0.00000,1.90222
416.617,-42.958,-96.976,←,0.0200,0.00000,1.90222
417.489,-42.965,-88.277,→,0.0393,0.00000,1.90222
418.363,-42.968,-87.560,→,0.0537,0.00268,1.90491
419.238,-42.963,-90.286,←,0.0200,0.00000,1.90491
420.113,-42.981,-88.799,→,0.0289,0.00000,1.90491
420.990,-42.964,-90.356,←,0.0200,0.00000,1.90491
421.862,-42.984,-90.038,→,0.0200,0.00000,1.90491
422.743,-42.957,-91.663,←,0.0200,0.00000,1.90491
423.617,-42.961,-90.479,←,0.0200,0.00000,1.90491
424.490,-42.983,-91.923,←,0.0200,0.00000,1.90491
425.362,-42.966,-91.297,←,0.0200,0.00000,1.90491
426.238,-42.960,-89.013,←,0.0246,0.00000,1.90491
427.105,-42.972,-87.123,→,0.0624,0.00312,1.90803
427.979,-42.954,-93.940,←,0.0200,0.00000,1.90803
428.858,-42.982,-91.745,←,0.0200,0.00000,1.90803
429.737,-42.983,-90.216,→,0.0200,0.00000,1.90803
430.619,-42.963,-94.042,←,0.0200,0.00000,1.90803
431.481,-42.972,-90.834,←,0.0200,0.00000,1.90803
432.362,-42.971,-95.138,←,0.0200,0.00000,1.90803
433.242,-42.978,-89.486,→,0.0200,0.00000,1.90803
434.113,-42.969,-90.467,←,0.0200,0.00000,1.90803
434.983,-42.962,-94.636,←,0.0200,0.00000,1.90803
435.862,-42.969,-96.162,→,0.0200,0.00000,1.90803
436.737,-42.953,-97.581,←,0.0200,0.00000,1.90803
437.615,-42.965,-90.948,←,0.0200,0.00000,1.90803
438.497,-42.970,-90.228,←,0.0200,0.00000,1.90803
439.366,-42.978,-91.607,←,0.0200,0.00000,1.90803
440.246,-42.969,-91.280,←,0.0200,0.00000,1.90803
441.113,-42.967,-91.137,←,0.0200,0.00000,1.90803
441.990,-42.955,-94.233,←,0.0200,0.00000,1.90803
442.859,-42.957,-88.326,→,0.0383,0.00000,1.90803
443.735,-42.971,-87.202,→,0.0608,0.00304,1.91107
444.614,-42.946,-99.841,←,0.0200,0.00000,1.91107
445.483,-42.947,-89.412,→,0.0200,0.00000,1.91107
446.370,-42.953,-91.112,→,0.0200,0.00000,1.91107
447.232,-42.963,-90.391,→,0.0200,0.00000,1.91107
448.110,-42.953,-87.669,→,0.0515,0.00257,1.91364
449.000,-42.963,-95.529,←,0.0200,0.00000,1.91364
449.858,-42.959,-91.693,←,0.0200,0.00000,1.91364
450.734,-42.962,-92.900,→,0.0200,0.00000,1.91364
451.608,-42.968,-87.518,←,0.0545,0.00273,1.91092
452.497,-42.960,-94.593,←,0.0200,0.00000,1.91092
453.362,-42.956,-89.629,→,0.0200,0.00000,1.91092
454.234,-42.954,-90.108,→,0.0200,0.00000,1.91092
455.113,-42.971,-89.576,←,0.0200,0.00000,1.91092
455.983,-42.966,-88.444,←,0.0360,0.00000,1.91092
456.853,-42.960,-97.273,←,0.0200,0.00000,1.91092
457.742,-42.944,-98.634,←,0.0200,0.00000,1.91092
458.618,-42.961,-87.764,←,0.0496,0.00248,1.90844
459.486,-42.936,-94.413,←,0.0200,0.00000,1.90844
460.367,-42.956,-92.847,←,0.0200,0.00000,1.90844
461.230,-42.944,-89.415,←,0.0200,0.00000,1.90844
462.107,-42.942,-95.537,→,0.0200,0.00000,1.90844
462.983,-42.959,-88.472,←,0.0354,0.00000,1.90844
463.866,-42.969,-88.768,→,0.0295,0.00000,1.90844
464.736,-42.950,-90.774,←,0.0200,0.00000,1.90844
465.613,-42.962,-88.449,←,0.0359,0.00000,1.90844
466.487,-42.953,-94.813,←,0.0200,0.00000,1.90844
467.388,-42.947,-91.224,←,0.0200,0.00000,1.90844
468.234,-42.939,-89.390,→,0.0200,0.00000,1.90844
469.115,-42.961,-89.148,←,0.0219,0.00000,1.90844
469.978,-42.963,-87.326,←,0.0584,0.00292,1.90552
470.856,-42.945,-86.161,←,0.0816,0.00408,1.90144
471.735,-42.957,-91.348,←,0.0200,0.00000,1.90144
472.613,-42.955,-95.998,←,0.0200,0.00000,1.90144
473.487,-42.943,-86.949,→,0.0659,0.00329,1.90473
474.359,-42.948,-88.192,→,0.0410,0.00205,1.90678
475.234,-42.953,-95.610,←,0.0200,0.00000,1.90678
476.118,-42.963,-98.198,←,0.0200,0.00000,1.90678
476.988,-42.964,-91.657,←,0.0200,0.00000,1.90678
477.867,-42.964,-97.933,←,0.0200,0.00000,1.90678
478.738,-42.970,-87.177,←,0.0613,0.00307,1.90372
479.611,-42.975,-88.554,←,0.0338,0.00000,1.90372
480.487,-42.967,-88.442,←,0.0360,0.00000,1.90372
481.357,-42.966,-86.092,→,0.0830,0.00415,1.90787
482.237,-42.973,-89.174,→,0.0214,0.00000,1.90787
483.107,-42.979,-91.733,←,0.0200,0.00000,1.90787
483.981,-42.984,-89.715,→,0.0200,0.00000,1.90787
484.860,-42.983,-88.195,→,0.0410,0.00205,1.90992
485.731,-42.975,-92.888,←,0.0200,0.00000,1.90992
486.605,-42.970,-87.155,←,0.0618,0.00309,1.90683
487.481,-42.983,-92.233,→,0.0200,0.00000,1.90683
488.363,-42.953,-89.322,→,0.0200,0.00000,1.90683
489.240,-42.972,-86.094,→,0.0830,0.00415,1.91098
490.112,-42.960,-97.024,←,0.0200,0.00000,1.91098
490.984,-42.978,-98.147,←,0.0200,0.00000,1.91098
491.859,-42.962,-95.096,←,0.0200,0.00000,1.91098
492.737,-42.957,-96.705,←,0.0200,0.00000,1.91098
493.609,-42.952,-93.099,←,0.0200,0.00000,1.91098
494.478,-42.954,-89.177,→,0.0213,0.00000,1.91098
495.360,-42.946,-86.336,→,0.0782,0.00391,1.91489
496.232,-42.940,-91.124,←,0.0200,0.00000,1.91489
497.109,-42.951,-90.031,←,0.0200,0.00000,1.91489
497.988,-42.948,-89.227,←,0.0203,0.00000,1.91489
498.861,-42.959,-85.669,←,0.0915,0.00457,1.91031
499.737,-42.956,-105.542,←,0.0200,0.00000,1.91031
500.603,-42.969,-96.358,←,0.0200,0.00000,1.91031
501.485,-42.964,-88.566,←,0.0335,0.00000,1.91031
502.358,-42.963,-88.188,→,0.0411,0.00206,1.91237
503.233,-42.966,-87.603,←,0.0528,0.00264,1.90973
504.114,-42.965,-88.494,←,0.0350,0.00000,1.90973
504.985,-42.962,-88.339,→,0.0381,0.00000,1.90973
505.864,-42.956,-86.565,→,0.0736,0.00368,1.91341
506.743,-42.961,-87.269,←,0.0595,0.00297,1.91043
507.604,-42.961,-96.874,←,0.0200,0.00000,1.91043
508.485,-42.953,-90.833,←,0.0200,0.00000,1.91043
509.364,-42.958,-90.319,→,0.0200,0.00000,1.91043
510.234,-42.952,-89.346,←,0.0200,0.00000,1.91043
511.113,-42.952,-100.241,←,0.0200,0.00000,1.91043
511.980,-42.953,-101.916,←,0.0200,0.00000,1.91043
512.856,-42.964,-92.240,→,0.0200,0.00000,1.91043
513.729,-42.954,-88.637,←,0.0321,0.00000,1.91043
514.616,-42.960,-91.116,→,0.0200,0.00000,1.91043
515.480,-42.951,-88.717,←,0.0305,0.00000,1.91043
516.362,-42.949,-92.657,→,0.0200,0.00000,1.91043
517.237,-42.943,-85.665,←,0.0916,0.00458,1.90585
518.115,-42.971,-92.603,←,0.0200,0.00000,1.90585
518.988,-42.968,-87.917,→,0.0465,0.00233,1.90818
519.859,-42.955,-89.212,→,0.0206,0.00000,1.90818
520.737,-42.948,-87.838,→,0.0481,0.00241,1.91059
521.602,-42.937,-90.778,→,0.0200,0.00000,1.91059
522.485,-42.949,-91.946,←,0.0200,0.00000,1.91059
523.472,-42.961,-89.547,←,0.0200,0.00000,1.91059
524.342,-42.968,-93.114,←,0.0200,0.00000,1.91059
525.221,-42.967,-90.838,←,0.0200,0.00000,1.91059
526.088,-42.952,-86.744,→,0.0700,0.00350,1.91408
526.972,-42.973,-87.069,→,0.0635,0.00317,1.91726
527.835,-42.962,-100.009,←,0.0200,0.00000,1.91726
528.716,-42.985,-86.003,→,0.0848,0.00424,1.92150
529.596,-42.970,-93.346,←,0.0200,0.00000,1.92150
530.467,-42.965,-94.671,←,0.0200,0.00000,1.92150
531.448,-42.965,-87.977,→,0.0453,0.00227,1.92377
532.330,-42.940,-87.491,←,0.0550,0.00275,1.92101
533.201,-42.963,-99.401,←,0.0200,0.00000,1.92101
534.071,-42.980,-86.031,←,0.0843,0.00421,1.91680
534.954,-42.957,-89.092,→,0.0230,0.00000,1.91680
535.827,-42.959,-89.977,→,0.0200,0.00000,1.91680
536.704,-42.946,-96.826,←,0.0200,0.00000,1.91680
537.580,-42.945,-97.997,←,0.0200,0.00000,1.91680
538.447,-42.951,-101.757,←,0.0200,0.00000,1.91680
539.324,-42.950,-91.856,←,0.0200,0.00000,1.91680
540.204,-42.957,-101.310,←,0.0200,0.00000,1.91680
541.071,-42.954,-88.311,←,0.0387,0.00000,1.91680
541.958,-42.983,-88.510,→,0.0347,0.00000,1.91680
542.821,-42.950,-88.010,←,0.0447,0.00223,1.91457
543.703,-42.958,-91.665,←,0.0200,0.00000,1.91457
544.572,-42.961,-98.629,←,0.0200,0.00000,1.91457
545.454,-42.956,-94.591,←,0.0200,0.00000,1.91457
546.325,-42.966,-91.433,←,0.0200,0.00000,1.91457
547.200,-42.953,-88.777,→,0.0293,0.00000,1.91457
548.066,-42.943,-89.367,→,0.0200,0.00000,1.91457
548.951,-42.967,-87.707,→,0.0507,0.00254,1.91710
549.818,-42.967,-89.440,←,0.0200,0.00000,1.91710
550.706,-42.957,-88.730,←,0.0303,0.00000,1.91710
551.573,-42.942,-93.346,←,0.0200,0.00000,1.91710
552.446,-42.949,-90.878,→,0.0200,0.00000,1.91710
553.334,-42.964,-89.346,→,0.0200,0.00000,1.91710
554.208,-42.967,-90.036,→,0.0200,0.00000,1.91710
555.076,-42.969,-93.170,←,0.0200,0.00000,1.91710
555.954,-42.976,-95.439,→,0.0200,0.00000,1.91710
556.824,-42.961,-89.222,→,0.0204,0.00000,1.91710
557.698,-42.960,-92.167,←,0.0200,0.00000,1.91710
558.584,-42.945,-89.765,→,0.0200,0.00000,1.91710
559.454,-42.958,-93.536,←,0.0200,0.00000,1.91710
560.333,-42.962,-92.434,→,0.0200,0.00000,1.91710
561.201,-42.956,-90.431,←,0.0200,0.00000,1.91710
562.082,-42.974,-93.963,←,0.0200,0.00000,1.91710
562.948,-42.972,-87.092,←,0.0630,0.00315,1.91395
563.827,-42.977,-99.684,←,0.0200,0.00000,1.91395
564.703,-42.968,-91.735,→,0.0200,0.00000,1.91395
565.580,-42.966,-96.504,←,0.0200,0.00000,1.91395
566.450,-42.972,-91.098,→,0.0200,0.00000,1.91395
567.326,-42.966,-93.336,←,0.0200,0.00000,1.91395
568.202,-42.966,-95.795,←,0.0200,0.00000,1.91395
569.073,-42.955,-88.366,→,0.0376,0.00000,1.91395
569.949,-42.955,-97.541,→,0.0200,0.00000,1.91395
570.829,-42.958,-86.113,→,0.0826,0.00413,1.91808
571.704,-42.964,-89.613,→,0.0200,0.00000,1.91808
572.576,-42.956,-92.491,←,0.0200,0.00000,1.91808
573.444,-42.960,-94.888,←,0.0200,0.00000,1.91808
574.334,-42.951,-94.252,←,0.0200,0.00000,1.91808
575.193,-42.953,-95.829,←,0.0200,0.00000,1.91808
576.172,-42.956,-90.096,→,0.0200,0.00000,1.91808
577.057,-42.959,-92.797,→,0.0200,0.00000,1.91808
577.928,-42.975,-88.820,→,0.0285,0.00000,1.91808
578.801,-42.974,-94.532,→,0.0200,0.00000,1.91808
579.680,-42.985,-88.567,←,0.0335,0.00000,1.91808
580.554,-42.964,-86.272,→,0.0794,0.00397,1.92205
581.432,-42.959,-88.920,→,0.0265,0.00000,1.92205
582.302,-42.967,-87.143,→,0.0620,0.00310,1.92515
583.180,-42.961,-87.574,→,0.0534,0.00267,1.92782
584.058,-42.968,-91.381,→,0.0200,0.00000,1.92782
584.943,-42.980,-85.830,←,0.0883,0.00441,1.92341
585.803,-42.966,-88.368,←,0.0375,0.00000,1.92341
586.671,-42.960,-100.617,←,0.0200,0.00000,1.92341
587.564,-42.958,-87.880,→,0.0473,0.00236,1.92577
588.428,-42.971,-96.283,→,0.0200,0.00000,1.92577
589.304,-42.978,-88.861,←,0.0277,0.00000,1.92577
590.189,-42.963,-88.042,→,0.0440,0.00220,1.92797
591.059,-42.981,-91.921,←,0.0200,0.00000,1.92797
591.933,-42.971,-86.315,→,0.0786,0.00393,1.93190
592.803,-42.973,-91.197,←,0.0200,0.00000,1.93190
593.676,-42.966,-85.640,→,0.0921,0.00460,1.93651
594.558,-42.973,-87.391,←,0.0570,0.00285,1.93365
595.424,-42.953,-88.871,→,0.0275,0.00000,1.93365
596.300,-42.956,-101.584,←,0.0200,0.00000,1.93365
597.183,-42.964,-87.235,←,0.0602,0.00301,1.93065
598.046,-42.970,-86.557,←,0.0737,0.00369,1.92696
598.922,-42.972,-96.983,←,0.0200,0.00000,1.92696
599.808,-42.980,-99.396,←,0.0200,0.00000,1.92696
600.679,-42.966,-94.550,←,0.0200,0.00000,1.92696
601.548,-42.970,-86.756,→,0.0698,0.00349,1.93045
602.421,-42.976,-94.460,←,0.0200,0.00000,1.93045
603.304,-42.960,-85.772,←,0.0894,0.00447,1.92597
604.178,-42.969,-86.110,→,0.0827,0.00413,1.93011
605.048,-42.986,-86.015,→,0.0846,0.00423,1.93434
605.930,-42.954,-89.492,←,0.0200,0.00000,1.93434
606.798,-42.960,-85.218,←,0.1000,0.00503,1.92931
607.673,-42.967,-90.015,→,0.0200,0.00000,1.92931
608.557,-42.977,-92.140,←,0.0200,0.00000,1.92931
609.428,-42.977,-98.980,→,0.0200,0.00000,1.92931
610.299,-42.968,-87.860,→,0.0477,0.00238,1.93170
611.166,-42.974,-96.569,←,0.0200,0.00000,1.93170
612.056,-42.958,-91.025,→,0.0200,0.00000,1.93170
612.925,-42.969,-86.276,←,0.0793,0.00397,1.92773
613.805,-42.964,-92.478,→,0.0200,0.00000,1.92773
614.659,-42.936,-86.216,←,0.0805,0.00403,1.92370
615.554,-42.947,-86.449,→,0.0759,0.00379,1.92750
616.428,-42.958,-88.345,→,0.0380,0.00000,1.92750
617.299,-42.964,-99.346,←,0.0200,0.00000,1.92750
618.161,-42.983,-87.541,←,0.0540,0.00270,1.92479
619.040,-42.974,-90.617,→,0.0200,0.00000,1.92479
619.920,-42.969,-85.354,←,0.0978,0.00489,1.91991
620.795,-42.965,-98.267,←,0.0200,0.00000,1.91991
621.675,-42.970,-90.522,→,0.0200,0.00000,1.91991
622.555,-42.954,-87.462,←,0.0556,0.00278,1.91712
623.419,-42.949,-89.822,←,0.0200,0.00000,1.91712
624.302,-42.952,-86.682,←,0.0712,0.00356,1.91356
625.176,-42.952,-91.230,←,0.0200,0.00000,1.91356
626.051,-42.954,-86.729,←,0.0703,0.00351,1.91005
626.922,-42.963,-87.857,←,0.0477,0.00239,1.90766
627.805,-42.963,-90.872,→,0.0200,0.00000,1.90766
628.667,-42.951,-91.770,→,0.0200,0.00000,1.90766
629.549,-42.961,-87.315,→,0.0586,0.00293,1.91059
630.420,-42.976,-94.143,→,0.0200,0.00000,1.91059
631.304,-42.962,-98.643,←,0.0200,0.00000,1.91059
632.171,-42.959,-86.909,→,0.0667,0.00333,1.91393
633.046,-42.948,-93.680,←,0.0200,0.00000,1.91393
633.933,-42.964,-87.907,←,0.0467,0.00234,1.91159
634.812,-42.967,-97.491,←,0.0200,0.00000,1.91159
635.673,-42.954,-86.703,→,0.0708,0.00354,1.91513
636.557,-42.966,-98.236,←,0.0200,0.00000,1.91513
637.430,-42.958,-87.602,←,0.0528,0.00264,1.91249
638.294,-42.965,-95.506,←,0.0200,0.00000,1.91249
639.176,-42.970,-92.129,→,0.0200,0.00000,1.91249
640.040,-42.974,-91.348,←,0.0200,0.00000,1.91249
640.918,-42.976,-96.771,←,0.0200,0.00000,1.91249
641.797,-42.952,-90.198,←,0.0200,0.00000,1.91249
642.677,-42.969,-88.380,→,0.0373,0.00000,1.91249
643.559,-42.959,-89.914,→,0.0200,0.00000,1.91249
644.430,-42.958,-88.408,←,0.0367,0.00000,1.91249
645.304,-42.960,-96.827,←,0.0200,0.00000,1.91249
646.166,-42.963,-92.817,→,0.0200,0.00000,1.91249
647.068,-42.970,-95.267,←,0.0200,0.00000,1.91249
647.927,-42.981,-90.521,←,0.0200,0.00000,1.91249
648.789,-42.969,-99.696,←,0.0200,0.00000,1.91249
649.677,-42.960,-90.640,→,0.0200,0.00000,1.91249
650.548,-42.957,-87.579,←,0.0533,0.00266,1.90982
651.422,-42.960,-91.208,→,0.0200,0.00000,1.90982
652.295,-42.968,-87.619,→,0.0525,0.00262,1.91245
653.181,-42.947,-98.473,←,0.0200,0.00000,1.91245
654.050,-42.967,-86.985,→,0.0652,0.00326,1.91571
654.924,-42.966,-94.160,←,0.0200,0.00000,1.91571
655.793,-42.967,-88.132,←,0.0422,0.00211,1.91359
656.679,-42.963,-87.804,←,0.0488,0.00244,1.91115
657.544,-42.981,-90.515,←,0.0200,0.00000,1.91115
658.432,-42.972,-91.510,→,0.0200,0.00000,1.91115
659.302,-42.965,-94.206,←,0.0200,0.00000,1.91115
660.175,-42.960,-87.975,←,0.0454,0.00227,1.90889
661.052,-42.960,-87.386,→,0.0572,0.00286,1.91174
661.918,-42.968,-86.859,→,0.0677,0.00338,1.91513
662.802,-42.967,-88.454,→,0.0358,0.00000,1.91513
663.672,-42.963,-87.122,→,0.0624,0.00312,1.91825
664.555,-42.973,-88.318,←,0.0385,0.00000,1.91825
665.428,-42.969,-87.689,→,0.0511,0.00255,1.92080
666.303,-42.980,-90.177,→,0.0200,0.00000,1.92080
667.177,-42.974,-91.295,→,0.0200,0.00000,1.92080
668.038,-42.965,-91.606,←,0.0200,0.00000,1.92080
668.923,-42.958,-93.977,←,0.0200,0.00000,1.92080
669.800,-42.991,-91.697,→,0.0200,0.00000,1.92080
670.685,-42.974,-89.484,←,0.0200,0.00000,1.92080
671.552,-42.982,-105.712,←,0.0200,0.00000,1.92080
672.432,-42.968,-89.052,→,0.0238,0.00000,1.92080
673.300,-42.969,-96.250,→,0.0200,0.00000,1.92080
674.175,-42.970,-89.319,→,0.0200,0.00000,1.92080
675.051,-42.953,-89.283,→,0.0200,0.00000,1.92080
675.927,-42.976,-94.786,→,0.0200,0.00000,1.92080
676.801,-42.962,-92.023,←,0.0200,0.00000,1.92080
677.671,-42.942,-88.852,→,0.0278,0.00000,1.92080
678.557,-42.948,-96.051,←,0.0200,0.00000,1.92080
679.422,-42.960,-87.907,←,0.0467,0.00234,1.91847
680.293,-42.951,-93.303,→,0.0200,0.00000,1.91847
681.168,-42.953,-91.286,→,0.0200,0.00000,1.91847
682.045,-42.982,-95.577,←,0.0200,0.00000,1.91847
682.917,-42.954,-91.053,←,0.0200,0.00000,1.91847
683.797,-42.950,-90.211,←,0.0200,0.00000,1.91847
684.675,-42.959,-92.235,→,0.0200,0.00000,1.91847
685.553,-42.947,-99.500,←,0.0200,0.00000,1.91847
686.422,-42.960,-91.689,→,0.0200,0.00000,1.91847
687.296,-42.980,-99.482,←,0.0200,0.00000,1.91847
688.176,-42.988,-87.662,←,0.0516,0.00258,1.91589
689.053,-42.968,-90.771,←,0.0200,0.00000,1.91589
689.930,-42.957,-97.894,←,0.0200,0.00000,1.91589
690.789,-42.960,-92.914,←,0.0200,0.00000,1.91589
691.692,-42.950,-91.092,←,0.0200,0.00000,1.91589
692.558,-42.957,-90.272,→,0.0200,0.00000,1.91589
693.428,-42.966,-98.028,←,0.0200,0.00000,1.91589
694.296,-42.944,-90.110,←,0.0200,0.00000,1.91589
695.172,-42.949,-101.783,←,0.0200,0.00000,1.91589
696.059,-42.945,-90.687,→,0.0200,0.00000,1.91589
696.926,-42.966,-91.112,←,0.0200,0.00000,1.91589
697.795,-42.964,-91.076,→,0.0200,0.00000,1.91589
698.678,-42.962,-97.671,→,0.0200,0.00000,1.91589
699.554,-42.986,-88.314,→,0.0386,0.00000,1.91589
700.422,-42.985,-102.026,←,0.0200,0.00000,1.91589
701.301,-42.966,-95.305,←,0.0200,0.00000,1.91589
702.177,-42.976,-97.353,←,0.0200,0.00000,1.91589
703.047,-42.964,-92.543,→,0.0200,0.00000,1.91589
703.921,-42.961,-88.356,←,0.0377,0.00000,1.91589
704.800,-42.981,-94.511,←,0.0200,0.00000,1.91589
705.674,-42.962,-93.002,→,0.0200,0.00000,1.91589
706.548,-42.948,-87.412,→,0.0566,0.00283,1.91872
707.423,-42.952,-93.964,←,0.0200,0.00000,1.91872
708.299,-42.954,-92.392,→,0.0200,0.00000,1.91872
709.176,-42.987,-89.576,→,0.0200,0.00000,1.91872
710.050,-42.973,-93.051,←,0.0200,0.00000,1.91872
710.917,-42.966,-90.314,→,0.0200,0.00000,1.91872
711.787,-42.957,-88.505,←,0.0348,0.00000,1.91872
712.670,-42.975,-89.428,←,0.0200,0.00000,1.91872
713.554,-42.960,-90.729,←,0.0200,0.00000,1.91872
714.422,-42.960,-101.282,←,0.0200,0.00000,1.91872
715.301,-42.954,-86.852,←,0.0678,0.00339,1.91533
716.167,-42.948,-88.272,→,0.0394,0.00000,1.91533
717.046,-42.959,-86.385,→,0.0772,0.00386,1.91918
717.923,-42.980,-103.178,←,0.0200,0.00000,1.91918
718.801,-42.978,-95.090,←,0.0200,0.00000,1.91918
719.664,-42.971,-87.297,→,0.0589,0.00295,1.92213
720.554,-42.958,-87.673,←,0.0514,0.00257,1.91956
721.432,-42.971,-87.414,←,0.0566,0.00283,1.91673
722.300,-42.958,-87.583,←,0.0532,0.00266,1.91407
723.174,-42.954,-88.061,←,0.0436,0.00218,1.91189
724.045,-42.972,-91.573,←,0.0200,0.00000,1.91189
724.920,-42.969,-87.749,←,0.0499,0.00249,1.90939
725.796,-42.960,-98.227,←,0.0200,0.00000,1.90939
726.673,-42.976,-92.392,←,0.0200,0.00000,1.90939
727.554,-42.974,-89.024,→,0.0244,0.00000,1.90939
728.413,-42.954,-89.264,←,0.0200,0.00000,1.90939
729.299,-42.952,-86.661,→,0.0717,0.00358,1.91298
730.176,-42.959,-99.966,←,0.0200,0.00000,1.91298
731.045,-42.952,-96.014,←,0.0200,0.00000,1.91298
731.924,-42.952,-102.189,←,0.0200,0.00000,1.91298
732.807,-42.947,-87.409,←,0.0567,0.00283,1.91014
733.675,-42.954,-92.242,←,0.0200,0.00000,1.91014
734.545,-42.950,-96.749,→,0.0200,0.00000,1.91014
735.424,-42.943,-92.479,←,0.0200,0.00000,1.91014
736.296,-42.965,-87.282,→,0.0592,0.00296,1.91310
737.175,-42.951,-88.399,→,0.0369,0.00000,1.91310
738.050,-42.947,-88.409,←,0.0367,0.00000,1.91310
738.927,-42.946,-89.468,→,0.0200,0.00000,1.91310
739.791,-42.960,-89.924,←,0.0200,0.00000,1.91310
740.674,-42.954,-98.632,←,0.0200,0.00000,1.91310
741.545,-42.959,-92.583,←,0.0200,0.00000,1.91310
742.430,-42.939,-88.004,→,0.0448,0.00224,1.91534
743.297,-42.951,-87.930,→,0.0463,0.00231,1.91766
744.183,-42.967,-88.955,→,0.0258,0.00000,1.91766
745.046,-42.976,-89.512,←,0.0200,0.00000,1.91766
745.916,-42.976,-103.297,←,0.0200,0.00000,1.91766
746.794,-42.985,-104.615,←,0.0200,0.00000,1.91766
747.674,-42.953,-91.462,→,0.0200,0.00000,1.91766
748.553,-42.946,-94.636,←,0.0200,0.00000,1.91766
749.427,-42.958,-87.533,←,0.0542,0.00271,1.91494
750.291,-42.964,-88.715,←,0.0306,0.00000,1.91494
751.168,-42.959,-88.608,←,0.0327,0.00000,1.91494
752.040,-42.967,-91.477,←,0.0200,0.00000,1.91494
752.919,-42.974,-87.447,←,0.0559,0.00280,1.91215
753.794,-42.976,-88.455,←,0.0358,0.00000,1.91215
754.672,-42.972,-101.378,←,0.0200,0.00000,1.91215
755.537,-42.963,-94.060,←,0.0200,0.00000,1.91215
756.425,-42.969,-87.065,→,0.0636,0.00318,1.91533
757.301,-42.962,-94.283,→,0.0200,0.00000,1.91533
758.168,-42.964,-94.320,←,0.0200,0.00000,1.91533
759.050,-42.958,-97.955,←,0.0200,0.00000,1.91533
759.916,-42.954,-90.010,→,0.0200,0.00000,1.91533
760.805,-42.936,-96.487,←,0.0200,0.00000,1.91533
761.678,-42.978,-90.823,→,0.0200,0.00000,1.91533
762.547,-42.963,-99.961,←,0.0200,0.00000,1.91533
763.422,-42.968,-90.932,←,0.0200,0.00000,1.91533
764.301,-42.970,-90.364,←,0.0200,0.00000,1.91533
765.175,-42.960,-87.900,→,0.0469,0.00234,1.91767
766.057,-42.952,-89.173,→,0.0214,0.00000,1.91767
766.909,-42.952,-92.983,←,0.0200,0.00000,1.91767
767.804,-42.938,-88.674,←,0.0314,0.00000,1.91767
768.680,-42.962,-88.726,←,0.0304,0.00000,1.91767
769.542,-42.961,-86.633,←,0.0722,0.00361,1.91406
770.420,-42.951,-88.026,←,0.0444,0.00222,1.91184
771.301,-42.972,-96.983,→,0.0200,0.00000,1.91184
772.176,-42.964,-97.838,←,0.0200,0.00000,1.91184
773.040,-42.988,-98.497,→,0.0200,0.00000,1.91184
773.922,-42.978,-90.940,←,0.0200,0.00000,1.91184
774.797,-42.965,-91.750,←,0.0200,0.00000,1.91184
775.667,-42.966,-87.847,←,0.0479,0.00240,1.90945
776.543,-42.952,-90.311,→,0.0200,0.00000,1.90945
777.416,-42.953,-92.889,←,0.0200,0.00000,1.90945
778.303,-42.944,-93.333,←,0.0200,0.00000,1.90945
779.169,-42.961,-98.111,←,0.0200,0.00000,1.90945
780.055,-42.959,-92.475,→,0.0200,0.00000,1.90945
780.922,-42.969,-87.886,→,0.0472,0.00236,1.91180
781.804,-42.954,-87.807,←,0.0487,0.00244,1.90937
782.671,-42.987,-90.940,←,0.0200,0.00000,1.90937
783.546,-42.963,-89.172,→,0.0214,0.00000,1.90937
784.417,-42.973,-94.094,→,0.0200,0.00000,1.90937
785.296,-42.966,-94.214,←,0.0200,0.00000,1.90937
786.170,-42.952,-93.217,←,0.0200,0.00000,1.90937
787.050,-42.966,-89.619,→,0.0200,0.00000,1.90937
787.917,-42.960,-88.325,→,0.0384,0.00000,1.90937
788.795,-42.965,-92.424,←,0.0200,0.00000,1.90937
789.678,-42.957,-89.082,→,0.0232,0.00000,1.90937
790.545,-42.960,-99.287,←,0.0200,0.00000,1.90937
791.419,-42.971,-88.063,←,0.0436,0.00218,1.90719
792.301,-42.969,-99.534,←,0.0200,0.00000,1.90719
793.163,-42.958,-91.723,→,0.0200,0.00000,1.90719
794.048,-42.957,-90.922,→,0.0200,0.00000,1.90719
794.923,-42.950,-94.348,←,0.0200,0.00000,1.90719
795.794,-42.944,-94.760,←,0.0200,0.00000,1.90719
796.660,-42.945,-87.546,→,0.0539,0.00270,1.90988
797.552,-42.975,-92.298,→,0.0200,0.00000,1.90988
798.416,-42.960,-99.468,←,0.0200,0.00000,1.90988
799.295,-42.938,-89.913,←,0.0200,0.00000,1.90988
800.169,-42.961,-95.056,→,0.0200,0.00000,1.90988
801.048,-42.966,-96.215,←,0.0200,0.00000,1.90988
801.920,-42.968,-89.972,→,0.0200,0.00000,1.90988
802.788,-42.962,-88.686,→,0.0312,0.00000,1.90988
803.673,-42.952,-90.709,←,0.0200,0.00000,1.90988
804.545,-42.955,-91.639,←,0.0200,0.00000,1.90988
805.421,-42.969,-88.421,→,0.0365,0.00000,1.90988
806.298,-42.949,-89.741,←,0.0200,0.00000,1.90988
807.165,-42.941,-89.383,←,0.0200,0.00000,1.90988
808.044,-42.959,-88.568,←,0.0335,0.00000,1.90988
808.918,-42.967,-89.510,→,0.0200,0.00000,1.90988
809.794,-42.960,-93.329,→,0.0200,0.00000,1.90988
810.674,-42.971,-87.686,→,0.0511,0.00256,1.91244
811.544,-42.958,-91.861,→,0.0200,0.00000,1.91244
812.415,-42.962,-97.107,←,0.0200,0.00000,1.91244
813.296,-42.965,-88.031,←,0.0443,0.00221,1.91023
814.178,-42.951,-93.659,←,0.0200,0.00000,1.91023
815.040,-42.975,-88.570,←,0.0335,0.00000,1.91023
815.918,-42.958,-96.817,→,0.0200,0.00000,1.91023
816.791,-42.948,-93.220,←,0.0200,0.00000,1.91023
817.667,-42.948,-93.258,←,0.0200,0.00000,1.91023
818.540,-42.939,-93.749,←,0.0200,0.00000,1.91023
819.407,-42.933,-89.029,←,0.0243,0.00000,1.91023
820.301,-42.947,-89.496,→,0.0200,0.00000,1.91023
821.169,-42.948,-91.490,←,0.0200,0.00000,1.91023
822.039,-42.943,-88.902,→,0.0268,0.00000,1.91023
822.911,-42.947,-93.851,←,0.0200,0.00000,1.91023
823.794,-42.946,-99.347,←,0.0200,0.00000,1.91023
824.667,-42.943,-92.867,→,0.0200,0.00000,1.91023
825.544,-42.968,-89.123,→,0.0224,0.00000,1.91023
826.413,-42.941,-89.133,←,0.0222,0.00000,1.91023
827.293,-42.948,-89.101,→,0.0229,0.00000,1.91023
828.173,-42.944,-87.771,←,0.0495,0.00247,1.90776
829.040,-42.980,-92.437,←,0.0200,0.00000,1.90776
829.920,-42.952,-94.714,→,0.0200,0.00000,1.90776
830.799,-42.958,-90.294,→,0.0200,0.00000,1.90776
831.665,-42.946,-88.072,←,0.0434,0.00217,1.90558
832.537,-42.939,-88.948,→,0.0259,0.00000,1.90558
833.423,-42.958,-88.122,←,0.0424,0.00212,1.90346
834.288,-42.937,-89.430,→,0.0200,0.00000,1.90346
835.170,-42.946,-91.081,←,0.0200,0.00000,1.90346
836.042,-42.940,-94.233,→,0.0200,0.00000,1.90346
836.912,-42.953,-89.663,←,0.0200,0.00000,1.90346
837.790,-42.943,-96.727,←,0.0200,0.00000,1.90346
838.668,-42.934,-93.843,←,0.0200,0.00000,1.90346
839.548,-42.935,-92.491,←,0.0200,0.00000,1.90346
840.422,-42.956,-88.900,←,0.0269,0.00000,1.90346
841.295,-42.956,-94.788,←,0.0200,0.00000,1.90346
842.168,-42.953,-91.554,→,0.0200,0.00000,1.90346
843.044,-42.961,-91.097,←,0.0200,0.00000,1.90346
843.919,-42.963,-90.079,←,0.0200,0.00000,1.90346
844.806,-42.958,-95.019,←,0.0200,0.00000,1.90346
845.672,-42.969,-92.053,←,0.0200,0.00000,1.90346
846.548,-42.956,-96.559,←,0.0200,0.00000,1.90346
847.418,-42.944,-93.120,←,0.0200,0.00000,1.90346
848.293,-42.949,-94.500,←,0.0200,0.00000,1.90346
849.167,-42.952,-90.918,←,0.0200,0.00000,1.90346
850.041,-42.962,-103.831,←,0.0200,0.00000,1.90346
850.916,-42.963,-90.451,→,0.0200,0.00000,1.90346
851.787,-42.957,-99.628,←,0.0200,0.00000,1.90346
852.673,-42.955,-87.638,←,0.0521,0.00261,1.90086
853.554,-42.948,-86.451,→,0.0759,0.00379,1.90465
854.418,-42.947,-90.569,←,0.0200,0.00000,1.90465
855.297,-42.938,-87.362,←,0.0576,0.00288,1.90177
856.162,-42.947,-93.186,←,0.0200,0.00000,1.90177
857.038,-42.935,-102.961,←,0.0200,0.00000,1.90177
857.924,-42.950,-89.533,←,0.0200,0.00000,1.90177
858.800,-42.945,-95.439,←,0.0200,0.00000,1.90177
859.674,-42.948,-103.395,←,0.0200,0.00000,1.90177
860.552,-42.947,-92.394,←,0.0200,0.00000,1.90177
861.419,-42.956,-90.188,←,0.0200,0.00000,1.90177
862.293,-42.955,-89.792,→,0.0200,0.00000,1.90177
863.164,-42.978,-86.416,→,0.0766,0.00383,1.90560
864.055,-42.963,-96.080,←,0.0200,0.00000,1.90560
864.918,-42.950,-87.760,→,0.0497,0.00248,1.90808
865.795,-42.942,-96.848,←,0.0200,0.00000,1.90808
866.667,-42.949,-94.042,←,0.0200,0.00000,1.90808
867.549,-42.949,-88.855,→,0.0278,0.00000,1.90808
868.417,-42.954,-87.419,←,0.0565,0.00282,1.90526
869.289,-42.970,-91.658,←,0.0200,0.00000,1.90526
870.171,-42.957,-92.121,←,0.0200,0.00000,1.90526
871.042,-42.954,-101.493,←,0.0200,0.00000,1.90526
871.914,-42.945,-90.095,→,0.0200,0.00000,1.90526
872.794,-42.968,-90.805,→,0.0200,0.00000,1.90526
873.663,-42.945,-86.660,→,0.0717,0.00358,1.90884
874.541,-42.966,-89.978,→,0.0200,0.00000,1.90884
875.414,-42.950,-91.526,←,0.0200,0.00000,1.90884
876.293,-42.953,-100.116,←,0.0200,0.00000,1.90884
877.175,-42.975,-88.233,←,0.0402,0.00201,1.90683
878.042,-42.954,-90.052,→,0.0200,0.00000,1.90683
878.922,-42.958,-93.334,→,0.0200,0.00000,1.90683
879.800,-42.948,-95.931,←,0.0200,0.00000,1.90683
880.668,-42.951,-87.440,←,0.0561,0.00280,1.90402
881.554,-42.953,-96.654,←,0.0200,0.00000,1.90402
882.424,-42.942,-87.004,←,0.0648,0.00324,1.90079
883.301,-42.939,-87.683,←,0.0512,0.00256,1.89822
884.169,-42.938,-86.073,→,0.0834,0.00417,1.90239
885.050,-42.945,-89.157,←,0.0217,0.00000,1.90239
885.917,-42.951,-90.848,→,0.0200,0.00000,1.90239
886.801,-42.942,-96.052,←,0.0200,0.00000,1.90239
887.681,-42.950,-88.193,→,0.0410,0.00205,1.90444
888.542,-42.937,-91.912,←,0.0200,0.00000,1.90444
889.428,-42.947,-90.988,←,0.0200,0.00000,1.90444
890.301,-42.965,-96.026,←,0.0200,0.00000,1.90444
891.176,-42.949,-88.290,←,0.0391,0.00000,1.90444
892.058,-42.939,-88.601,←,0.0329,0.00000,1.90444
892.914,-42.962,-92.307,←,0.0200,0.00000,1.90444
893.796,-42.957,-101.929,←,0.0200,0.00000,1.90444
894.658,-42.959,-89.689,→,0.0200,0.00000,1.90444
895.543,-42.979,-90.294,←,0.0200,0.00000,1.90444
896.417,-42.941,-93.629,→,0.0200,0.00000,1.90444
897.292,-42.948,-91.324,→,0.0200,0.00000,1.90444
898.164,-42.951,-90.347,→,0.0200,0.00000,1.90444
899.042,-42.957,-87.808,→,0.0487,0.00244,1.90688
899.917,-42.981,-89.675,→,0.0200,0.00000,1.90688
900.783,-42.970,-102.266,←,0.0200,0.00000,1.90688
901.667,-42.969,-94.234,→,0.0200,0.00000,1.90688
902.536,-42.966,-94.134,←,0.0200,0.00000,1.90688
903.430,-42.959,-90.199,→,0.0200,0.00000,1.90688
904.289,-42.974,-95.316,←,0.0200,0.00000,1.90688
905.168,-42.955,-89.364,←,0.0200,0.00000,1.90688
906.036,-42.966,-97.879,←,0.0200,0.00000,1.90688
906.914,-42.972,-100.733,←,0.0200,0.00000,1.90688
907.792,-42.976,-96.013,→,0.0200,0.00000,1.90688
908.663,-42.965,-94.028,←,0.0200,0.00000,1.90688
909.544,-42.980,-94.286,←,0.0200,0.00000,1.90688
910.413,-42.969,-90.720,←,0.0200,0.00000,1.90688
911.289,-42.953,-98.586,←,0.0200,0.00000,1.90688
912.167,-42.958,-90.348,←,0.0200,0.00000,1.90688
913.035,-42.959,-94.857,←,0.0200,0.00000,1.90688
913.925,-42.961,-92.218,←,0.0200,0.00000,1.90688
914.786,-42.940,-91.679,→,0.0200,0.00000,1.90688
915.671,-42.971,-94.920,←,0.0200,0.00000,1.90688
916.545,-42.958,-97.812,←,0.0200,0.00000,1.90688
917.412,-42.946,-100.032,←,0.0200,0.00000,1.90688
918.296,-42.934,-93.667,←,0.0200,0.00000,1.90688
919.175,-42.945,-90.760,→,0.0200,0.00000,1.90688
920.046,-42.950,-89.640,←,0.0200,0.00000,1.90688
920.924,-42.959,-90.931,→,0.0200,0.00000,1.90688
921.800,-42.957,-89.622,→,0.0200,0.00000,1.90688
922.660,-42.960,-89.964,→,0.0200,0.00000,1.90688
923.547,-42.965,-88.067,←,0.0435,0.00218,1.90470
924.419,-42.968,-95.631,←,0.0200,0.00000,1.90470
925.287,-42.943,-91.466,→,0.0200,0.00000,1.90470
926.165,-42.964,-90.586,←,0.0200,0.00000,1.90470
927.045,-42.958,-93.546,←,0.0200,0.00000,1.90470
927.911,-42.965,-92.817,←,0.0200,0.00000,1.90470
928.787,-42.977,-101.900,←,0.0200,0.00000,1.90470
929.662,-42.963,-88.153,→,0.0418,0.00209,1.90679
930.536,-42.970,-91.157,←,0.0200,0.00000,1.90679
931.421,-42.947,-89.271,→,0.0200,0.00000,1.90679
932.295,-42.961,-95.307,←,0.0200,0.00000,1.90679
933.162,-42.942,-92.822,←,0.0200,0.00000,1.90679
934.050,-42.935,-92.422,←,0.0200,0.00000,1.90679
934.921,-42.946,-95.526,←,0.0200,0.00000,1.90679
935.792,-42.947,-90.351,←,0.0200,0.00000,1.90679
936.662,-42.954,-91.966,→,0.0200,0.00000,1.90679
937.542,-42.943,-89.758,←,0.0200,0.00000,1.90679
938.418,-42.932,-87.718,→,0.0505,0.00253,1.90932
939.293,-42.939,-96.164,←,0.0200,0.00000,1.90932
940.175,-42.937,-89.594,→,0.0200,0.00000,1.90932
941.040,-42.952,-89.030,←,0.0243,0.00000,1.90932
941.915,-42.934,-91.462,→,0.0200,0.00000,1.90932
942.795,-42.949,-86.349,→,0.0779,0.00389,1.91321
943.672,-42.960,-86.608,←,0.0727,0.00364,1.90958
944.538,-42.949,-91.460,←,0.0200,0.00000,1.90958
945.412,-42.963,-91.257,←,0.0200,0.00000,1.90958
946.296,-42.981,-91.494,→,0.0200,0.00000,1.90958
947.177,-42.960,-90.895,→,0.0200,0.00000,1.90958
948.045,-42.973,-94.340,←,0.0200,0.00000,1.90958
948.911,-42.966,-98.422,←,0.0200,0.00000,1.90958
949.782,-42.950,-93.266,→,0.0200,0.00000,1.90958
950.670,-42.955,-94.877,→,0.0200,0.00000,1.90958
951.537,-42.955,-88.862,←,0.0276,0.00000,1.90958
952.428,-42.942,-90.619,→,0.0200,0.00000,1.90958
953.284,-42.950,-90.994,←,0.0200,0.00000,1.90958
954.159,-42.964,-93.673,←,0.0200,0.00000,1.90958
955.044,-42.942,-90.961,←,0.0200,0.00000,1.90958
955.919,-42.956,-90.928,→,0.0200,0.00000,1.90958
956.790,-42.951,-94.336,→,0.0200,0.00000,1.90958
957.673,-42.940,-89.678,←,0.0200,0.00000,1.90958
958.538,-42.967,-101.060,←,0.0200,0.00000,1.90958
959.414,-42.956,-91.116,→,0.0200,0.00000,1.90958
960.288,-42.968,-100.205,←,0.0200,0.00000,1.90958
961.162,-42.965,-89.751,←,0.0200,0.00000,1.90958
962.044,-42.936,-97.859,→,0.0200,0.00000,1.90958
962.920,-42.961,-85.853,→,0.0878,0.00439,1.91397
963.786,-42.966,-95.718,←,0.0200,0.00000,1.91397
964.655,-42.947,-100.385,←,0.0200,0.00000,1.91397
965.543,-42.956,-87.579,→,0.0533,0.00266,1.91663
966.427,-42.956,-101.955,←,0.0200,0.00000,1.91663
967.305,-42.972,-89.266,←,0.0200,0.00000,1.91663
968.172,-42.973,-89.222,→,0.0204,0.00000,1.91663
969.042,-42.949,-87.215,←,0.0606,0.00303,1.91360
969.916,-42.956,-91.299,←,0.0200,0.00000,1.91360
970.786,-42.958,-90.387,→,0.0200,0.00000,1.91360
971.663,-42.970,-85.997,←,0.0849,0.00425,1.90936
972.547,-42.932,-86.292,→,0.0790,0.00395,1.91331
973.418,-42.941,-94.224,→,0.0200,0.00000,1.91331
974.295,-42.933,-86.743,→,0.0700,0.00350,1.91681
975.171,-42.948,-87.587,←,0.0531,0.00266,1.91415
976.040,-42.972,-88.027,→,0.0443,0.00222,1.91637
976.910,-42.954,-85.884,→,0.0872,0.00436,1.92073
977.794,-42.955,-97.422,←,0.0200,0.00000,1.92073
978.661,-42.971,-92.592,→,0.0200,0.00000,1.92073
979.536,-42.945,-86.748,→,0.0699,0.00350,1.92423
980.420,-42.951,-92.926,←,0.0200,0.00000,1.92423
981.294,-42.952,-91.120,←,0.0200,0.00000,1.92423
982.160,-42.959,-87.530,←,0.0543,0.00271,1.92151
983.043,-42.946,-98.538,←,0.0200,0.00000,1.92151
983.923,-42.954,-85.434,→,0.0962,0.00481,1.92632
984.791,-42.961,-86.412,→,0.0766,0.00383,1.93015
985.660,-42.963,-90.020,←,0.0200,0.00000,1.93015
986.544,-42.950,-87.379,←,0.0573,0.00286,1.92729
987.419,-42.964,-87.375,←,0.0574,0.00287,1.92442
988.289,-42.975,-95.898,→,0.0200,0.00000,1.92442
989.161,-42.964,-88.359,←,0.0377,0.00000,1.92442
990.043,-42.953,-97.591,←,0.0200,0.00000,1.92442
990.918,-42.943,-90.276,←,0.0200,0.00000,1.92442
991.792,-42.954,-90.529,→,0.0200,0.00000,1.92442
992.677,-42.929,-85.583,→,0.0932,0.00466,1.92908
993.535,-42.943,-89.097,←,0.0229,0.00000,1.92908
994.418,-42.941,-86.498,←,0.0749,0.00375,1.92534
995.293,-42.940,-86.564,←,0.0736,0.00368,1.92166
996.160,-42.964,-87.254,→,0.0598,0.00299,1.92465
997.044,-42.957,-86.405,←,0.0768,0.00384,1.92081
997.910,-42.948,-86.663,→,0.0716,0.00358,1.92439
998.797,-42.963,-87.065,→,0.0636,0.00318,1.92757
999.666,-42.953,-91.693,←,0.0200,0.00000,1.92757
1000.538,-42.958,-89.023,→,0.0244,0.00000,1.92757
1001.417,-42.970,-88.619,→,0.0325,0.00000,1.92757
1002.277,-42.975,-86.342,←,0.0780,0.00390,1.92367
1003.160,-42.955,-88.942,→,0.0260,0.00000,1.92367
1004.037,-42.950,-89.198,←,0.0209,0.00000,1.92367
1004.922,-42.948,-93.495,→,0.0200,0.00000,1.92367
1005.789,-42.947,-88.650,→,0.0319,0.00000,1.92367
1006.662,-42.953,-94.312,←,0.0200,0.00000,1.92367
1007.540,-42.952,-86.541,←,0.0740,0.00370,1.91996
1008.422,-42.937,-91.355,←,0.0200,0.00000,1.91996
1009.290,-42.947,-86.125,→,0.0824,0.00412,1.92408
1010.160,-42.955,-93.312,←,0.0200,0.00000,1.92408
1011.044,-42.960,-99.263,→,0.0200,0.00000,1.92408
1011.915,-42.955,-90.678,←,0.0200,0.00000,1.92408
1012.784,-42.964,-94.822,→,0.0200,0.00000,1.92408
1013.672,-42.975,-86.828,←,0.0683,0.00342,1.92067
1014.542,-42.966,-91.491,←,0.0200,0.00000,1.92067
1015.413,-42.971,-86.122,←,0.0824,0.00412,1.91655
1016.284,-42.962,-85.392,→,0.0970,0.00485,1.92140
1017.164,-42.965,-90.016,←,0.0200,0.00000,1.92140
1018.040,-42.961,-95.717,←,0.0200,0.00000,1.92140
1018.911,-42.959,-100.404,→,0.0200,0.00000,1.92140
1019.783,-42.962,-88.272,←,0.0394,0.00000,1.92140
1020.662,-42.949,-87.818,←,0.0485,0.00243,1.91897
1021.532,-42.962,-91.248,←,0.0200,0.00000,1.91897
1022.413,-42.957,-89.466,←,0.0200,0.00000,1.91897
1023.298,-42.971,-100.231,←,0.0200,0.00000,1.91897
1024.169,-42.961,-89.176,→,0.0213,0.00000,1.91897
1025.034,-42.948,-88.469,→,0.0355,0.00000,1.91897
1025.914,-42.933,-87.628,←,0.0523,0.00262,1.91636
1026.788,-42.941,-90.484,→,0.0200,0.00000,1.91636
1027.660,-42.947,-87.815,→,0.0486,0.00243,1.91878
1028.538,-42.963,-101.200,←,0.0200,0.00000,1.91878
1029.413,-42.970,-85.335,←,0.0982,0.00491,1.91388
1030.288,-42.973,-94.914,←,0.0200,0.00000,1.91388
1031.155,-42.980,-88.150,→,0.0419,0.00209,1.91597
1032.043,-42.952,-98.607,←,0.0200,0.00000,1.91597
1032.918,-42.956,-94.436,←,0.0200,0.00000,1.91597
1033.795,-42.940,-89.661,→,0.0200,0.00000,1.91597
1034.660,-42.947,-88.621,←,0.0325,0.00000,1.91597
1035.529,-42.934,-87.919,→,0.0465,0.00232,1.91829
1036.408,-42.951,-93.108,←,0.0200,0.00000,1.91829
1037.291,-42.948,-87.545,→,0.0540,0.00270,1.92099
1038.175,-42.965,-92.458,←,0.0200,0.00000,1.92099
1039.041,-42.947,-89.364,→,0.0200,0.00000,1.92099
1039.922,-42.955,-89.634,←,0.0200,0.00000,1.92099
1040.784,-42.946,-89.706,←,0.0200,0.00000,1.92099
1041.663,-42.959,-85.700,→,0.0909,0.00454,1.92554
1042.541,-42.947,-89.042,←,0.0240,0.00000,1.92554
1043.413,-42.949,-95.579,←,0.0200,0.00000,1.92554
1044.282,-42.964,-90.527,←,0.0200,0.00000,1.92554
1045.163,-42.963,-89.835,→,0.0200,0.00000,1.92554
1046.040,-42.968,-91.881,←,0.0200,0.00000,1.92554
1046.917,-42.979,-87.028,←,0.0643,0.00322,1.92232
1047.777,-42.961,-87.757,→,0.0497,0.00249,1.92481
1048.667,-42.958,-89.065,→,0.0236,0.00000,1.92481
1049.538,-42.948,-88.019,→,0.0445,0.00222,1.92703
1050.414,-42.962,-92.823,←,0.0200,0.00000,1.92703
1051.283,-42.972,-87.871,←,0.0474,0.00237,1.92466
1052.158,-42.964,-89.101,→,0.0228,0.00000,1.92466
1053.034,-42.952,-90.982,←,0.0200,0.00000,1.92466
1053.917,-42.951,-88.983,→,0.0252,0.00000,1.92466
1054.777,-42.949,-93.988,←,0.0200,0.00000,1.92466
1055.666,-42.958,-96.159,←,0.0200,0.00000,1.92466
1056.540,-42.949,-91.506,←,0.0200,0.00000,1.92466
1057.412,-42.928,-90.043,←,0.0200,0.00000,1.92466
1058.287,-42.947,-90.385,→,0.0200,0.00000,1.92466
1059.161,-42.936,-93.099,←,0.0200,0.00000,1.92466
1060.038,-42.952,-87.139,→,0.0621,0.00310,1.92776
1060.912,-42.945,-88.118,←,0.0425,0.00213,1.92564
1061.783,-42.930,-95.959,←,0.0200,0.00000,1.92564
1062.658,-42.946,-94.103,→,0.0200,0.00000,1.92564
1063.539,-42.947,-99.558,←,0.0200,0.00000,1.92564
1064.414,-42.943,-91.061,→,0.0200,0.00000,1.92564
1065.287,-42.953,-94.640,←,0.0200,0.00000,1.92564
1066.150,-42.953,-95.403,←,0.0200,0.00000,1.92564
1067.035,-42.956,-101.512,←,0.0200,0.00000,1.92564
1067.914,-42.951,-94.612,→,0.0200,0.00000,1.92564
1068.780,-42.942,-95.452,←,0.0200,0.00000,1.92564
1069.658,-42.951,-87.724,→,0.0504,0.00252,1.92816
1070.539,-42.934,-93.660,←,0.0200,0.00000,1.92816
1071.409,-42.931,-88.089,→,0.0431,0.00215,1.93031
1072.292,-42.968,-87.997,→,0.0449,0.00225,1.93256
1073.160,-42.967,-87.937,←,0.0461,0.00231,1.93025
1074.030,-42.974,-94.750,→,0.0200,0.00000,1.93025
1074.913,-42.961,-87.849,←,0.0479,0.00239,1.92786
1075.784,-42.974,-86.576,→,0.0733,0.00367,1.93152
1076.660,-42.972,-91.674,←,0.0200,0.00000,1.93152
1077.529,-42.958,-87.341,←,0.0580,0.00290,1.92862
1078.413,-42.966,-96.146,←,0.0200,0.00000,1.92862
1079.276,-42.947,-87.991,←,0.0451,0.00225,1.92637
1080.162,-42.953,-87.471,→,0.0554,0.00277,1.92914
1081.037,-42.942,-88.622,→,0.0324,0.00000,1.92914
1081.911,-42.938,-88.094,→,0.0430,0.00215,1.93129
1082.785,-42.949,-87.423,→,0.0564,0.00282,1.93411
1083.658,-42.946,-85.846,→,0.0880,0.00440,1.93851
1084.533,-42.945,-99.980,←,0.0200,0.00000,1.93851
1085.413,-42.950,-97.380,←,0.0200,0.00000,1.93851
1086.282,-42.944,-91.152,←,0.0200,0.00000,1.93851
1087.158,-42.949,-91.605,→,0.0200,0.00000,1.93851
1088.037,-42.945,-95.413,←,0.0200,0.00000,1.93851
1088.907,-42.955,-86.022,→,0.0844,0.00422,1.94273
1089.782,-42.950,-89.172,→,0.0214,0.00000,1.94273
1090.671,-42.976,-87.054,←,0.0638,0.00319,1.93954
1091.541,-42.971,-86.729,→,0.0703,0.00351,1.94306
1092.412,-42.977,-86.304,←,0.0788,0.00394,1.93912
1093.282,-42.985,-96.654,←,0.0200,0.00000,1.93912
1094.166,-42.979,-90.412,→,0.0200,0.00000,1.93912
1095.033,-42.972,-89.558,→,0.0200,0.00000,1.93912
1095.908,-42.969,-88.543,←,0.0340,0.00000,1.93912
1096.786,-42.946,-98.234,←,0.0200,0.00000,1.93912
1097.653,-42.955,-99.234,←,0.0200,0.00000,1.93912
1098.532,-42.964,-90.730,→,0.0200,0.00000,1.93912
1099.409,-42.949,-89.212,←,0.0206,0.00000,1.93912
1100.284,-42.943,-91.107,←,0.0200,0.00000,1.93912
1101.157,-42.945,-86.517,←,0.0745,0.00373,1.93539
1102.041,-42.948,-86.964,←,0.0656,0.00328,1.93211
1102.904,-42.952,-87.175,←,0.0614,0.00307,1.92904
1103.788,-42.956,-90.784,→,0.0200,0.00000,1.92904
1104.659,-42.958,-96.906,←,0.0200,0.00000,1.92904
1105.543,-42.949,-86.119,←,0.0825,0.00412,1.92492
1106.411,-42.949,-97.872,←,0.0200,0.00000,1.92492
1107.274,-42.950,-89.435,→,0.0200,0.00000,1.92492
1108.155,-42.940,-94.733,←,0.0200,0.00000,1.92492
1109.043,-42.965,-100.548,←,0.0200,0.00000,1.92492
1109.911,-42.949,-87.859,←,0.0477,0.00238,1.92253
1110.784,-42.951,-87.171,←,0.0615,0.00307,1.91946
1111.665,-42.960,-86.163,→,0.0816,0.00408,1.92354
1112.532,-42.949,-85.281,←,0.0993,0.00496,1.91858
1113.411,-42.949,-87.281,←,0.0592,0.00296,1.91562
1114.282,-42.941,-90.902,→,0.0200,0.00000,1.91562
1115.162,-42.936,-87.289,→,0.0591,0.00295,1.91857
1116.033,-42.949,-88.840,→,0.0281,0.00000,1.91857
1116.918,-42.946,-91.054,←,0.0200,0.00000,1.91857
1117.792,-42.951,-91.232,←,0.0200,0.00000,1.91857
1118.660,-42.945,-87.511,←,0.0546,0.00273,1.91584
1119.532,-42.954,-89.606,→,0.0200,0.00000,1.91584
1120.413,-42.931,-91.152,←,0.0200,0.00000,1.91584
1121.279,-42.941,-104.702,←,0.0200,0.00000,1.91584
1122.161,-42.953,-86.501,←,0.0748,0.00374,1.91210
1123.036,-42.950,-104.408,←,0.0200,0.00000,1.91210
1123.914,-42.945,-99.222,←,0.0200,0.00000,1.91210
1124.788,-42.955,-92.961,←,0.0200,0.00000,1.91210
1125.661,-42.942,-96.296,←,0.0200,0.00000,1.91210
1126.526,-42.941,-91.357,←,0.0200,0.00000,1.91210
1127.408,-42.949,-92.687,→,0.0200,0.00000,1.91210
1128.282,-42.953,-88.167,←,0.0415,0.00208,1.91002
1129.163,-42.964,-95.835,←,0.0200,0.00000,1.91002
1130.034,-42.966,-97.975,←,0.0200,0.00000,1.91002
1130.907,-42.953,-94.142,←,0.0200,0.00000,1.91002
1131.785,-42.949,-97.441,←,0.0200,0.00000,1.91002
1132.657,-42.949,-96.456,←,0.0200,0.00000,1.91002
1133.532,-42.935,-89.157,←,0.0217,0.00000,1.91002
1134.403,-42.936,-95.108,←,0.0200,0.00000,1.91002
1135.281,-42.956,-88.510,→,0.0347,0.00000,1.91002
1136.160,-42.954,-101.677,←,0.0200,0.00000,1.91002
1137.033,-42.972,-90.414,←,0.0200,0.00000,1.91002
1137.907,-42.955,-93.273,←,0.0200,0.00000,1.91002
1138.791,-42.951,-95.819,←,0.0200,0.00000,1.91002
1139.661,-42.962,-90.670,→,0.0200,0.00000,1.91002
1140.537,-42.944,-87.602,→,0.0528,0.00264,1.91266
1141.407,-42.939,-89.348,→,0.0200,0.00000,1.91266
1142.282,-42.946,-99.014,←,0.0200,0.00000,1.91266
1143.161,-42.942,-93.662,←,0.0200,0.00000,1.91266
1144.031,-42.947,-88.953,←,0.0258,0.00000,1.91266
1144.907,-42.937,-88.600,←,0.0329,0.00000,1.91266
1145.782,-42.950,-87.583,→,0.0532,0.00266,1.91532
1146.657,-42.956,-95.432,←,0.0200,0.00000,1.91532
1147.536,-42.971,-90.195,→,0.0200,0.00000,1.91532
1148.408,-42.963,-90.591,→,0.0200,0.00000,1.91532
1149.282,-42.951,-92.547,←,0.0200,0.00000,1.91532
1150.161,-42.962,-92.742,→,0.0200,0.00000,1.91532
1151.042,-42.952,-89.264,→,0.0200,0.00000,1.91532
1151.906,-42.952,-87.033,→,0.0642,0.00321,1.91853
1152.778,-42.962,-87.944,→,0.0460,0.00230,1.92083
1153.656,-42.969,-89.119,→,0.0225,0.00000,1.92083
1154.533,-42.964,-91.568,→,0.0200,0.00000,1.92083
1155.403,-42.967,-90.646,→,0.0200,0.00000,1.92083
1156.278,-42.960,-91.244,→,0.0200,0.00000,1.92083
1157.152,-42.962,-97.628,←,0.0200,0.00000,1.92083
1158.030,-42.967,-95.359,→,0.0200,0.00000,1.92083
1158.910,-42.955,-89.114,←,0.0226,0.00000,1.92083
1159.777,-42.954,-87.973,→,0.0454,0.00227,1.92310
1160.656,-42.945,-92.360,←,0.0200,0.00000,1.92310
1161.531,-42.944,-97.439,←,0.0200,0.00000,1.92310
1162.417,-42.964,-96.515,←,0.0200,0.00000,1.92310
1163.281,-42.967,-89.509,←,0.0200,0.00000,1.92310
1164.161,-42.955,-95.823,←,0.0200,0.00000,1.92310
1165.036,-42.942,-90.881,→,0.0200,0.00000,1.92310
1165.916,-42.936,-88.292,→,0.0390,0.00000,1.92310
1166.788,-42.957,-90.300,←,0.0200,0.00000,1.92310
1167.651,-42.948,-88.753,←,0.0298,0.00000,1.92310
1168.534,-42.952,-89.468,→,0.0200,0.00000,1.92310
1169.414,-42.937,-90.780,←,0.0200,0.00000,1.92310
1170.281,-42.956,-89.114,→,0.0226,0.00000,1.92310
1171.161,-42.938,-94.111,←,0.0200,0.00000,1.92310
1172.036,-42.949,-89.595,→,0.0200,0.00000,1.92310
1172.910,-42.970,-87.472,←,0.0554,0.00277,1.92033
1173.777,-42.964,-93.432,→,0.0200,0.00000,1.92033
1174.669,-42.968,-93.829,←,0.0200,0.00000,1.92033
1175.536,-42.950,-90.117,→,0.0200,0.00000,1.92033
1176.401,-42.951,-89.687,→,0.0200,0.00000,1.92033
1177.278,-42.959,-92.517,→,0.0200,0.00000,1.92033
1178.157,-42.948,-89.506,→,0.0200,0.00000,1.92033
1179.033,-42.959,-90.419,→,0.0200,0.00000,1.92033
1179.905,-42.941,-89.536,→,0.0200,0.00000,1.92033
1180.777,-42.948,-90.604,→,0.0200,0.00000,1.92033
1181.664,-42.961,-94.120,←,0.0200,0.00000,1.92033
1182.533,-42.963,-89.721,→,0.0200,0.00000,1.92033
1183.407,-42.962,-92.423,→,0.0200,0.00000,1.92033
1184.282,-42.950,-90.648,←,0.0200,0.00000,1.92033
1185.151,-42.955,-93.216,←,0.0200,0.00000,1.92033
1186.043,-42.946,-94.970,←,0.0200,0.00000,1.92033
1186.907,-42.954,-89.708,←,0.0200,0.00000,1.92033
1187.786,-42.937,-89.048,→,0.0239,0.00000,1.92033
1188.659,-42.951,-94.580,←,0.0200,0.00000,1.92033
1189.541,-42.958,-91.339,←,0.0200,0.00000,1.92033
1190.411,-42.945,-98.184,←,0.0200,0.00000,1.92033
1191.293,-42.937,-89.329,→,0.0200,0.00000,1.92033
1192.151,-42.956,-90.309,←,0.0200,0.00000,1.92033
1193.027,-42.961,-90.493,←,0.0200,0.00000,1.92033
1193.915,-42.965,-88.537,→,0.0341,0.00000,1.92033
1194.778,-42.979,-93.442,←,0.0200,0.00000,1.92033
1195.648,-42.976,-99.998,←,0.0200,0.00000,1.92033
1196.537,-42.939,-90.198,←,0.0200,0.00000,1.92033
1197.402,-42.960,-86.812,→,0.0686,0.00343,1.92376
1198.279,-42.945,-92.091,←,0.0200,0.00000,1.92376
1199.166,-42.944,-88.406,→,0.0368,0.00000,1.92376
1200.039,-42.942,-94.534,→,0.0200,0.00000,1.92376
1200.911,-42.946,-95.259,←,0.0200,0.00000,1.92376
1201.769,-42.945,-95.537,←,0.0200,0.00000,1.92376
1202.662,-42.954,-88.705,→,0.0308,0.00000,1.92376
1203.538,-42.948,-95.558,←,0.0200,0.00000,1.92376
1204.411,-42.950,-99.485,←,0.0200,0.00000,1.92376
1205.281,-42.952,-90.526,←,0.0200,0.00000,1.92376
1206.152,-42.945,-89.790,←,0.0200,0.00000,1.92376
1207.039,-42.956,-86.566,→,0.0736,0.00368,1.92744
1207.922,-42.968,-87.764,→,0.0496,0.00248,1.92992
1208.788,-42.973,-89.386,→,0.0200,0.00000,1.92992
1209.666,-42.963,-85.393,→,0.0970,0.00485,1.93477
1210.535,-42.961,-88.605,←,0.0328,0.00000,1.93477
1211.408,-42.950,-104.319,→,0.0200,0.00000,1.93477
1212.292,-42.964,-87.480,←,0.0553,0.00276,1.93200
1213.146,-42.956,-99.678,←,0.0200,0.00000,1.93200
1214.026,-42.962,-86.398,→,0.0769,0.00385,1.93585
1214.906,-42.952,-92.328,←,0.0200,0.00000,1.93585
1215.771,-42.962,-85.780,→,0.0893,0.00446,1.94031
1216.654,-42.962,-102.705,←,0.0200,0.00000,1.94031
1217.536,-42.969,-97.646,←,0.0200,0.00000,1.94031
1218.406,-42.964,-90.268,→,0.0200,0.00000,1.94031
1219.272,-42.977,-86.308,→,0.0787,0.00393,1.94425
1220.164,-42.952,-86.596,→,0.0730,0.00365,1.94789
1221.029,-42.967,-87.872,→,0.0474,0.00237,1.95027
1221.906,-42.971,-91.855,→,0.0200,0.00000,1.95027
1222.790,-42.966,-85.804,→,0.0888,0.00444,1.95471
1223.658,-42.964,-100.857,←,0.0200,0.00000,1.95471
1224.543,-42.953,-108.680,←,0.0200,0.00000,1.95471
1225.406,-42.955,-92.974,←,0.0200,0.00000,1.95471
1226.286,-42.941,-101.113,←,0.0200,0.00000,1.95471
1227.156,-42.969,-102.838,←,0.0200,0.00000,1.95471
1228.038,-42.968,-85.457,←,0.0957,0.00479,1.94992
1228.909,-42.980,-92.861,←,0.0200,0.00000,1.94992
1229.778,-42.976,-91.915,←,0.0200,0.00000,1.94992
1230.655,-42.974,-84.625,←,0.1000,0.00562,1.94430
1231.526,-42.978,-97.017,←,0.0200,0.00000,1.94430
1232.401,-42.977,-87.261,←,0.0596,0.00298,1.94132
1233.285,-42.977,-98.342,←,0.0200,0.00000,1.94132
1234.151,-42.974,-85.745,←,0.0900,0.00450,1.93682
1235.038,-42.972,-96.117,←,0.0200,0.00000,1.93682
1235.907,-42.971,-84.873,←,0.1000,0.00537,1.93145
1236.783,-42.972,-87.627,→,0.0523,0.00262,1.93407
1237.655,-42.982,-88.259,→,0.0397,0.00000,1.93407
1238.521,-42.949,-85.576,→,0.0934,0.00467,1.93873
1239.399,-42.948,-108.812,←,0.0200,0.00000,1.93873
1240.281,-42.950,-88.342,→,0.0380,0.00000,1.93873
1241.155,-42.934,-93.001,←,0.0200,0.00000,1.93873
1242.042,-42.947,-88.484,←,0.0352,0.00000,1.93873
1242.912,-42.963,-86.518,←,0.0745,0.00373,1.93501
1243.768,-42.947,-91.604,←,0.0200,0.00000,1.93501
1244.651,-42.949,-101.152,←,0.0200,0.00000,1.93501
1245.534,-42.963,-87.083,←,0.0632,0.00316,1.93185
1246.401,-42.968,-87.208,←,0.0607,0.00304,1.92881
1247.282,-42.977,-87.070,→,0.0635,0.00317,1.93199
1248.158,-42.956,-99.225,←,0.0200,0.00000,1.93199
1249.025,-42.953,-90.864,←,0.0200,0.00000,1.93199
1249.907,-42.952,-107.102,←,0.0200,0.00000,1.93199
1250.776,-42.960,-100.711,←,0.0200,0.00000,1.93199
1251.651,-42.972,-90.711,←,0.0200,0.00000,1.93199
1252.517,-42.975,-87.541,←,0.0541,0.00270,1.92928
1253.397,-42.960,-90.858,←,0.0200,0.00000,1.92928
1254.285,-42.952,-86.713,→,0.0706,0.00353,1.93281
1255.154,-42.946,-86.274,→,0.0794,0.00397,1.93678
1256.042,-42.948,-86.843,←,0.0680,0.00340,1.93338
1256.909,-42.943,-87.608,←,0.0527,0.00264,1.93075
1257.779,-42.955,-87.252,←,0.0598,0.00299,1.92776
1258.659,-42.952,-89.201,←,0.0208,0.00000,1.92776
1259.533,-42.942,-87.411,→,0.0567,0.00283,1.93059
1260.407,-42.951,-90.527,→,0.0200,0.00000,1.93059
1261.277,-42.964,-88.334,→,0.0382,0.00000,1.93059
1262.160,-42.963,-92.648,←,0.0200,0.00000,1.93059
1263.035,-42.973,-97.398,←,0.0200,0.00000,1.93059
1263.910,-42.959,-86.018,→,0.0845,0.00422,1.93482
1264.787,-42.952,-85.455,→,0.0958,0.00479,1.93960
1265.651,-42.962,-92.409,←,0.0200,0.00000,1.93960
1266.531,-42.967,-88.683,→,0.0312,0.00000,1.93960
1267.397,-42.965,-88.680,→,0.0313,0.00000,1.93960
1268.278,-42.956,-86.232,→,0.0802,0.00401,1.94361
1269.160,-42.959,-89.589,←,0.0200,0.00000,1.94361
1270.022,-42.954,-86.097,←,0.0829,0.00415,1.93947
1270.902,-42.957,-92.200,←,0.0200,0.00000,1.93947
1271.783,-42.954,-86.164,←,0.0816,0.00408,1.93539
1272.654,-42.946,-90.274,→,0.0200,0.00000,1.93539
1273.529,-42.947,-91.625,←,0.0200,0.00000,1.93539
1274.407,-42.952,-90.221,←,0.0200,0.00000,1.93539
1275.285,-42.938,-92.649,→,0.0200,0.00000,1.93539
1276.162,-42.951,-94.667,→,0.0200,0.00000,1.93539
1277.026,-42.949,-105.601,←,0.0200,0.00000,1.93539
1277.903,-42.937,-89.417,→,0.0200,0.00000,1.93539
1278.785,-42.948,-88.997,→,0.0249,0.00000,1.93539
1279.656,-42.950,-86.862,→,0.0676,0.00338,1.93877
1280.525,-42.959,-88.818,→,0.0285,0.00000,1.93877
1281.395,-42.956,-87.072,→,0.0634,0.00317,1.94194
1282.279,-42.947,-91.936,→,0.0200,0.00000,1.94194
1283.162,-42.953,-87.417,→,0.0565,0.00283,1.94477
1284.033,-42.957,-89.801,←,0.0200,0.00000,1.94477
1284.912,-42.943,-88.122,←,0.0424,0.00212,1.94265
1285.782,-42.936,-97.419,→,0.0200,0.00000,1.94265
1286.654,-42.957,-110.592,←,0.0200,0.00000,1.94265
1287.530,-42.934,-93.352,→,0.0200,0.00000,1.94265
1288.404,-42.935,-92.783,←,0.0200,0.00000,1.94265
1289.291,-42.950,-89.541,→,0.0200,0.00000,1.94265
1290.155,-42.960,-97.109,→,0.0200,0.00000,1.94265
1291.036,-42.960,-87.728,←,0.0503,0.00252,1.94013
1291.900,-42.964,-88.392,←,0.0370,0.00000,1.94013
1292.783,-42.957,-93.759,←,0.0200,0.00000,1.94013
1293.660,-42.948,-85.478,→,0.0953,0.00477,1.94490
1294.525,-42.956,-87.338,←,0.0581,0.00291,1.94199
1295.404,-42.964,-88.505,←,0.0348,0.00000,1.94199
1296.284,-42.955,-94.706,←,0.0200,0.00000,1.94199
1297.150,-42.968,-94.291,→,0.0200,0.00000,1.94199
1298.037,-42.969,-90.730,→,0.0200,0.00000,1.94199
1298.902,-42.966,-100.496,←,0.0200,0.00000,1.94199
1299.779,-42.964,-93.076,←,0.0200,0.00000,1.94199
1300.654,-42.941,-87.645,→,0.0520,0.00260,1.94459
1301.523,-42.947,-90.123,←,0.0200,0.00000,1.94459
1302.408,-42.946,-88.484,→,0.0352,0.00000,1.94459
1303.269,-42.967,-87.465,→,0.0556,0.00278,1.94737
1304.153,-42.964,-89.613,←,0.0200,0.00000,1.94737
1305.035,-42.964,-98.565,←,0.0200,0.00000,1.94737
1305.893,-42.961,-104.411,←,0.0200,0.00000,1.94737
1306.782,-42.959,-89.755,←,0.0200,0.00000,1.94737
1307.662,-42.967,-91.807,←,0.0200,0.00000,1.94737
1308.524,-42.956,-95.101,←,0.0200,0.00000,1.94737
1309.405,-42.957,-87.562,→,0.0536,0.00268,1.95005
1310.278,-42.970,-100.961,←,0.0200,0.00000,1.95005
1311.152,-42.944,-89.374,←,0.0200,0.00000,1.95005
1312.028,-42.942,-95.963,←,0.0200,0.00000,1.95005
1312.920,-42.949,-87.229,←,0.0603,0.00301,1.94704
1313.780,-42.948,-102.331,←,0.0200,0.00000,1.94704
1314.650,-42.969,-94.207,←,0.0200,0.00000,1.94704
1315.533,-42.957,-93.667,←,0.0200,0.00000,1.94704
1316.412,-42.959,-86.650,←,0.0719,0.00359,1.94344
1317.281,-42.976,-87.128,←,0.0623,0.00312,1.94033
1318.148,-42.957,-89.406,←,0.0200,0.00000,1.94033
1319.041,-42.977,-87.027,→,0.0643,0.00322,1.94354
1319.901,-42.980,-86.850,→,0.0679,0.00339,1.94694
1320.779,-42.964,-96.848,←,0.0200,0.00000,1.94694
1321.656,-42.956,-85.781,←,0.0892,0.00446,1.94247
1322.539,-42.981,-86.480,←,0.0753,0.00376,1.93871
1323.409,-42.958,-95.873,→,0.0200,0.00000,1.93871
1324.285,-42.948,-92.381,←,0.0200,0.00000,1.93871
1325.138,-42.967,-86.200,←,0.0809,0.00404,1.93467
1326.029,-42.934,-101.477,←,0.0200,0.00000,1.93467
1326.907,-42.947,-93.898,←,0.0200,0.00000,1.93467
1327.781,-42.951,-86.750,←,0.0699,0.00349,1.93117
1328.648,-42.937,-87.798,←,0.0489,0.00245,1.92873
1329.520,-42.969,-95.205,←,0.0200,0.00000,1.92873
1330.403,-42.950,-94.852,←,0.0200,0.00000,1.92873
1331.286,-42.958,-93.775,←,0.0200,0.00000,1.92873
1332.154,-42.959,-87.582,←,0.0532,0.00266,1.92607
1333.029,-42.940,-104.945,←,0.0200,0.00000,1.92607
1333.908,-42.943,-86.568,→,0.0735,0.00368,1.92974
1334.773,-42.952,-95.281,←,0.0200,0.00000,1.92974
1335.650,-42.953,-100.573,←,0.0200,0.00000,1.92974
1336.524,-42.960,-92.910,→,0.0200,0.00000,1.92974
1337.401,-42.963,-86.274,→,0.0794,0.00397,1.93371
1338.279,-42.962,-87.721,→,0.0504,0.00252,1.93623
1339.150,-42.978,-87.093,→,0.0630,0.00315,1.93938
1340.031,-42.982,-86.686,→,0.0711,0.00356,1.94294
1340.901,-42.972,-89.077,→,0.0233,0.00000,1.94294
1341.782,-42.970,-98.765,←,0.0200,0.00000,1.94294
1342.648,-42.967,-98.228,→,0.0200,0.00000,1.94294
1343.523,-42.960,-101.281,←,0.0200,0.00000,1.94294
1344.393,-42.958,-97.063,←,0.0200,0.00000,1.94294
1345.279,-42.943,-91.544,←,0.0200,0.00000,1.94294
1346.148,-42.962,-85.812,←,0.0886,0.00443,1.93851
1347.032,-42.971,-103.423,←,0.0200,0.00000,1.93851
1347.902,-42.962,-86.245,←,0.0800,0.00400,1.93451
1348.781,-42.963,-87.345,→,0.0580,0.00290,1.93741
1349.652,-42.963,-93.139,←,0.0200,0.00000,1.93741
1350.517,-42.963,-89.986,←,0.0200,0.00000,1.93741
1351.406,-42.962,-91.320,→,0.0200,0.00000,1.93741
1352.269,-42.958,-87.829,←,0.0483,0.00241,1.93500
1353.156,-42.937,-91.813,←,0.0200,0.00000,1.93500
1354.020,-42.959,-85.165,←,0.1000,0.00508,1.92992
1354.902,-42.957,-88.978,←,0.0253,0.00000,1.92992
1355.777,-42.944,-89.402,→,0.0200,0.00000,1.92992
1356.646,-42.953,-87.686,←,0.0511,0.00256,1.92736
1357.523,-42.947,-100.992,←,0.0200,0.00000,1.92736
1358.394,-42.951,-101.485,←,0.0200,0.00000,1.92736
1359.280,-42.941,-86.470,→,0.0755,0.00377,1.93113
1360.152,-42.968,-96.991,←,0.0200,0.00000,1.93113
1361.030,-42.951,-85.604,→,0.0928,0.00464,1.93577
1361.902,-42.954,-86.267,←,0.0795,0.00398,1.93180
1362.786,-42.962,-87.462,←,0.0556,0.00278,1.92901
1363.642,-42.965,-85.951,→,0.0858,0.00429,1.93331
1364.527,-42.975,-87.749,→,0.0499,0.00249,1.93580
1365.398,-42.958,-97.200,←,0.0200,0.00000,1.93580
1366.268,-42.956,-86.810,→,0.0687,0.00343,1.93923
1367.147,-42.960,-86.457,→,0.0757,0.00379,1.94302
1368.039,-42.938,-85.258,←,0.0997,0.00499,1.93804
1368.901,-42.943,-87.417,←,0.0565,0.00283,1.93521
1369.781,-42.935,-87.003,←,0.0648,0.00324,1.93197
1370.651,-42.945,-85.544,←,0.0940,0.00470,1.92727
1371.523,-42.936,-86.962,→,0.0656,0.00328,1.93055
1372.411,-42.936,-86.491,←,0.0751,0.00375,1.92680
1373.280,-42.931,-89.432,→,0.0200,0.00000,1.92680
1374.151,-42.939,-87.874,→,0.0474,0.00237,1.92917
1375.029,-42.940,-87.431,←,0.0562,0.00281,1.92636
1375.907,-42.962,-91.770,→,0.0200,0.00000,1.92636
1376.776,-42.956,-101.186,←,0.0200,0.00000,1.92636
1377.652,-42.960,-86.268,←,0.0795,0.00398,1.92238
1378.523,-42.973,-98.517,←,0.0200,0.00000,1.92238
1379.402,-42.950,-90.501,←,0.0200,0.00000,1.92238
1380.276,-42.949,-89.765,←,0.0200,0.00000,1.92238
1381.150,-42.928,-86.200,←,0.0809,0.00404,1.91834
1382.024,-42.948,-87.909,←,0.0467,0.00233,1.91600
1382.897,-42.943,-88.304,→,0.0388,0.00000,1.91600
1383.773,-42.934,-91.252,→,0.0200,0.00000,1.91600
1384.656,-42.959,-91.867,←,0.0200,0.00000,1.91600
1385.529,-42.954,-86.089,←,0.0831,0.00415,1.91185
1386.401,-42.940,-87.613,←,0.0526,0.00263,1.90922
1387.281,-42.956,-89.506,→,0.0200,0.00000,1.90922
1388.147,-42.924,-90.242,←,0.0200,0.00000,1.90922
1389.028,-42.944,-86.901,→,0.0668,0.00334,1.91256
1389.902,-42.932,-93.162,←,0.0200,0.00000,1.91256
1390.781,-42.946,-88.517,→,0.0345,0.00000,1.91256
1391.652,-42.962,-93.600,→,0.0200,0.00000,1.91256
1392.522,-42.928,-88.323,←,0.0384,0.00000,1.91256
1393.401,-42.948,-88.082,→,0.0432,0.00216,1.91472
1394.266,-42.948,-92.625,→,0.0200,0.00000,1.91472
1395.148,-42.931,-89.381,→,0.0200,0.00000,1.91472
1396.020,-42.936,-89.531,←,0.0200,0.00000,1.91472
1396.901,-42.944,-90.427,→,0.0200,0.00000,1.91472
1397.775,-42.944,-95.945,←,0.0200,0.00000,1.91472
1398.650,-42.955,-96.822,←,0.0200,0.00000,1.91472
1399.526,-42.948,-95.048,←,0.0200,0.00000,1.91472
1400.401,-42.962,-89.420,←,0.0200,0.00000,1.91472
1401.278,-42.951,-89.671,→,0.0200,0.00000,1.91472
1402.146,-42.949,-93.364,→,0.0200,0.00000,1.91472
1403.030,-42.950,-88.459,→,0.0357,0.00000,1.91472
1403.900,-42.940,-96.910,←,0.0200,0.00000,1.91472
1404.775,-42.943,-97.136,→,0.0200,0.00000,1.91472
1405.652,-42.939,-93.167,←,0.0200,0.00000,1.91472
1406.522,-42.944,-89.176,←,0.0214,0.00000,1.91472
1407.392,-42.945,-88.016,→,0.0445,0.00223,1.91695
1408.269,-42.972,-96.728,←,0.0200,0.00000,1.91695
1409.150,-42.936,-96.129,←,0.0200,0.00000,1.91695
1410.027,-42.939,-100.688,←,0.0200,0.00000,1.91695
1410.905,-42.955,-87.822,→,0.0484,0.00242,1.91937
1411.770,-42.946,-92.694,→,0.0200,0.00000,1.91937
1412.643,-42.956,-88.948,→,0.0259,0.00000,1.91937
1413.540,-42.948,-91.724,→,0.0200,0.00000,1.91937
1414.400,-42.957,-87.326,→,0.0584,0.00292,1.92229
1415.275,-42.958,-88.142,→,0.0420,0.00210,1.92439
1416.151,-42.947,-88.779,←,0.0293,0.00000,1.92439
1417.027,-42.992,-95.108,←,0.0200,0.00000,1.92439
1417.900,-42.958,-105.661,←,0.0200,0.00000,1.92439
1418.775,-42.958,-87.092,→,0.0630,0.00315,1.92754
1419.647,-42.940,-90.130,→,0.0200,0.00000,1.92754
1420.517,-42.957,-88.661,←,0.0316,0.00000,1.92754
1421.404,-42.940,-89.727,←,0.0200,0.00000,1.92754
1422.272,-42.957,-88.916,←,0.0265,0.00000,1.92754
1423.151,-42.962,-92.016,←,0.0200,0.00000,1.92754
1424.025,-42.978,-93.329,←,0.0200,0.00000,1.92754
1424.894,-42.959,-90.148,→,0.0200,0.00000,1.92754
1425.779,-42.957,-98.215,←,0.0200,0.00000,1.92754
1426.654,-42.956,-94.316,←,0.0200,0.00000,1.92754
1427.535,-42.958,-91.036,←,0.0200,0.00000,1.92754
1428.397,-42.952,-93.768,←,0.0200,0.00000,1.92754
1429.277,-42.950,-94.428,←,0.0200,0.00000,1.92754
1430.142,-42.958,-89.701,→,0.0200,0.00000,1.92754
1431.023,-42.944,-93.989,←,0.0200,0.00000,1.92754
1431.893,-42.964,-96.645,→,0.0200,0.00000,1.92754
1432.771,-42.951,-89.542,←,0.0200,0.00000,1.92754
1433.651,-42.944,-87.231,→,0.0602,0.00301,1.93055
1434.516,-42.939,-94.925,←,0.0200,0.00000,1.93055
1435.397,-42.947,-87.162,→,0.0616,0.00308,1.93363
1436.273,-42.947,-90.528,→,0.0200,0.00000,1.93363
1437.148,-42.945,-89.532,→,0.0200,0.00000,1.93363
1438.018,-42.932,-87.342,→,0.0580,0.00290,1.93653
1438.905,-42.964,-88.016,←,0.0446,0.00223,1.93431
1439.767,-42.962,-89.696,→,0.0200,0.00000,1.93431
1440.656,-42.961,-88.516,→,0.0345,0.00000,1.93431
1441.525,-42.964,-95.640,←,0.0200,0.00000,1.93431
1442.395,-42.972,-92.630,→,0.0200,0.00000,1.93431
1443.279,-42.971,-93.495,←,0.0200,0.00000,1.93431
1444.150,-42.952,-89.541,←,0.0200,0.00000,1.93431
1445.033,-42.964,-92.013,→,0.0200,0.00000,1.93431
1445.895,-42.966,-90.494,←,0.0200,0.00000,1.93431
1446.772,-42.952,-87.772,→,0.0494,0.00247,1.93678
1447.656,-42.936,-91.249,→,0.0200,0.00000,1.93678
1448.521,-42.935,-91.026,←,0.0200,0.00000,1.93678
1449.402,-42.937,-100.771,←,0.0200,0.00000,1.93678
1450.277,-42.959,-86.054,→,0.0838,0.00419,1.94097
1451.152,-42.960,-87.087,→,0.0631,0.00316,1.94412
1452.029,-42.951,-92.262,←,0.0200,0.00000,1.94412
1452.899,-42.960,-86.710,→,0.0707,0.00353,1.94766
1453.777,-42.956,-89.804,→,0.0200,0.00000,1.94766
1454.647,-42.973,-87.917,←,0.0465,0.00233,1.94533
1455.520,-42.967,-88.714,→,0.0306,0.00000,1.94533
1456.394,-42.956,-97.010,←,0.0200,0.00000,1.94533
1457.281,-42.964,-87.451,→,0.0558,0.00279,1.94812
1458.151,-42.953,-92.872,←,0.0200,0.00000,1.94812
1459.027,-42.953,-90.672,→,0.0200,0.00000,1.94812
1459.901,-42.945,-86.021,→,0.0844,0.00422,1.95234
1460.776,-42.932,-93.333,←,0.0200,0.00000,1.95234
1461.642,-42.958,-85.583,→,0.0932,0.00466,1.95700
1462.529,-42.982,-85.768,→,0.0895,0.00448,1.96148
1463.400,-42.971,-92.626,←,0.0200,0.00000,1.96148
1464.263,-42.976,-94.481,←,0.0200,0.00000,1.96148
1465.154,-42.961,-84.118,←,0.1000,0.00613,1.95536
1466.019,-42.967,-99.718,←,0.0200,0.00000,1.95536
1466.902,-42.966,-95.549,←,0.0200,0.00000,1.95536
1467.766,-42.971,-86.867,←,0.0675,0.00338,1.95198
1468.650,-42.966,-85.067,→,0.1000,0.00518,1.95715
1469.521,-42.972,-86.372,←,0.0774,0.00387,1.95328
1470.404,-42.970,-102.666,←,0.0200,0.00000,1.95328
1471.271,-42.967,-85.935,←,0.0862,0.00431,1.94898
1472.149,-42.969,-96.913,←,0.0200,0.00000,1.94898
1473.022,-42.964,-86.426,→,0.0763,0.00382,1.95279
1473.908,-42.949,-87.155,→,0.0618,0.00309,1.95588
1474.764,-42.948,-98.025,←,0.0200,0.00000,1.95588
1475.645,-42.958,-87.061,→,0.0637,0.00318,1.95906
1476.528,-42.973,-83.704,→,0.1000,0.00654,1.96560
1477.402,-42.978,-89.466,←,0.0200,0.00000,1.96560
1478.275,-42.961,-83.392,→,0.1000,0.00685,1.97245
1479.154,-42.965,-88.795,←,0.0290,0.00000,1.97245
1480.020,-42.964,-83.790,←,0.1000,0.00645,1.96600
1480.893,-42.965,-90.909,←,0.0200,0.00000,1.96600
1481.774,-42.952,-84.382,←,0.1000,0.00586,1.96014
1482.647,-42.957,-88.950,←,0.0259,0.00000,1.96014
1483.524,-42.956,-86.535,→,0.0742,0.00371,1.96385
1484.395,-42.969,-86.572,←,0.0734,0.00367,1.96018
1485.278,-42.979,-85.929,→,0.0863,0.00431,1.96449
1486.143,-42.969,-85.798,←,0.0889,0.00445,1.96004
1487.020,-42.973,-86.220,←,0.0805,0.00402,1.95602
1487.897,-42.953,-87.314,←,0.0586,0.00293,1.95309
1488.767,-42.952,-86.292,→,0.0790,0.00395,1.95704
1489.639,-42.968,-99.291,←,0.0200,0.00000,1.95704
1490.531,-42.960,-85.834,→,0.0882,0.00441,1.96145
1491.399,-42.980,-85.828,←,0.0883,0.00442,1.95704
1492.278,-42.965,-86.847,←,0.0679,0.00340,1.95364
1493.147,-42.964,-89.165,←,0.0216,0.00000,1.95364
1494.020,-42.970,-89.288,→,0.0200,0.00000,1.95364
1494.911,-42.965,-84.828,→,0.1000,0.00542,1.95906
1495.765,-42.965,-87.972,←,0.0454,0.00227,1.95679
1496.647,-42.952,-88.483,←,0.0352,0.00000,1.95679
1497.533,-42.973,-84.060,←,0.1000,0.00618,1.95060
1498.401,-42.970,-85.285,←,0.0992,0.00496,1.94564
1499.270,-42.958,-87.451,←,0.0558,0.00279,1.94285
1500.150,-42.973,-89.028,←,0.0243,0.00000,1.94285
1501.028,-42.955,-85.372,←,0.0974,0.00487,1.93798
1501.900,-42.939,-97.826,←,0.0200,0.00000,1.93798
1502.778,-42.964,-84.897,→,0.1000,0.00535,1.94333
1503.649,-42.978,-86.001,←,0.0848,0.00424,1.93908
1504.529,-42.968,-85.922,←,0.0864,0.00432,1.93476
1505.399,-42.966,-88.070,←,0.0435,0.00217,1.93259
1506.272,-42.961,-86.083,←,0.0832,0.00416,1.92843
1507.144,-42.956,-90.308,←,0.0200,0.00000,1.92843
1508.031,-42.951,-90.109,←,0.0200,0.00000,1.92843
1508.899,-42.957,-92.998,←,0.0200,0.00000,1.92843
1509.771,-42.954,-93.727,→,0.0200,0.00000,1.92843
1510.648,-42.943,-93.066,→,0.0200,0.00000,1.92843
1511.523,-42.940,-91.710,←,0.0200,0.00000,1.92843
1512.399,-42.947,-97.140,←,0.0200,0.00000,1.92843
1513.266,-42.943,-93.709,→,0.0200,0.00000,1.92843
1514.148,-42.966,-88.954,←,0.0258,0.00000,1.92843
1515.021,-42.963,-96.344,←,0.0200,0.00000,1.92843
1515.895,-42.969,-86.709,→,0.0707,0.00353,1.93196
1516.766,-42.964,-88.580,→,0.0333,0.00000,1.93196
1517.644,-42.952,-86.711,→,0.0706,0.00353,1.93550
1518.520,-42.970,-87.070,←,0.0635,0.00317,1.93232
1519.393,-42.971,-86.828,←,0.0683,0.00342,1.92891
1520.266,-42.938,-88.967,→,0.0255,0.00000,1.92891
1521.146,-42.931,-86.966,←,0.0655,0.00328,1.92563
1522.019,-42.955,-89.180,→,0.0213,0.00000,1.92563
1522.895,-42.947,-91.499,→,0.0200,0.00000,1.92563
1523.778,-42.941,-88.265,→,0.0396,0.00000,1.92563
1524.654,-42.978,-96.956,←,0.0200,0.00000,1.92563
1525.528,-42.958,-100.874,←,0.0200,0.00000,1.92563
1526.394,-42.958,-89.807,→,0.0200,0.00000,1.92563
1527.269,-42.962,-88.035,→,0.0442,0.00221,1.92784
1528.147,-42.968,-87.419,→,0.0565,0.00282,1.93066
1529.034,-42.965,-102.976,←,0.0200,0.00000,1.93066
1529.893,-42.961,-91.299,→,0.0200,0.00000,1.93066
1530.777,-42.963,-88.713,→,0.0306,0.00000,1.93066
1531.648,-42.957,-86.489,→,0.0751,0.00375,1.93442
1532.524,-42.955,-96.876,←,0.0200,0.00000,1.93442
1533.399,-42.968,-109.711,←,0.0200,0.00000,1.93442
1534.272,-42.950,-93.433,←,0.0200,0.00000,1.93442
1535.140,-42.958,-89.439,→,0.0200,0.00000,1.93442
1536.021,-42.954,-91.451,←,0.0200,0.00000,1.93442
1536.906,-42.978,-89.589,←,0.0200,0.00000,1.93442
1537.776,-42.954,-93.398,→,0.0200,0.00000,1.93442
1538.648,-42.964,-95.942,←,0.0200,0.00000,1.93442
1539.523,-42.953,-89.239,→,0.0201,0.00000,1.93442
1540.403,-42.953,-88.563,→,0.0336,0.00000,1.93442
1541.278,-42.957,-85.723,→,0.0904,0.00452,1.93894
1542.150,-42.945,-90.113,←,0.0200,0.00000,1.93894
1543.033,-42.945,-92.284,←,0.0200,0.00000,1.93894
1543.897,-42.953,-88.489,←,0.0351,0.00000,1.93894
1544.765,-42.952,-108.373,←,0.0200,0.00000,1.93894
1545.640,-42.926,-91.095,→,0.0200,0.00000,1.93894
1546.523,-42.959,-88.464,→,0.0356,0.00000,1.93894
1547.399,-42.970,-92.934,←,0.0200,0.00000,1.93894
1548.278,-42.960,-88.527,→,0.0343,0.00000,1.93894
1549.144,-42.961,-86.206,←,0.0808,0.00404,1.93490
1550.016,-42.950,-90.698,←,0.0200,0.00000,1.93490
1550.896,-42.945,-98.160,→,0.0200,0.00000,1.93490
1551.766,-42.964,-90.232,→,0.0200,0.00000,1.93490
1552.644,-42.950,-94.969,←,0.0200,0.00000,1.93490
1553.518,-42.961,-87.628,←,0.0523,0.00262,1.93229
1554.402,-42.964,-87.428,→,0.0563,0.00282,1.93510
1555.268,-42.952,-97.066,←,0.0200,0.00000,1.93510
1556.145,-42.980,-89.872,←,0.0200,0.00000,1.93510
1557.018,-42.964,-92.968,←,0.0200,0.00000,1.93510
1557.906,-42.962,-88.146,←,0.0419,0.00210,1.93301
1558.801,-42.958,-95.840,←,0.0200,0.00000,1.93301
1559.647,-42.957,-90.942,←,0.0200,0.00000,1.93301
1560.520,-42.964,-93.164,→,0.0200,0.00000,1.93301
1561.394,-42.975,-90.781,→,0.0200,0.00000,1.93301
1562.268,-42.954,-93.870,←,0.0200,0.00000,1.93301
1563.143,-42.962,-87.997,→,0.0449,0.00225,1.93525
1564.016,-42.963,-89.986,→,0.0200,0.00000,1.93525
1564.903,-42.985,-94.794,←,0.0200,0.00000,1.93525
1565.767,-42.966,-87.531,←,0.0543,0.00271,1.93254
1566.645,-42.943,-102.128,←,0.0200,0.00000,1.93254
1567.518,-42.940,-96.425,←,0.0200,0.00000,1.93254
1568.391,-42.949,-88.961,→,0.0256,0.00000,1.93254
1569.264,-42.951,-99.076,←,0.0200,0.00000,1.93254
1570.147,-42.951,-90.934,←,0.0200,0.00000,1.93254
1571.019,-42.952,-89.196,←,0.0209,0.00000,1.93254
1571.896,-42.944,-96.324,←,0.0200,0.00000,1.93254
1572.764,-42.939,-101.183,←,0.0200,0.00000,1.93254
1573.643,-42.946,-88.986,→,0.0252,0.00000,1.93254
1574.519,-42.943,-86.765,←,0.0696,0.00348,1.92906
1575.389,-42.954,-87.815,→,0.0486,0.00243,1.93149
1576.272,-42.936,-87.523,←,0.0544,0.00272,1.92877
1577.147,-42.956,-92.083,←,0.0200,0.00000,1.92877
1578.027,-42.948,-87.189,←,0.0611,0.00305,1.92571
1578.899,-42.953,-94.506,←,0.0200,0.00000,1.92571
1579.765,-42.954,-86.012,←,0.0846,0.00423,1.92148
1580.646,-42.955,-88.772,←,0.0294,0.00000,1.92148
1581.525,-42.958,-87.975,→,0.0454,0.00227,1.92375
1582.391,-42.952,-87.611,→,0.0526,0.00263,1.92638
1583.273,-42.944,-93.027,←,0.0200,0.00000,1.92638
1584.150,-42.949,-87.314,←,0.0586,0.00293,1.92346
1585.022,-42.973,-95.384,←,0.0200,0.00000,1.92346
1585.893,-42.962,-87.231,←,0.0602,0.00301,1.92044
1586.764,-42.959,-85.418,←,0.0965,0.00483,1.91562
1587.649,-42.957,-89.316,←,0.0200,0.00000,1.91562
1588.519,-42.953,-91.291,→,0.0200,0.00000,1.91562
1589.389,-42.952,-95.206,←,0.0200,0.00000,1.91562
1590.264,-42.962,-98.713,←,0.0200,0.00000,1.91562
1591.141,-42.974,-87.772,←,0.0494,0.00247,1.91315
1592.023,-42.961,-87.458,←,0.0557,0.00279,1.91036
1592.898,-42.958,-86.385,←,0.0772,0.00386,1.90650
1593.775,-42.955,-94.374,←,0.0200,0.00000,1.90650
1594.642,-42.939,-90.919,←,0.0200,0.00000,1.90650
1595.513,-42.958,-92.392,←,0.0200,0.00000,1.90650
1596.400,-42.944,-94.225,←,0.0200,0.00000,1.90650
1597.284,-42.949,-94.536,←,0.0200,0.00000,1.90650
1598.151,-42.949,-99.739,←,0.0200,0.00000,1.90650
1599.025,-42.950,-98.777,←,0.0200,0.00000,1.90650
1599.897,-42.953,-90.149,←,0.0200,0.00000,1.90650
1600.775,-42.967,-92.915,→,0.0200,0.00000,1.90650
1601.635,-42.949,-92.861,←,0.0200,0.00000,1.90650
1602.530,-42.957,-86.318,←,0.0785,0.00393,1.90258
1603.399,-42.933,-88.150,→,0.0419,0.00209,1.90467
1604.276,-42.945,-95.666,←,0.0200,0.00000,1.90467
1605.145,-42.944,-86.833,←,0.0682,0.00341,1.90126
1606.018,-42.940,-86.687,←,0.0711,0.00356,1.89770
1606.896,-42.932,-88.594,→,0.0330,0.00000,1.89770
1607.760,-42.933,-88.425,→,0.0364,0.00000,1.89770
1608.648,-42.928,-86.175,→,0.0814,0.00407,1.90177
1609.512,-42.950,-99.334,←,0.0200,0.00000,1.90177
1610.397,-42.957,-100.882,←,0.0200,0.00000,1.90177
1611.277,-42.930,-95.444,→,0.0200,0.00000,1.90177
1612.145,-42.944,-93.421,←,0.0200,0.00000,1.90177
1613.020,-42.941,-86.890,←,0.0671,0.00335,1.89842
1613.894,-42.937,-88.645,→,0.0320,0.00000,1.89842
1614.765,-42.938,-96.498,←,0.0200,0.00000,1.89842
1615.635,-42.947,-98.170,←,0.0200,0.00000,1.89842
1616.520,-42.945,-87.852,←,0.0478,0.00239,1.89603
1617.396,-42.935,-95.804,→,0.0200,0.00000,1.89603
1618.273,-42.933,-87.347,→,0.0579,0.00290,1.89892
1619.143,-42.946,-100.777,←,0.0200,0.00000,1.89892
1620.019,-42.934,-87.813,→,0.0486,0.00243,1.90135
1620.900,-42.944,-86.117,→,0.0825,0.00413,1.90548
1621.763,-42.933,-89.864,←,0.0200,0.00000,1.90548
1622.628,-42.922,-89.353,→,0.0200,0.00000,1.90548
1623.538,-42.949,-93.467,←,0.0200,0.00000,1.90548
1624.377,-42.951,-101.578,→,0.0200,0.00000,1.90548
1625.271,-42.958,-90.001,→,0.0200,0.00000,1.90548
1626.136,-42.938,-98.197,←,0.0200,0.00000,1.90548
1627.011,-42.939,-87.163,→,0.0616,0.00308,1.90856
1627.889,-42.939,-94.016,←,0.0200,0.00000,1.90856
1628.760,-42.953,-88.942,→,0.0260,0.00000,1.90856
1629.638,-42.940,-100.584,←,0.0200,0.00000,1.90856
1630.521,-42.930,-90.232,→,0.0200,0.00000,1.90856
1631.391,-42.936,-87.709,→,0.0507,0.00253,1.91109
1632.262,-42.954,-90.084,←,0.0200,0.00000,1.91109
1633.137,-42.939,-92.727,←,0.0200,0.00000,1.91109
1634.018,-42.958,-94.767,←,0.0200,0.00000,1.91109
1634.886,-42.956,-88.870,←,0.0275,0.00000,1.91109
1635.766,-42.944,-104.837,←,0.0200,0.00000,1.91109
1636.638,-42.923,-89.723,←,0.0200,0.00000,1.91109
1637.515,-42.933,-94.991,←,0.0200,0.00000,1.91109
1638.389,-42.936,-89.363,←,0.0200,0.00000,1.91109
1639.263,-42.934,-88.746,←,0.0299,0.00000,1.91109
1640.141,-42.928,-101.878,←,0.0200,0.00000,1.91109
1641.013,-42.945,-94.675,←,0.0200,0.00000,1.91109
1641.891,-42.953,-90.281,→,0.0200,0.00000,1.91109
1642.760,-42.968,-92.162,←,0.0200,0.00000,1.91109
1643.637,-42.951,-95.242,←,0.0200,0.00000,1.91109
1644.508,-42.953,-88.288,→,0.0391,0.00000,1.91109
1645.393,-42.966,-91.029,←,0.0200,0.00000,1.91109
1646.270,-42.948,-93.817,→,0.0200,0.00000,1.91109
1647.131,-42.957,-96.862,←,0.0200,0.00000,1.91109
1648.021,-42.950,-89.780,←,0.0200,0.00000,1.91109
1648.886,-42.952,-90.407,←,0.0200,0.00000,1.91109
1649.768,-42.952,-104.947,←,0.0200,0.00000,1.91109
1650.635,-42.938,-92.404,←,0.0200,0.00000,1.91109
1651.518,-42.950,-95.832,←,0.0200,0.00000,1.91109
1652.382,-42.942,-89.117,→,0.0225,0.00000,1.91109
1653.259,-42.939,-88.929,→,0.0263,0.00000,1.91109
1654.142,-42.952,-91.621,→,0.0200,0.00000,1.91109
1655.018,-42.955,-97.109,←,0.0200,0.00000,1.91109
1655.891,-42.960,-92.911,←,0.0200,0.00000,1.91109
1656.768,-42.952,-89.458,←,0.0200,0.00000,1.91109
1657.633,-42.937,-91.610,←,0.0200,0.00000,1.91109
1658.515,-42.945,-97.559,←,0.0200,0.00000,1.91109
1659.375,-42.932,-90.798,←,0.0200,0.00000,1.91109
1660.272,-42.955,-91.990,←,0.0200,0.00000,1.91109
1661.140,-42.945,-94.184,←,0.0200,0.00000,1.91109
1662.014,-42.954,-89.085,→,0.0232,0.00000,1.91109
1662.889,-42.951,-94.556,→,0.0200,0.00000,1.91109
1663.763,-42.955,-92.479,→,0.0200,0.00000,1.91109
1664.627,-42.970,-92.088,←,0.0200,0.00000,1.91109
1665.506,-42.967,-91.627,←,0.0200,0.00000,1.91109
1666.384,-42.954,-89.953,←,0.0200,0.00000,1.91109
1667.271,-42.948,-90.014,→,0.0200,0.00000,1.91109
1668.140,-42.950,-89.537,→,0.0200,0.00000,1.91109
1669.014,-42.941,-91.991,←,0.0200,0.00000,1.91109
1669.882,-42.946,-93.383,←,0.0200,0.00000,1.91109
1670.769,-42.966,-96.199,←,0.0200,0.00000,1.91109
1671.643,-42.939,-94.781,→,0.0200,0.00000,1.91109
1672.509,-42.950,-89.872,→,0.0200,0.00000,1.91109
1673.428,-42.944,-94.440,←,0.0200,0.00000,1.91109
1674.374,-42.935,-100.641,←,0.0200,0.00000,1.91109
1675.255,-42.935,-87.857,→,0.0477,0.00239,1.91348
1676.148,-42.940,-93.167,→,0.0200,0.00000,1.91348
1676.999,-42.926,-89.797,←,0.0200,0.00000,1.91348
1677.874,-42.949,-90.897,←,0.0200,0.00000,1.91348
1678.747,-42.964,-93.597,←,0.0200,0.00000,1.91348
1679.629,-42.945,-89.810,→,0.0200,0.00000,1.91348
1680.613,-42.954,-92.464,→,0.0200,0.00000,1.91348
1681.479,-42.941,-95.923,←,0.0200,0.00000,1.91348
1682.357,-42.948,-92.405,→,0.0200,0.00000,1.91348
1683.233,-42.944,-93.213,→,0.0200,0.00000,1.91348
1684.108,-42.951,-90.385,→,0.0200,0.00000,1.91348
1684.983,-42.954,-89.688,←,0.0200,0.00000,1.91348
1685.862,-42.931,-93.723,←,0.0200,0.00000,1.91348
1686.736,-42.953,-89.320,←,0.0200,0.00000,1.91348
1687.604,-42.944,-94.092,←,0.0200,0.00000,1.91348
1688.486,-42.940,-92.046,←,0.0200,0.00000,1.91348
1689.361,-42.958,-92.514,←,0.0200,0.00000,1.91348
1690.236,-42.944,-94.598,←,0.0200,0.00000,1.91348
1691.101,-42.934,-92.835,←,0.0200,0.00000,1.91348
1691.984,-42.951,-95.246,←,0.0200,0.00000,1.91348
1692.853,-42.948,-89.770,→,0.0200,0.00000,1.91348
1693.733,-42.948,-92.051,←,0.0200,0.00000,1.91348
1694.609,-42.952,-88.518,→,0.0345,0.00000,1.91348
1695.485,-42.954,-86.736,→,0.0701,0.00351,1.91699
1696.357,-42.963,-86.893,←,0.0670,0.00335,1.91364
1697.242,-42.940,-99.305,←,0.0200,0.00000,1.91364
1698.109,-42.943,-88.836,←,0.0282,0.00000,1.91364
1698.981,-42.927,-102.270,←,0.0200,0.00000,1.91364
1699.851,-42.953,-93.584,←,0.0200,0.00000,1.91364
1700.731,-42.940,-89.342,→,0.0200,0.00000,1.91364
1701.611,-42.956,-92.407,←,0.0200,0.00000,1.91364
1702.480,-42.953,-96.966,←,0.0200,0.00000,1.91364
1703.358,-42.954,-90.715,←,0.0200,0.00000,1.91364
1704.236,-42.954,-96.639,←,0.0200,0.00000,1.91364
1705.104,-42.950,-90.098,←,0.0200,0.00000,1.91364
1705.978,-42.950,-94.609,←,0.0200,0.00000,1.91364
1706.861,-42.960,-90.491,←,0.0200,0.00000,1.91364
1707.744,-42.946,-90.740,→,0.0200,0.00000,1.91364
1708.608,-42.945,-98.501,←,0.0200,0.00000,1.91364
1709.481,-42.934,-87.792,→,0.0490,0.00245,1.91609
1710.356,-42.953,-99.793,←,0.0200,0.00000,1.91609
1711.226,-42.947,-95.200,←,0.0200,0.00000,1.91609
1712.102,-42.953,-90.453,←,0.0200,0.00000,1.91609
1712.981,-42.934,-96.236,←,0.0200,0.00000,1.91609
1713.858,-42.939,-87.010,→,0.0647,0.00323,1.91932
1714.730,-42.944,-89.173,→,0.0214,0.00000,1.91932
1715.610,-42.937,-85.262,→,0.0996,0.00498,1.92430
1716.485,-42.942,-90.976,→,0.0200,0.00000,1.92430
1717.363,-42.965,-88.642,←,0.0320,0.00000,1.92430
1718.225,-42.966,-93.919,←,0.0200,0.00000,1.92430
1719.110,-42.968,-87.759,←,0.0497,0.00248,1.92182
1719.985,-42.952,-97.116,→,0.0200,0.00000,1.92182
1720.860,-42.963,-87.395,←,0.0570,0.00285,1.91897
1721.734,-42.968,-89.880,→,0.0200,0.00000,1.91897
1722.612,-42.960,-95.600,←,0.0200,0.00000,1.91897
1723.477,-42.942,-87.740,←,0.0501,0.00250,1.91647
1724.359,-42.956,-89.400,←,0.0200,0.00000,1.91647
1725.235,-42.960,-87.806,←,0.0487,0.00244,1.91403
1726.105,-42.963,-89.964,→,0.0200,0.00000,1.91403
1726.980,-42.956,-87.934,→,0.0462,0.00231,1.91634
1727.850,-42.953,-105.811,←,0.0200,0.00000,1.91634
1728.724,-42.932,-90.449,→,0.0200,0.00000,1.91634
1729.643,-42.944,-85.741,←,0.0901,0.00450,1.91184
1730.586,-42.944,-86.788,→,0.0691,0.00346,1.91529
1731.465,-42.943,-95.033,→,0.0200,0.00000,1.91529
1732.335,-42.960,-93.803,←,0.0200,0.00000,1.91529
1733.215,-42.953,-92.309,←,0.0200,0.00000,1.91529
1734.092,-42.960,-85.515,→,0.0946,0.00473,1.92002
1734.969,-42.957,-102.090,←,0.0200,0.00000,1.92002
1735.843,-42.944,-87.713,→,0.0506,0.00253,1.92255
1736.714,-42.947,-97.855,→,0.0200,0.00000,1.92255
1737.593,-42.950,-86.326,←,0.0784,0.00392,1.91863
1738.468,-42.954,-93.654,←,0.0200,0.00000,1.91863
1739.339,-42.933,-88.221,→,0.0404,0.00202,1.92066
1740.222,-42.945,-99.181,←,0.0200,0.00000,1.92066
1741.094,-42.946,-87.395,←,0.0570,0.00285,1.91781
1741.961,-42.951,-90.136,←,0.0200,0.00000,1.91781
1742.843,-42.945,-91.843,←,0.0200,0.00000,1.91781
1743.709,-42.939,-93.516,→,0.0200,0.00000,1.91781
1744.582,-42.948,-97.671,←,0.0200,0.00000,1.91781
1745.467,-42.940,-101.604,←,0.0200,0.00000,1.91781
1746.339,-42.948,-87.638,→,0.0521,0.00261,1.92041
1747.218,-42.938,-93.765,←,0.0200,0.00000,1.92041
1748.087,-42.945,-92.247,←,0.0200,0.00000,1.92041
1748.970,-42.964,-86.919,←,0.0665,0.00332,1.91709
1749.844,-42.955,-85.683,←,0.0912,0.00456,1.91253
1750.718,-42.946,-87.903,←,0.0468,0.00234,1.91019
1751.586,-42.944,-86.358,←,0.0777,0.00389,1.90630
1752.459,-42.947,-95.278,←,0.0200,0.00000,1.90630
1753.346,-42.948,-87.330,→,0.0583,0.00291,1.90922
1754.218,-42.937,-95.990,←,0.0200,0.00000,1.90922
1755.090,-42.938,-87.352,→,0.0578,0.00289,1.91211
1755.960,-42.941,-95.114,→,0.0200,0.00000,1.91211
1756.843,-42.956,-88.097,←,0.0429,0.00215,1.90996
1757.713,-42.953,-91.749,←,0.0200,0.00000,1.90996
1758.603,-42.967,-92.925,←,0.0200,0.00000,1.90996
1759.466,-42.959,-92.459,←,0.0200,0.00000,1.90996
1760.342,-42.943,-88.877,←,0.0273,0.00000,1.90996
1761.221,-42.935,-94.216,→,0.0200,0.00000,1.90996
1762.095,-42.953,-88.480,←,0.0353,0.00000,1.90996
1762.961,-42.940,-92.197,←,0.0200,0.00000,1.90996
1763.839,-42.950,-85.743,←,0.0900,0.00450,1.90546
1764.716,-42.947,-97.246,→,0.0200,0.00000,1.90546
1765.586,-42.965,-94.542,→,0.0200,0.00000,1.90546
1766.469,-42.949,-107.682,←,0.0200,0.00000,1.90546
1767.342,-42.955,-87.904,→,0.0468,0.00234,1.90780
1768.224,-42.950,-90.228,←,0.0200,0.00000,1.90780
1769.092,-42.950,-89.108,←,0.0227,0.00000,1.90780
1769.969,-42.947,-87.956,←,0.0457,0.00229,1.90551
1770.835,-42.944,-97.045,←,0.0200,0.00000,1.90551
1771.712,-42.964,-89.486,←,0.0200,0.00000,1.90551
1772.593,-42.957,-87.799,←,0.0489,0.00244,1.90307
1773.469,-42.941,-89.076,→,0.0233,0.00000,1.90307
1774.342,-42.950,-88.902,←,0.0268,0.00000,1.90307
1775.209,-42.949,-96.909,→,0.0200,0.00000,1.90307
1776.094,-42.958,-89.652,←,0.0200,0.00000,1.90307
1776.959,-42.942,-93.241,←,0.0200,0.00000,1.90307
1777.828,-42.947,-92.031,→,0.0200,0.00000,1.90307
1778.719,-42.951,-88.586,→,0.0331,0.00000,1.90307
1779.586,-42.947,-92.085,→,0.0200,0.00000,1.90307
1780.468,-42.942,-94.376,←,0.0200,0.00000,1.90307
1781.340,-42.935,-89.612,→,0.0200,0.00000,1.90307
1782.217,-42.929,-91.501,←,0.0200,0.00000,1.90307
1783.091,-42.951,-95.867,←,0.0200,0.00000,1.90307
1783.962,-42.930,-91.179,→,0.0200,0.00000,1.90307
1784.832,-42.926,-86.349,→,0.0779,0.00389,1.90697
1785.717,-42.927,-91.319,→,0.0200,0.00000,1.90697
1786.592,-42.937,-88.948,→,0.0259,0.00000,1.90697
1787.458,-42.922,-89.719,←,0.0200,0.00000,1.90697
1788.333,-42.939,-89.612,←,0.0200,0.00000,1.90697
1789.209,-42.954,-92.761,←,0.0200,0.00000,1.90697
1790.091,-42.954,-91.940,←,0.0200,0.00000,1.90697
1790.971,-42.934,-90.387,←,0.0200,0.00000,1.90697
1791.842,-42.948,-89.674,→,0.0200,0.00000,1.90697
1792.716,-42.954,-89.969,→,0.0200,0.00000,1.90697
1793.598,-42.946,-89.517,→,0.0200,0.00000,1.90697
1794.467,-42.942,-96.635,→,0.0200,0.00000,1.90697
1795.342,-42.933,-91.885,←,0.0200,0.00000,1.90697
1796.205,-42.944,-88.275,→,0.0394,0.00000,1.90697
1797.081,-42.937,-88.452,→,0.0358,0.00000,1.90697
1797.958,-42.963,-88.731,→,0.0302,0.00000,1.90697
1798.835,-42.960,-88.702,→,0.0308,0.00000,1.90697
1799.712,-42.926,-89.730,→,0.0200,0.00000,1.90697
1800.590,-42.932,-90.333,→,0.0200,0.00000,1.90697
1801.466,-42.938,-92.399,←,0.0200,0.00000,1.90697
1802.350,-42.935,-92.181,→,0.0200,0.00000,1.90697
1803.209,-42.941,-91.452,←,0.0200,0.00000,1.90697
1804.090,-42.923,-93.781,←,0.0200,0.00000,1.90697
1804.963,-42.944,-92.866,←,0.0200,0.00000,1.90697
1805.833,-42.940,-95.031,←,0.0200,0.00000,1.90697
1806.708,-42.955,-94.785,←,0.0200,0.00000,1.90697
1807.578,-42.951,-88.690,→,0.0311,0.00000,1.90697
1808.462,-42.949,-92.144,←,0.0200,0.00000,1.90697
1809.339,-42.932,-87.805,←,0.0488,0.00244,1.90453
1810.217,-42.916,-90.633,←,0.0200,0.00000,1.90453
1811.090,-42.951,-94.259,←,0.0200,0.00000,1.90453
1811.960,-42.943,-90.817,→,0.0200,0.00000,1.90453
1812.841,-42.955,-90.367,→,0.0200,0.00000,1.90453
1813.715,-42.935,-94.512,←,0.0200,0.00000,1.90453
1814.589,-42.939,-88.369,→,0.0375,0.00000,1.90453
1815.466,-42.944,-93.426,←,0.0200,0.00000,1.90453
1816.341,-42.951,-94.441,←,0.0200,0.00000,1.90453
1817.214,-42.942,-98.058,←,0.0200,0.00000,1.90453
1818.091,-42.937,-89.649,→,0.0200,0.00000,1.90453
1818.960,-42.962,-97.026,←,0.0200,0.00000,1.90453
1819.846,-42.940,-91.232,→,0.0200,0.00000,1.90453
1820.717,-42.955,-100.857,←,0.0200,0.00000,1.90453
1821.587,-42.948,-95.567,→,0.0200,0.00000,1.90453
1822.472,-42.946,-94.664,←,0.0200,0.00000,1.90453
1823.332,-42.956,-88.342,→,0.0380,0.00000,1.90453
1824.215,-42.940,-86.839,→,0.0681,0.00340,1.90793
1825.089,-42.943,-87.604,→,0.0528,0.00264,1.91057
1825.968,-42.940,-89.261,←,0.0200,0.00000,1.91057
1826.833,-42.948,-90.473,←,0.0200,0.00000,1.91057
1827.714,-42.930,-93.058,→,0.0200,0.00000,1.91057
1828.590,-42.940,-86.659,→,0.0717,0.00358,1.91415
1829.465,-42.934,-103.726,←,0.0200,0.00000,1.91415
1830.334,-42.934,-91.807,←,0.0200,0.00000,1.91415
1831.206,-42.931,-93.486,←,0.0200,0.00000,1.91415
1832.086,-42.939,-87.625,→,0.0524,0.00262,1.91677
1832.950,-42.951,-97.647,→,0.0200,0.00000,1.91677
1833.829,-42.937,-95.068,←,0.0200,0.00000,1.91677
1834.712,-42.934,-87.985,→,0.0452,0.00226,1.91903
1835.588,-42.940,-86.847,←,0.0679,0.00340,1.91564
1836.458,-42.950,-89.314,→,0.0200,0.00000,1.91564
1837.333,-42.954,-89.200,→,0.0209,0.00000,1.91564
1838.206,-42.947,-95.993,←,0.0200,0.00000,1.91564
1839.085,-42.954,-92.261,→,0.0200,0.00000,1.91564
1839.961,-42.950,-94.323,→,0.0200,0.00000,1.91564
1840.852,-42.946,-87.885,←,0.0472,0.00236,1.91328
1841.708,-42.937,-100.186,←,0.0200,0.00000,1.91328
1842.586,-42.939,-87.062,←,0.0636,0.00318,1.91010
1843.454,-42.956,-90.814,←,0.0200,0.00000,1.91010
1844.333,-42.945,-97.749,←,0.0200,0.00000,1.91010
1845.208,-42.934,-90.496,→,0.0200,0.00000,1.91010
1846.082,-42.957,-93.503,←,0.0200,0.00000,1.91010
1846.956,-42.954,-96.057,←,0.0200,0.00000,1.91010
1847.833,-42.951,-89.057,←,0.0237,0.00000,1.91010
1848.709,-42.960,-86.500,←,0.0749,0.00374,1.90635
1849.578,-42.943,-87.982,←,0.0452,0.00226,1.90409
1850.460,-42.928,-88.203,←,0.0408,0.00204,1.90205
1851.335,-42.915,-90.121,←,0.0200,0.00000,1.90205
1852.210,-42.930,-88.501,←,0.0348,0.00000,1.90205
1853.084,-42.934,-87.562,←,0.0536,0.00268,1.89937
1853.957,-42.935,-99.382,←,0.0200,0.00000,1.89937
1854.837,-42.932,-91.013,→,0.0200,0.00000,1.89937
1855.714,-42.950,-92.855,←,0.0200,0.00000,1.89937
1856.591,-42.925,-89.744,→,0.0200,0.00000,1.89937
1857.459,-42.944,-95.200,→,0.0200,0.00000,1.89937
1858.338,-42.940,-93.186,→,0.0200,0.00000,1.89937
1859.213,-42.956,-93.234,←,0.0200,0.00000,1.89937
1860.089,-42.959,-89.467,←,0.0200,0.00000,1.89937
1860.964,-42.968,-100.321,←,0.0200,0.00000,1.89937
1861.831,-42.959,-90.091,←,0.0200,0.00000,1.89937
1862.713,-42.946,-95.534,←,0.0200,0.00000,1.89937
1863.589,-42.953,-90.168,←,0.0200,0.00000,1.89937
1864.461,-42.954,-100.568,←,0.0200,0.00000,1.89937
1865.330,-42.958,-92.210,←,0.0200,0.00000,1.89937
1866.210,-42.941,-85.609,→,0.0927,0.00463,1.90400
1867.076,-42.940,-90.797,←,0.0200,0.00000,1.90400
1867.962,-42.957,-86.947,←,0.0659,0.00330,1.90071
1868.845,-42.955,-93.295,→,0.0200,0.00000,1.90071
1869.714,-42.948,-94.826,→,0.0200,0.00000,1.90071
1870.585,-42.923,-95.102,←,0.0200,0.00000,1.90071
1871.472,-42.930,-94.642,←,0.0200,0.00000,1.90071
1872.340,-42.922,-87.571,←,0.0534,0.00267,1.89804
1873.215,-42.933,-90.295,→,0.0200,0.00000,1.89804
1874.081,-42.935,-90.253,→,0.0200,0.00000,1.89804
1874.957,-42.955,-92.489,←,0.0200,0.00000,1.89804
1875.838,-42.932,-90.633,←,0.0200,0.00000,1.89804
1876.715,-42.934,-88.166,←,0.0415,0.00208,1.89596
1877.585,-42.945,-89.475,←,0.0200,0.00000,1.89596
1878.457,-42.960,-97.634,←,0.0200,0.00000,1.89596
1879.332,-42.955,-96.496,←,0.0200,0.00000,1.89596
1880.208,-42.941,-88.638,←,0.0321,0.00000,1.89596
1881.093,-42.943,-88.959,←,0.0257,0.00000,1.89596
1881.962,-42.941,-95.494,←,0.0200,0.00000,1.89596
1882.838,-42.932,-95.887,←,0.0200,0.00000,1.89596
1883.718,-42.931,-93.407,←,0.0200,0.00000,1.89596
1884.594,-42.932,-106.711,←,0.0200,0.00000,1.89596
1885.469,-42.941,-91.405,→,0.0200,0.00000,1.89596
1886.341,-42.935,-88.514,←,0.0346,0.00000,1.89596
1887.211,-42.930,-90.213,→,0.0200,0.00000,1.89596
1888.078,-42.936,-92.873,→,0.0200,0.00000,1.89596
1888.957,-42.945,-94.619,←,0.0200,0.00000,1.89596
1889.832,-42.939,-88.231,→,0.0402,0.00201,1.89797
1890.710,-42.939,-93.651,←,0.0200,0.00000,1.89797
1891.592,-42.928,-92.688,→,0.0200,0.00000,1.89797
1892.457,-42.933,-89.474,→,0.0200,0.00000,1.89797
1893.336,-42.941,-91.960,←,0.0200,0.00000,1.89797
1894.215,-42.951,-94.000,←,0.0200,0.00000,1.89797
1895.082,-42.956,-86.017,←,0.0845,0.00423,1.89375
1895.963,-42.950,-87.466,→,0.0555,0.00278,1.89652
1896.841,-42.949,-89.007,←,0.0247,0.00000,1.89652
1897.708,-42.920,-88.072,←,0.0434,0.00217,1.89435
1898.585,-42.925,-92.314,→,0.0200,0.00000,1.89435
1899.468,-42.920,-91.970,←,0.0200,0.00000,1.89435
1900.329,-42.929,-92.924,←,0.0200,0.00000,1.89435
1901.213,-42.945,-91.144,←,0.0200,0.00000,1.89435
1902.089,-42.943,-89.121,→,0.0224,0.00000,1.89435
1902.958,-42.939,-92.515,←,0.0200,0.00000,1.89435
1903.838,-42.949,-91.166,←,0.0200,0.00000,1.89435
1904.704,-42.927,-92.820,→,0.0200,0.00000,1.89435
1905.584,-42.940,-88.175,←,0.0414,0.00207,1.89228
1906.464,-42.931,-96.088,←,0.0200,0.00000,1.89228
1907.333,-42.935,-90.869,←,0.0200,0.00000,1.89228
1908.206,-42.934,-94.434,→,0.0200,0.00000,1.89228
1909.082,-42.953,-96.105,←,0.0200,0.00000,1.89228
1909.956,-42.953,-88.092,→,0.0430,0.00215,1.89443
1910.837,-42.932,-89.894,→,0.0200,0.00000,1.89443
1911.715,-42.921,-90.579,→,0.0200,0.00000,1.89443
1912.588,-42.943,-90.872,←,0.0200,0.00000,1.89443
1913.461,-42.934,-90.913,←,0.0200,0.00000,1.89443
1914.335,-42.945,-95.741,←,0.0200,0.00000,1.89443
1915.208,-42.934,-90.353,→,0.0200,0.00000,1.89443
1916.090,-42.947,-90.616,←,0.0200,0.00000,1.89443
1916.954,-42.943,-90.268,→,0.0200,0.00000,1.89443
1917.831,-42.963,-91.111,→,0.0200,0.00000,1.89443
1918.710,-42.952,-95.788,←,0.0200,0.00000,1.89443
1919.586,-42.947,-92.401,→,0.0200,0.00000,1.89443
1920.468,-42.951,-90.289,→,0.0200,0.00000,1.89443
1921.331,-42.949,-89.167,→,0.0215,0.00000,1.89443
1922.214,-42.949,-92.812,→,0.0200,0.00000,1.89443
1923.085,-42.945,-94.559,←,0.0200,0.00000,1.89443
1923.963,-42.966,-90.331,→,0.0200,0.00000,1.89443
1924.832,-42.945,-93.827,←,0.0200,0.00000,1.89443
1925.713,-42.951,-93.671,←,0.0200,0.00000,1.89443
1926.582,-42.955,-92.240,←,0.0200,0.00000,1.89443
1927.459,-42.941,-89.561,←,0.0200,0.00000,1.89443
1928.326,-42.923,-88.710,→,0.0307,0.00000,1.89443
1929.206,-42.935,-91.841,→,0.0200,0.00000,1.89443
1930.090,-42.922,-91.332,→,0.0200,0.00000,1.89443
1930.961,-42.931,-90.797,→,0.0200,0.00000,1.89443
1931.827,-42.955,-90.754,←,0.0200,0.00000,1.89443
1932.716,-42.946,-91.540,←,0.0200,0.00000,1.89443
1933.583,-42.940,-93.120,→,0.0200,0.00000,1.89443
1934.455,-42.954,-90.517,←,0.0200,0.00000,1.89443
1935.331,-42.954,-92.222,→,0.0200,0.00000,1.89443
1936.214,-42.944,-91.005,←,0.0200,0.00000,1.89443
1937.078,-42.943,-90.751,←,0.0200,0.00000,1.89443
1937.957,-42.960,-88.829,→,0.0283,0.00000,1.89443
1938.831,-42.944,-94.506,←,0.0200,0.00000,1.89443
1939.716,-42.945,-91.053,←,0.0200,0.00000,1.89443
1940.582,-42.961,-88.314,→,0.0386,0.00000,1.89443
1941.465,-42.944,-90.062,←,0.0200,0.00000,1.89443
1942.337,-42.968,-92.527,→,0.0200,0.00000,1.89443
1943.208,-42.959,-89.620,→,0.0200,0.00000,1.89443
1944.079,-42.955,-88.628,→,0.0323,0.00000,1.89443
1944.970,-42.950,-92.014,←,0.0200,0.00000,1.89443
1945.830,-42.957,-88.717,→,0.0305,0.00000,1.89443
1946.714,-42.958,-93.823,←,0.0200,0.00000,1.89443
1947.579,-42.940,-87.716,→,0.0506,0.00253,1.89696
1948.457,-42.928,-91.785,→,0.0200,0.00000,1.89696
1949.341,-42.946,-89.412,→,0.0200,0.00000,1.89696
1950.212,-42.939,-90.360,←,0.0200,0.00000,1.89696
1951.091,-42.939,-94.186,→,0.0200,0.00000,1.89696
1951.956,-42.951,-88.722,←,0.0304,0.00000,1.89696
1952.843,-42.945,-87.505,→,0.0548,0.00274,1.89970
1953.720,-42.945,-88.312,→,0.0386,0.00000,1.89970
1954.605,-42.945,-87.876,→,0.0474,0.00237,1.90207
1955.455,-42.942,-94.056,←,0.0200,0.00000,1.90207
1956.333,-42.942,-91.825,←,0.0200,0.00000,1.90207
1957.211,-42.945,-97.068,←,0.0200,0.00000,1.90207
1958.083,-42.942,-89.853,→,0.0200,0.00000,1.90207
1958.954,-42.947,-91.856,←,0.0200,0.00000,1.90207
1959.830,-42.956,-91.593,←,0.0200,0.00000,1.90207
1960.719,-42.966,-90.745,←,0.0200,0.00000,1.90207
1961.579,-42.944,-87.153,←,0.0618,0.00309,1.89898
1962.461,-42.945,-95.841,→,0.0200,0.00000,1.89898
1963.341,-42.933,-92.276,←,0.0200,0.00000,1.89898
1964.213,-42.928,-89.167,←,0.0215,0.00000,1.89898
1965.077,-42.930,-93.295,→,0.0200,0.00000,1.89898
1965.959,-42.949,-93.689,←,0.0200,0.00000,1.89898
1966.837,-42.937,-88.602,←,0.0328,0.00000,1.89898
1967.717,-42.957,-91.450,→,0.0200,0.00000,1.89898
1968.587,-42.945,-87.612,←,0.0526,0.00263,1.89634
1969.455,-42.952,-93.261,←,0.0200,0.00000,1.89634
1970.329,-42.959,-86.701,←,0.0709,0.00354,1.89280
1971.213,-42.953,-87.407,←,0.0567,0.00284,1.88997
1972.080,-42.933,-92.826,→,0.0200,0.00000,1.88997
1972.963,-42.923,-93.298,←,0.0200,0.00000,1.88997
1973.834,-42.926,-96.867,←,0.0200,0.00000,1.88997
1974.699,-42.945,-96.466,←,0.0200,0.00000,1.88997
1975.583,-42.946,-92.183,←,0.0200,0.00000,1.88997
1976.464,-42.961,-103.793,→,0.0200,0.00000,1.88997
1977.331,-42.941,-105.520,←,0.0200,0.00000,1.88997
1978.209,-42.929,-94.134,←,0.0200,0.00000,1.88997
1979.079,-42.935,-94.257,←,0.0200,0.00000,1.88997
1979.964,-42.941,-99.558,→,0.0200,0.00000,1.88997
1980.835,-42.936,-86.306,→,0.0788,0.00394,1.89390
1981.714,-42.943,-87.457,←,0.0557,0.00279,1.89112
1982.587,-42.958,-96.038,→,0.0200,0.00000,1.89112
1983.452,-42.939,-99.296,←,0.0200,0.00000,1.89112
1984.330,-42.946,-94.526,→,0.0200,0.00000,1.89112
1985.204,-42.941,-87.116,→,0.0626,0.00313,1.89424
1986.086,-42.922,-92.263,←,0.0200,0.00000,1.89424
1986.963,-42.938,-85.888,→,0.0871,0.00436,1.89860
1987.831,-42.918,-92.003,←,0.0200,0.00000,1.89860
1988.712,-42.941,-92.377,→,0.0200,0.00000,1.89860
1989.582,-42.938,-89.468,←,0.0200,0.00000,1.89860
1990.459,-42.949,-91.235,←,0.0200,0.00000,1.89860
1991.336,-42.936,-87.196,←,0.0609,0.00305,1.89555
1992.203,-42.941,-88.951,→,0.0258,0.00000,1.89555
1993.079,-42.951,-87.111,→,0.0626,0.00313,1.89869
1993.958,-42.949,-88.972,←,0.0254,0.00000,1.89869
1994.833,-42.948,-88.907,←,0.0267,0.00000,1.89869
1995.715,-42.946,-93.742,←,0.0200,0.00000,1.89869
1996.587,-42.954,-89.648,←,0.0200,0.00000,1.89869
1997.458,-42.934,-89.527,←,0.0200,0.00000,1.89869
1998.342,-42.953,-93.838,←,0.0200,0.00000,1.89869
1999.195,-42.938,-99.995,←,0.0200,0.00000,1.89869
2000.077,-42.932,-90.027,←,0.0200,0.00000,1.89869
2000.954,-42.927,-88.393,→,0.0370,0.00000,1.89869
2001.835,-42.932,-88.905,→,0.0268,0.00000,1.89869
2002.712,-42.939,-85.366,→,0.0975,0.00488,1.90356
2003.581,-42.935,-90.943,←,0.0200,0.00000,1.90356
2004.461,-42.936,-96.487,←,0.0200,0.00000,1.90356
2005.331,-42.928,-89.431,←,0.0200,0.00000,1.90356
2006.210,-42.939,-89.332,→,0.0200,0.00000,1.90356
2007.078,-42.961,-87.981,←,0.0452,0.00226,1.90130
2007.960,-42.960,-92.999,←,0.0200,0.00000,1.90130
2008.832,-42.938,-89.015,←,0.0246,0.00000,1.90130
2009.714,-42.956,-97.094,←,0.0200,0.00000,1.90130
2010.580,-42.952,-96.808,←,0.0200,0.00000,1.90130
2011.460,-42.957,-101.052,←,0.0200,0.00000,1.90130
2012.335,-42.921,-95.785,←,0.0200,0.00000,1.90130
2013.209,-42.924,-93.049,←,0.0200,0.00000,1.90130
2014.080,-42.924,-90.855,←,0.0200,0.00000,1.90130
2014.955,-42.946,-94.426,←,0.0200,0.00000,1.90130
2015.833,-42.939,-89.078,→,0.0233,0.00000,1.90130
2016.711,-42.939,-88.929,→,0.0263,0.00000,1.90130
2017.581,-42.925,-91.661,←,0.0200,0.00000,1.90130
2018.457,-42.942,-97.783,←,0.0200,0.00000,1.90130
2019.334,-42.914,-98.578,←,0.0200,0.00000,1.90130
2020.206,-42.933,-94.510,→,0.0200,0.00000,1.90130
2021.079,-42.938,-91.831,←,0.0200,0.00000,1.90130
2021.960,-42.941,-100.658,←,0.0200,0.00000,1.90130
2022.829,-42.937,-92.403,→,0.0200,0.00000,1.90130
2023.708,-42.925,-94.623,←,0.0200,0.00000,1.90130
2024.586,-42.942,-91.787,←,0.0200,0.00000,1.90130
2025.465,-42.936,-93.649,←,0.0200,0.00000,1.90130
2026.329,-42.950,-89.304,→,0.0200,0.00000,1.90130
2027.215,-42.962,-89.963,→,0.0200,0.00000,1.90130
2028.079,-42.953,-95.991,←,0.0200,0.00000,1.90130
2028.964,-42.942,-88.602,→,0.0328,0.00000,1.90130
2029.829,-42.951,-90.039,→,0.0200,0.00000,1.90130
2030.712,-42.937,-89.853,←,0.0200,0.00000,1.90130
2031.579,-42.943,-90.780,←,0.0200,0.00000,1.90130
2032.457,-42.932,-92.406,←,0.0200,0.00000,1.90130
2033.329,-42.933,-93.515,←,0.0200,0.00000,1.90130
2034.207,-42.952,-94.364,←,0.0200,0.00000,1.90130
2035.078,-42.967,-87.850,→,0.0479,0.00239,1.90369
2035.955,-42.960,-92.085,←,0.0200,0.00000,1.90369
2036.835,-42.955,-91.228,←,0.0200,0.00000,1.90369
