timestamp_s,s1_dbm,s2_dbm,dir,probe_V,step_V,offset_V
0.895,-42.429,-70.829,→,0.1000,0.02094,2.12094
1.773,-41.570,-81.433,←,0.1000,0.01033,2.11060
2.643,-41.572,-82.303,←,0.1000,0.00946,2.10114
3.522,-41.565,-83.449,←,0.1000,0.00832,2.09283
4.394,-41.562,-82.209,←,0.1000,0.00956,2.08327
5.266,-41.549,-86.809,←,0.0991,0.00496,2.07831
6.139,-41.549,-83.839,←,0.1000,0.00793,2.07039
7.022,-41.536,-84.827,←,0.1000,0.00694,2.06345
7.891,-41.522,-94.339,←,0.0200,0.00000,2.06345
8.767,-41.534,-87.307,←,0.0892,0.00446,2.05899
9.643,-41.531,-84.614,→,0.1000,0.00715,2.06614
10.511,-41.533,-98.578,←,0.0200,0.00000,2.06614
11.396,-41.531,-93.013,→,0.0200,0.00000,2.06614
12.255,-41.536,-93.721,←,0.0200,0.00000,2.06614
13.141,-41.523,-85.085,←,0.1000,0.00668,2.05946
14.010,-41.528,-99.488,←,0.0200,0.00000,2.05946
14.881,-41.540,-91.650,←,0.0200,0.00000,2.05946
15.763,-41.527,-85.111,←,0.1000,0.00665,2.05281
16.628,-41.532,-85.974,←,0.1000,0.00579,2.04702
17.511,-41.519,-88.501,←,0.0653,0.00326,2.04375
18.381,-41.509,-85.988,←,0.1000,0.00578,2.03797
19.257,-41.848,-81.623,→,0.1000,0.01014,2.04812
20.136,-41.825,-82.211,←,0.1000,0.00955,2.03856
21.010,-41.795,-89.660,←,0.0421,0.00211,2.03646
21.884,-41.784,-85.765,←,0.1000,0.00600,2.03046
22.753,-41.774,-84.219,→,0.1000,0.00755,2.03800
23.638,-41.768,-93.048,→,0.0200,0.00000,2.03800
24.511,-41.759,-94.010,←,0.0200,0.00000,2.03800
25.386,-41.776,-87.378,→,0.0878,0.00439,2.04239
26.255,-41.778,-96.052,←,0.0200,0.00000,2.04239
27.124,-41.804,-94.090,←,0.0200,0.00000,2.04239
28.004,-41.807,-95.799,←,0.0200,0.00000,2.04239
28.882,-41.820,-92.030,←,0.0200,0.00000,2.04239
29.753,-41.837,-93.025,→,0.0200,0.00000,2.04239
30.631,-41.843,-88.242,←,0.0705,0.00352,2.03887
31.503,-41.868,-90.565,←,0.0240,0.00000,2.03887
32.385,-41.880,-89.622,←,0.0429,0.00214,2.03672
33.254,-41.878,-88.709,←,0.0611,0.00306,2.03367
34.131,-41.895,-88.387,←,0.0676,0.00338,2.03029
35.006,-41.886,-89.041,←,0.0545,0.00272,2.02757
35.878,-41.867,-84.320,←,0.1000,0.00745,2.02012
36.756,-41.860,-85.585,→,0.1000,0.00618,2.02630
37.625,-41.836,-95.742,→,0.0200,0.00000,2.02630
38.501,-41.818,-83.408,→,0.1000,0.00836,2.03466
39.376,-41.815,-93.570,←,0.0200,0.00000,2.03466
40.254,-41.787,-89.634,←,0.0426,0.00213,2.03253
41.118,-41.782,-89.270,←,0.0499,0.00250,2.03003
42.002,-41.772,-83.960,→,0.1000,0.00781,2.03783
42.878,-41.781,-103.805,←,0.0200,0.00000,2.03783
43.751,-41.772,-88.402,←,0.0673,0.00336,2.03447
44.628,-41.774,-90.068,→,0.0339,0.00000,2.03447
45.502,-41.778,-91.533,←,0.0200,0.00000,2.03447
46.381,-41.788,-88.474,→,0.0658,0.00329,2.03776
47.256,-41.810,-86.146,←,0.1000,0.00562,2.03214
48.124,-41.830,-88.611,←,0.0631,0.00315,2.02899
49.007,-41.834,-86.992,←,0.0955,0.00477,2.02422
49.873,-41.844,-90.991,→,0.0200,0.00000,2.02422
50.758,-41.864,-86.452,→,0.1000,0.00531,2.02953
51.630,-41.885,-97.582,←,0.0200,0.00000,2.02953
52.504,-41.891,-95.599,←,0.0200,0.00000,2.02953
53.373,-41.886,-84.701,→,0.1000,0.00706,2.03659
54.257,-41.869,-86.293,→,0.1000,0.00547,2.04207
55.131,-41.857,-85.223,←,0.1000,0.00654,2.03552
56.005,-41.827,-93.543,←,0.0200,0.00000,2.03552
56.877,-41.814,-96.594,←,0.0200,0.00000,2.03552
57.758,-41.794,-87.015,←,0.0950,0.00475,2.03077
58.626,-41.778,-89.499,←,0.0453,0.00227,2.02851
59.501,-41.780,-84.612,→,0.1000,0.00715,2.03566
60.376,-41.766,-89.332,→,0.0487,0.00243,2.03809
61.246,-41.743,-97.603,←,0.0200,0.00000,2.03809
62.120,-41.780,-88.867,←,0.0580,0.00290,2.03520
62.999,-41.775,-88.035,→,0.0746,0.00373,2.03893
63.877,-41.799,-89.892,→,0.0375,0.00000,2.03893
64.749,-41.811,-91.212,→,0.0200,0.00000,2.03893
65.630,-41.818,-94.028,←,0.0200,0.00000,2.03893
66.508,-41.834,-89.721,→,0.0409,0.00204,2.04097
67.386,-41.823,-91.875,←,0.0200,0.00000,2.04097
68.246,-41.857,-89.122,←,0.0529,0.00264,2.03833
69.131,-41.863,-87.936,→,0.0766,0.00383,2.04216
70.013,-41.868,-88.097,←,0.0734,0.00367,2.03849
70.875,-41.874,-92.649,←,0.0200,0.00000,2.03849
71.745,-41.884,-84.123,←,0.1000,0.00764,2.03085
72.625,-41.875,-101.579,←,0.0200,0.00000,2.03085
73.493,-41.853,-87.528,←,0.0847,0.00424,2.02661
74.374,-41.840,-87.398,←,0.0874,0.00437,2.02224
75.255,-41.813,-93.767,←,0.0200,0.00000,2.02224
76.124,-41.794,-84.484,←,0.1000,0.00728,2.01496
77.001,-41.770,-84.419,←,0.1000,0.00735,2.00761
77.874,-41.763,-88.121,←,0.0729,0.00364,2.00397
78.748,-41.768,-87.604,←,0.0832,0.00416,1.99981
79.621,-41.742,-84.648,→,0.1000,0.00712,2.00693
80.505,-41.755,-94.970,←,0.0200,0.00000,2.00693
81.379,-41.773,-88.848,→,0.0584,0.00292,2.00984
82.255,-41.793,-99.361,←,0.0200,0.00000,2.00984
83.130,-41.804,-90.575,→,0.0238,0.00000,2.00984
84.000,-41.805,-88.214,←,0.0710,0.00355,2.00629
84.882,-41.819,-87.589,→,0.0835,0.00418,2.01047
85.749,-41.839,-90.379,→,0.0277,0.00000,2.01047
86.628,-41.845,-88.455,←,0.0662,0.00331,2.00716
87.505,-41.853,-88.537,→,0.0646,0.00323,2.01039
88.376,-41.874,-97.144,←,0.0200,0.00000,2.01039
89.251,-41.872,-92.838,←,0.0200,0.00000,2.01039
90.131,-41.867,-93.585,←,0.0200,0.00000,2.01039
90.996,-41.852,-86.836,←,0.0986,0.00493,2.00546
91.872,-41.838,-83.511,←,0.1000,0.00825,1.99720
92.746,-41.821,-86.791,←,0.0995,0.00497,1.99223
93.620,-41.797,-85.502,→,0.1000,0.00626,1.99849
94.500,-41.779,-84.507,←,0.1000,0.00726,1.99123
95.382,-41.789,-91.601,←,0.0200,0.00000,1.99123
96.258,-41.784,-83.630,←,0.1000,0.00814,1.98310
97.130,-41.761,-84.861,←,0.1000,0.00690,1.97619
98.005,-41.748,-90.975,←,0.0200,0.00000,1.97619
98.883,-41.772,-84.378,→,0.1000,0.00739,1.98358
99.762,-41.757,-88.265,→,0.0700,0.00350,1.98708
100.630,-41.783,-88.680,→,0.0617,0.00309,1.99017
101.514,-41.798,-91.659,→,0.0200,0.00000,1.99017
102.386,-41.803,-87.854,→,0.0782,0.00391,1.99408
103.254,-41.830,-87.373,→,0.0878,0.00439,1.99847
104.136,-41.829,-89.699,←,0.0413,0.00207,1.99640
105.010,-41.840,-90.874,→,0.0200,0.00000,1.99640
105.889,-41.862,-88.664,→,0.0620,0.00310,1.99950
106.761,-41.860,-92.259,←,0.0200,0.00000,1.99950
107.634,-41.866,-91.415,→,0.0200,0.00000,1.99950
108.520,-41.876,-86.232,→,0.1000,0.00553,2.00504
109.388,-41.859,-85.943,←,0.1000,0.00582,1.99921
110.263,-41.854,-96.300,←,0.0200,0.00000,1.99921
111.132,-41.821,-89.415,←,0.0470,0.00235,1.99686
112.012,-41.801,-83.003,←,0.1000,0.00876,1.98810
112.887,-41.774,-85.052,←,0.1000,0.00671,1.98139
113.769,-41.767,-97.625,←,0.0200,0.00000,1.98139
114.641,-41.755,-83.562,←,0.1000,0.00820,1.97319
115.521,-41.758,-82.686,→,0.1000,0.00908,1.98227
116.394,-41.755,-96.186,←,0.0200,0.00000,1.98227
117.264,-41.756,-93.018,→,0.0200,0.00000,1.98227
118.145,-41.760,-89.327,→,0.0488,0.00244,1.98470
119.020,-41.771,-94.968,←,0.0200,0.00000,1.98470
119.889,-41.773,-90.641,→,0.0225,0.00000,1.98470
120.767,-41.808,-90.306,→,0.0292,0.00000,1.98470
121.648,-41.812,-85.983,←,0.1000,0.00578,1.97892
122.524,-41.843,-89.297,←,0.0494,0.00247,1.97645
123.389,-41.846,-86.902,→,0.0973,0.00486,1.98132
124.275,-41.859,-93.043,←,0.0200,0.00000,1.98132
125.145,-41.875,-85.734,→,0.1000,0.00603,1.98735
126.026,-41.865,-86.212,→,0.1000,0.00555,1.99290
126.897,-41.880,-82.623,→,0.1000,0.00914,2.00204
127.771,-41.849,-95.619,←,0.0200,0.00000,2.00204
128.642,-41.868,-83.522,→,0.1000,0.00824,2.01029
129.518,-41.843,-86.266,←,0.1000,0.00550,2.00479
130.393,-41.810,-86.668,←,0.1000,0.00510,1.99969
131.272,-41.803,-83.772,→,0.1000,0.00799,2.00768
132.145,-41.773,-86.859,←,0.0981,0.00491,2.00278
133.017,-41.770,-89.746,←,0.0404,0.00202,2.00076
133.893,-41.758,-83.687,→,0.1000,0.00808,2.00884
134.769,-41.756,-87.452,←,0.0863,0.00431,2.00452
135.640,-41.769,-95.049,←,0.0200,0.00000,2.00452
136.522,-41.766,-93.591,→,0.0200,0.00000,2.00452
137.398,-41.776,-93.032,←,0.0200,0.00000,2.00452
138.270,-41.808,-90.832,→,0.0200,0.00000,2.00452
139.149,-41.814,-89.539,→,0.0445,0.00223,2.00675
140.018,-41.822,-97.245,←,0.0200,0.00000,2.00675
140.895,-41.848,-89.475,←,0.0458,0.00229,2.00446
141.771,-41.852,-86.496,→,0.1000,0.00527,2.00973
142.648,-41.858,-93.297,←,0.0200,0.00000,2.00973
143.525,-41.870,-104.960,←,0.0200,0.00000,2.00973
144.389,-41.871,-92.761,→,0.0200,0.00000,2.00973
145.275,-41.863,-85.894,→,0.1000,0.00587,2.01560
146.153,-41.858,-87.434,←,0.0866,0.00433,2.01127
147.023,-41.854,-90.022,←,0.0349,0.00000,2.01127
147.899,-41.830,-88.506,←,0.0652,0.00326,2.00801
148.776,-41.817,-93.754,←,0.0200,0.00000,2.00801
149.648,-41.805,-83.457,←,0.1000,0.00831,1.99970
150.524,-41.774,-88.646,←,0.0624,0.00312,1.99658
151.395,-41.776,-84.623,→,0.1000,0.00714,2.00372
152.274,-41.744,-96.521,←,0.0200,0.00000,2.00372
153.140,-41.758,-92.556,←,0.0200,0.00000,2.00372
154.020,-41.764,-85.869,→,0.1000,0.00590,2.00962
154.891,-41.749,-95.907,←,0.0200,0.00000,2.00962
155.766,-41.763,-87.851,→,0.0783,0.00391,2.01354
156.643,-41.773,-89.272,→,0.0499,0.00249,2.01603
157.520,-41.793,-93.686,←,0.0200,0.00000,2.01603
158.398,-41.826,-88.842,←,0.0585,0.00292,2.01311
159.272,-41.827,-91.080,←,0.0200,0.00000,2.01311
160.160,-41.847,-88.654,→,0.0622,0.00311,2.01622
161.020,-41.856,-88.996,→,0.0554,0.00277,2.01899
161.899,-41.878,-87.486,→,0.0856,0.00428,2.02327
162.773,-41.888,-97.857,→,0.0200,0.00000,2.02327
163.642,-41.894,-83.379,→,0.1000,0.00839,2.03165
164.528,-41.872,-86.388,→,0.1000,0.00538,2.03703
165.399,-41.861,-92.834,←,0.0200,0.00000,2.03703
166.272,-41.844,-89.064,←,0.0540,0.00270,2.03433
167.146,-41.827,-87.699,←,0.0813,0.00407,2.03026
168.016,-41.814,-84.320,←,0.1000,0.00745,2.02282
168.894,-41.786,-85.228,←,0.1000,0.00654,2.01628
169.775,-41.779,-87.982,←,0.0757,0.00378,2.01249
170.650,-41.767,-84.779,←,0.1000,0.00699,2.00551
171.516,-41.775,-102.982,←,0.0200,0.00000,2.00551
172.391,-41.769,-86.502,→,0.1000,0.00526,2.01077
173.386,-41.771,-88.878,←,0.0578,0.00289,2.00788
174.258,-41.774,-88.809,→,0.0591,0.00296,2.01084
175.156,-41.795,-94.368,←,0.0200,0.00000,2.01084
176.047,-41.810,-91.238,→,0.0200,0.00000,2.01084
176.998,-41.819,-89.626,→,0.0428,0.00214,2.01298
177.890,-41.835,-90.191,→,0.0315,0.00000,2.01298
178.760,-41.852,-86.291,→,0.1000,0.00547,2.01845
179.639,-41.871,-92.989,→,0.0200,0.00000,2.01845
180.529,-41.873,-89.289,→,0.0495,0.00248,2.02093
181.522,-41.866,-88.651,←,0.0623,0.00311,2.01782
182.595,-41.882,-86.219,←,0.1000,0.00555,2.01227
183.487,-41.867,-88.688,←,0.0615,0.00308,2.00919
184.564,-41.842,-86.024,←,0.1000,0.00574,2.00345
185.441,-41.826,-87.052,←,0.0943,0.00471,1.99874
186.333,-41.807,-92.805,←,0.0200,0.00000,1.99874
187.407,-41.770,-88.984,←,0.0556,0.00278,1.99596
188.282,-41.762,-86.231,→,0.1000,0.00553,2.00149
189.178,-41.758,-85.962,→,0.1000,0.00580,2.00729
190.131,-41.766,-83.933,→,0.1000,0.00783,2.01513
191.023,-41.772,-91.801,←,0.0200,0.00000,2.01513
192.096,-41.777,-90.167,→,0.0320,0.00000,2.01513
193.001,-41.788,-88.388,→,0.0675,0.00338,2.01850
194.067,-41.806,-91.299,→,0.0200,0.00000,2.01850
194.938,-41.820,-86.988,→,0.0956,0.00478,2.02328
195.841,-41.826,-90.056,←,0.0342,0.00000,2.02328
196.798,-41.836,-89.119,←,0.0529,0.00265,2.02063
197.692,-41.851,-94.108,→,0.0200,0.00000,2.02063
198.761,-41.879,-99.385,←,0.0200,0.00000,2.02063
199.647,-41.883,-93.336,←,0.0200,0.00000,2.02063
200.526,-41.894,-85.342,→,0.1000,0.00642,2.02706
201.392,-41.882,-85.881,←,0.1000,0.00588,2.02117
202.282,-41.867,-93.826,←,0.0200,0.00000,2.02117
203.173,-41.847,-85.280,←,0.1000,0.00649,2.01469
204.132,-41.814,-83.987,←,0.1000,0.00778,2.00691
205.031,-41.819,-84.246,→,0.1000,0.00752,2.01443
205.994,-41.785,-96.658,←,0.0200,0.00000,2.01443
206.880,-41.766,-88.595,←,0.0634,0.00317,2.01126
207.763,-41.751,-88.616,←,0.0630,0.00315,2.00811
208.744,-41.762,-84.983,→,0.1000,0.00678,2.01489
209.983,-41.765,-95.291,←,0.0200,0.00000,2.01489
210.907,-41.781,-88.386,→,0.0676,0.00338,2.01827
211.794,-41.783,-91.563,→,0.0200,0.00000,2.01827
212.699,-41.802,-88.268,←,0.0700,0.00350,2.01477
213.644,-41.812,-87.420,←,0.0869,0.00435,2.01043
214.522,-41.822,-88.799,←,0.0593,0.00297,2.00746
215.406,-41.851,-87.959,←,0.0761,0.00381,2.00365
216.288,-41.867,-88.774,→,0.0598,0.00299,2.00664
217.545,-41.878,-87.998,→,0.0753,0.00377,2.01041
218.452,-41.880,-90.304,→,0.0292,0.00000,2.01041
219.332,-41.882,-91.244,→,0.0200,0.00000,2.01041
220.233,-41.871,-88.853,←,0.0582,0.00291,2.00750
221.185,-41.861,-86.834,←,0.0986,0.00493,2.00257
222.053,-41.837,-92.725,←,0.0200,0.00000,2.00257
222.942,-41.818,-85.000,←,0.1000,0.00677,1.99580
223.849,-41.794,-90.525,←,0.0248,0.00000,1.99580
224.809,-41.778,-84.600,←,0.1000,0.00717,1.98864
225.692,-41.773,-82.776,←,0.1000,0.00899,1.97965
226.558,-41.764,-88.408,←,0.0671,0.00336,1.97629
227.434,-41.769,-86.098,→,0.1000,0.00567,1.98196
228.290,-41.774,-85.344,→,0.1000,0.00642,1.98838
229.185,-41.771,-90.999,←,0.0200,0.00000,1.98838
230.067,-41.795,-90.889,→,0.0200,0.00000,1.98838
231.150,-41.809,-90.104,→,0.0332,0.00000,1.98838
232.032,-41.820,-90.437,←,0.0266,0.00000,1.98838
232.899,-41.827,-88.079,→,0.0737,0.00369,1.99206
233.769,-41.840,-108.821,←,0.0200,0.00000,1.99206
234.663,-41.846,-92.606,←,0.0200,0.00000,1.99206
235.557,-41.868,-89.495,←,0.0454,0.00227,1.98979
236.509,-41.869,-87.928,→,0.0767,0.00384,1.99363
237.401,-41.866,-94.630,←,0.0200,0.00000,1.99363
238.357,-41.855,-90.959,←,0.0200,0.00000,1.99363
239.246,-41.856,-87.118,←,0.0930,0.00465,1.98898
240.138,-41.834,-87.256,←,0.0902,0.00451,1.98447
241.108,-41.821,-86.757,←,0.1000,0.00501,1.97947
241.986,-41.795,-84.352,←,0.1000,0.00741,1.97205
242.857,-41.789,-83.511,←,0.1000,0.00825,1.96380
243.733,-41.780,-91.338,→,0.0200,0.00000,1.96380
244.641,-41.762,-92.788,←,0.0200,0.00000,1.96380
245.583,-41.757,-85.373,→,0.1000,0.00639,1.97019
246.471,-41.780,-87.235,←,0.0906,0.00453,1.96566
247.356,-41.760,-90.483,→,0.0257,0.00000,1.96566
248.435,-41.785,-88.578,→,0.0637,0.00319,1.96885
249.321,-41.797,-94.816,←,0.0200,0.00000,1.96885
250.721,-41.815,-100.832,←,0.0200,0.00000,1.96885
251.617,-41.840,-94.034,←,0.0200,0.00000,1.96885
252.709,-41.843,-92.185,←,0.0200,0.00000,1.96885
253.787,-41.851,-91.657,←,0.0200,0.00000,1.96885
254.664,-41.876,-90.048,→,0.0343,0.00000,1.96885
255.549,-41.880,-91.710,←,0.0200,0.00000,1.96885
256.436,-41.863,-92.685,←,0.0200,0.00000,1.96885
257.499,-41.856,-88.288,←,0.0696,0.00348,1.96537
258.385,-41.853,-90.664,←,0.0220,0.00000,1.96537
259.266,-41.826,-94.865,→,0.0200,0.00000,1.96537
260.360,-41.816,-85.563,←,0.1000,0.00620,1.95917
261.243,-41.790,-94.630,←,0.0200,0.00000,1.95917
262.214,-41.786,-82.966,→,0.1000,0.00880,1.96797
263.100,-41.758,-91.987,←,0.0200,0.00000,1.96797
264.184,-41.742,-94.243,←,0.0200,0.00000,1.96797
265.080,-41.764,-95.915,←,0.0200,0.00000,1.96797
266.147,-41.782,-89.530,→,0.0447,0.00224,1.97020
267.010,-41.789,-92.055,→,0.0200,0.00000,1.97020
267.909,-41.798,-94.337,←,0.0200,0.00000,1.97020
268.796,-41.808,-89.396,←,0.0474,0.00237,1.96783
269.785,-41.836,-92.436,←,0.0200,0.00000,1.96783
270.747,-41.846,-91.841,→,0.0200,0.00000,1.96783
271.617,-41.864,-89.935,→,0.0366,0.00000,1.96783
272.498,-41.868,-89.732,→,0.0407,0.00203,1.96987
273.396,-41.875,-88.234,←,0.0706,0.00353,1.96633
274.348,-41.884,-85.528,→,0.1000,0.00624,1.97257
275.234,-41.860,-91.717,→,0.0200,0.00000,1.97257
276.110,-41.855,-94.820,←,0.0200,0.00000,1.97257
277.008,-41.849,-97.290,←,0.0200,0.00000,1.97257
277.941,-41.823,-99.562,←,0.0200,0.00000,1.97257
278.829,-41.815,-86.579,←,0.1000,0.00519,1.96738
279.707,-41.778,-85.880,→,0.1000,0.00589,1.97327
280.591,-41.765,-92.519,←,0.0200,0.00000,1.97327
281.443,-41.760,-86.549,→,0.1000,0.00522,1.97849
282.326,-41.761,-104.613,←,0.0200,0.00000,1.97849
283.208,-41.747,-89.990,→,0.0355,0.00000,1.97849
284.090,-41.764,-87.727,→,0.0808,0.00404,1.98253
284.987,-41.778,-94.374,←,0.0200,0.00000,1.98253
285.945,-41.790,-90.822,←,0.0200,0.00000,1.98253
286.817,-41.800,-89.797,→,0.0394,0.00000,1.98253
287.718,-41.818,-93.164,←,0.0200,0.00000,1.98253
288.673,-41.829,-90.469,→,0.0259,0.00000,1.98253
289.559,-41.850,-89.027,→,0.0548,0.00274,1.98526
290.439,-41.864,-87.543,→,0.0844,0.00422,1.98949
291.331,-41.875,-85.361,→,0.1000,0.00640,1.99589
292.326,-41.876,-88.844,→,0.0584,0.00292,1.99881
293.266,-41.872,-86.932,←,0.0967,0.00483,1.99398
294.146,-41.878,-89.450,←,0.0463,0.00232,1.99166
295.041,-41.856,-91.904,←,0.0200,0.00000,1.99166
296.121,-41.834,-94.675,←,0.0200,0.00000,1.99166
297.007,-41.814,-84.924,←,0.1000,0.00684,1.98482
297.882,-41.789,-83.354,←,0.1000,0.00841,1.97641
298.949,-41.772,-93.878,←,0.0200,0.00000,1.97641
299.844,-41.760,-93.551,←,0.0200,0.00000,1.97641
300.719,-41.771,-84.382,→,0.1000,0.00738,1.98379
301.610,-41.773,-103.038,←,0.0200,0.00000,1.98379
302.687,-41.770,-87.688,→,0.0816,0.00408,1.98787
303.580,-41.779,-88.566,→,0.0640,0.00320,1.99107
304.647,-41.801,-95.302,←,0.0200,0.00000,1.99107
305.539,-41.802,-91.619,←,0.0200,0.00000,1.99107
306.396,-41.825,-89.250,→,0.0503,0.00252,1.99359
307.285,-41.841,-92.145,←,0.0200,0.00000,1.99359
308.159,-41.855,-94.039,←,0.0200,0.00000,1.99359
309.040,-41.874,-89.025,←,0.0548,0.00274,1.99084
310.042,-41.869,-96.935,←,0.0200,0.00000,1.99084
310.978,-41.874,-86.042,←,0.1000,0.00572,1.98512
311.868,-41.861,-91.537,→,0.0200,0.00000,1.98512
312.741,-41.890,-83.973,→,0.1000,0.00779,1.99291
313.617,-41.854,-86.356,←,0.1000,0.00541,1.98750
314.505,-41.832,-95.912,←,0.0200,0.00000,1.98750
315.359,-41.821,-84.881,←,0.1000,0.00688,1.98062
316.250,-41.795,-84.334,←,0.1000,0.00743,1.97319
317.136,-41.757,-87.290,←,0.0895,0.00448,1.96871
318.134,-41.758,-84.712,→,0.1000,0.00705,1.97577
319.089,-41.748,-88.099,←,0.0733,0.00367,1.97210
319.985,-41.746,-85.218,→,0.1000,0.00655,1.97865
321.052,-41.775,-89.595,→,0.0434,0.00217,1.98082
321.932,-41.783,-86.981,→,0.0957,0.00478,1.98560
322.816,-41.796,-90.193,→,0.0314,0.00000,1.98560
323.682,-41.800,-87.854,→,0.0782,0.00391,1.98951
324.554,-41.838,-88.995,→,0.0554,0.00277,1.99228
325.461,-41.833,-88.229,←,0.0707,0.00354,1.98875
326.415,-41.844,-98.444,←,0.0200,0.00000,1.98875
327.305,-41.854,-90.269,→,0.0299,0.00000,1.98875
328.256,-41.849,-93.599,←,0.0200,0.00000,1.98875
329.143,-41.872,-95.955,←,0.0200,0.00000,1.98875
330.034,-41.887,-106.670,←,0.0200,0.00000,1.98875
330.914,-41.847,-102.922,←,0.0200,0.00000,1.98875
331.986,-41.858,-97.400,←,0.0200,0.00000,1.98875
332.855,-41.831,-86.839,←,0.0985,0.00493,1.98382
333.736,-41.798,-86.527,←,0.1000,0.00524,1.97858
334.621,-41.795,-86.913,→,0.0971,0.00485,1.98344
335.503,-41.757,-84.182,←,0.1000,0.00758,1.97585
336.391,-41.760,-82.763,→,0.1000,0.00900,1.98486
337.346,-41.760,-90.862,→,0.0200,0.00000,1.98486
338.235,-41.761,-86.341,→,0.1000,0.00542,1.99028
339.108,-41.759,-94.605,←,0.0200,0.00000,1.99028
340.002,-41.773,-90.536,←,0.0246,0.00000,1.99028
340.956,-41.794,-89.159,←,0.0521,0.00261,1.98767
341.848,-41.791,-91.601,←,0.0200,0.00000,1.98767
342.928,-41.817,-88.824,→,0.0588,0.00294,1.99061
343.836,-41.837,-87.631,→,0.0827,0.00413,1.99475
344.786,-41.849,-96.334,←,0.0200,0.00000,1.99475
345.655,-41.839,-89.248,→,0.0503,0.00252,1.99727
346.540,-41.857,-93.226,→,0.0200,0.00000,1.99727
347.429,-41.864,-97.925,→,0.0200,0.00000,1.99727
348.517,-41.862,-86.804,←,0.0992,0.00496,1.99230
349.394,-41.860,-85.955,→,0.1000,0.00581,1.99811
350.290,-41.859,-92.430,←,0.0200,0.00000,1.99811
351.227,-41.828,-88.151,←,0.0723,0.00361,1.99450
352.121,-41.823,-84.564,←,0.1000,0.00720,1.98730
352.981,-41.808,-82.264,←,0.1000,0.00950,1.97780
353.866,-41.775,-96.490,←,0.0200,0.00000,1.97780
354.744,-41.771,-84.171,→,0.1000,0.00759,1.98539
355.651,-41.762,-94.950,←,0.0200,0.00000,1.98539
356.590,-41.748,-91.605,→,0.0200,0.00000,1.98539
357.458,-41.769,-88.238,→,0.0705,0.00353,1.98892
358.356,-41.773,-89.146,→,0.0524,0.00262,1.99154
359.231,-41.796,-93.655,→,0.0200,0.00000,1.99154
360.134,-41.805,-88.825,←,0.0588,0.00294,1.98860
361.084,-41.809,-96.893,←,0.0200,0.00000,1.98860
361.956,-41.825,-88.545,→,0.0644,0.00322,1.99182
362.839,-41.822,-91.535,←,0.0200,0.00000,1.99182
363.735,-41.852,-96.869,←,0.0200,0.00000,1.99182
364.890,-41.864,-88.146,→,0.0724,0.00362,1.99544
365.787,-41.873,-91.140,→,0.0200,0.00000,1.99544
366.667,-41.873,-85.795,←,0.1000,0.00597,1.98947
367.566,-41.853,-91.969,←,0.0200,0.00000,1.98947
368.532,-41.852,-83.114,←,0.1000,0.00865,1.98082
369.398,-41.850,-97.728,←,0.0200,0.00000,1.98082
370.306,-41.842,-96.430,←,0.0200,0.00000,1.98082
371.246,-41.810,-87.930,←,0.0767,0.00384,1.97698
372.141,-41.792,-87.835,←,0.0786,0.00393,1.97305
373.026,-41.780,-83.585,→,0.1000,0.00818,1.98123
373.990,-41.764,-88.659,←,0.0621,0.00311,1.97813
374.882,-41.758,-101.080,←,0.0200,0.00000,1.97813
375.958,-41.772,-93.030,←,0.0200,0.00000,1.97813
376.836,-41.780,-91.965,←,0.0200,0.00000,1.97813
377.703,-41.784,-92.489,←,0.0200,0.00000,1.97813
378.598,-41.794,-89.516,→,0.0450,0.00225,1.98037
379.484,-41.806,-88.089,→,0.0735,0.00368,1.98405
380.445,-41.825,-90.633,←,0.0226,0.00000,1.98405
381.326,-41.844,-85.757,←,0.1000,0.00601,1.97804
382.196,-41.866,-89.338,→,0.0486,0.00243,1.98047
383.093,-41.876,-87.538,→,0.0846,0.00423,1.98470
384.065,-41.875,-94.167,←,0.0200,0.00000,1.98470
384.964,-41.877,-84.601,←,0.1000,0.00716,1.97753
385.912,-41.873,-85.804,→,0.1000,0.00596,1.98350
386.792,-41.861,-83.310,←,0.1000,0.00846,1.97504
387.679,-41.841,-83.701,←,0.1000,0.00806,1.96697
388.687,-41.825,-84.634,←,0.1000,0.00713,1.95984
389.632,-41.804,-88.669,←,0.0619,0.00310,1.95675
390.521,-41.778,-83.263,←,0.1000,0.00850,1.94824
391.385,-41.754,-85.317,→,0.1000,0.00645,1.95469
392.252,-41.760,-91.499,←,0.0200,0.00000,1.95469
393.141,-41.764,-90.655,→,0.0222,0.00000,1.95469
394.432,-41.762,-90.641,→,0.0225,0.00000,1.95469
395.312,-41.774,-88.936,→,0.0566,0.00283,1.95752
396.191,-41.791,-89.567,→,0.0440,0.00220,1.95972
397.086,-41.812,-88.642,→,0.0625,0.00312,1.96284
398.272,-41.811,-89.330,←,0.0487,0.00243,1.96041
399.141,-41.842,-93.442,←,0.0200,0.00000,1.96041
400.027,-41.832,-91.262,←,0.0200,0.00000,1.96041
400.887,-41.859,-91.031,←,0.0200,0.00000,1.96041
401.772,-41.878,-87.091,→,0.0935,0.00467,1.96508
402.661,-41.873,-93.207,←,0.0200,0.00000,1.96508
403.856,-41.870,-91.822,←,0.0200,0.00000,1.96508
404.729,-41.873,-102.181,←,0.0200,0.00000,1.96508
405.810,-41.868,-86.927,←,0.0968,0.00484,1.96024
406.707,-41.844,-85.839,→,0.1000,0.00593,1.96617
407.590,-41.838,-93.572,←,0.0200,0.00000,1.96617
408.544,-41.799,-83.843,→,0.1000,0.00792,1.97409
409.429,-41.764,-89.672,←,0.0419,0.00209,1.97200
410.493,-41.761,-94.875,←,0.0200,0.00000,1.97200
411.395,-41.772,-85.587,→,0.1000,0.00618,1.97818
412.276,-41.784,-89.060,→,0.0541,0.00271,1.98088
413.133,-41.773,-86.730,→,0.1000,0.00504,1.98592
414.027,-41.769,-95.198,←,0.0200,0.00000,1.98592
414.921,-41.789,-87.430,←,0.0867,0.00434,1.98158
416.173,-41.801,-94.023,←,0.0200,0.00000,1.98158
417.078,-41.808,-92.815,←,0.0200,0.00000,1.98158
417.960,-41.842,-96.700,←,0.0200,0.00000,1.98158
418.839,-41.849,-86.854,→,0.0982,0.00491,1.98649
419.729,-41.871,-94.276,←,0.0200,0.00000,1.98649
420.800,-41.879,-94.966,←,0.0200,0.00000,1.98649
421.675,-41.895,-93.721,←,0.0200,0.00000,1.98649
422.575,-41.883,-93.330,←,0.0200,0.00000,1.98649
423.540,-41.855,-88.799,←,0.0593,0.00297,1.98353
424.431,-41.847,-83.978,←,0.1000,0.00779,1.97574
425.492,-41.828,-95.951,←,0.0200,0.00000,1.97574
426.382,-41.816,-84.835,←,0.1000,0.00693,1.96881
427.260,-41.796,-87.958,←,0.0761,0.00381,1.96500
428.124,-41.771,-84.636,←,0.1000,0.00713,1.95787
429.000,-41.779,-84.541,→,0.1000,0.00722,1.96510
429.892,-41.754,-84.163,→,0.1000,0.00760,1.97270
430.948,-41.770,-85.666,→,0.1000,0.00610,1.97880
431.839,-41.769,-88.100,→,0.0733,0.00367,1.98247
432.720,-41.775,-94.534,←,0.0200,0.00000,1.98247
433.624,-41.783,-91.077,→,0.0200,0.00000,1.98247
434.695,-41.794,-92.884,←,0.0200,0.00000,1.98247
435.577,-41.815,-91.484,←,0.0200,0.00000,1.98247
436.456,-41.821,-86.881,→,0.0977,0.00488,1.98735
437.529,-41.844,-87.458,→,0.0861,0.00431,1.99166
438.405,-41.867,-91.658,←,0.0200,0.00000,1.99166
439.287,-41.887,-91.490,←,0.0200,0.00000,1.99166
440.195,-41.880,-87.841,←,0.0785,0.00392,1.98773
441.143,-41.890,-84.920,→,0.1000,0.00685,1.99458
442.014,-41.875,-86.971,←,0.0959,0.00479,1.98978
442.895,-41.864,-84.171,←,0.1000,0.00759,1.98219
443.786,-41.848,-90.822,←,0.0200,0.00000,1.98219
444.871,-41.824,-88.261,←,0.0701,0.00350,1.97868
445.745,-41.772,-88.356,←,0.0682,0.00341,1.97528
446.614,-41.761,-84.682,←,0.1000,0.00708,1.96819
447.477,-41.760,-84.554,←,0.1000,0.00721,1.96098
448.348,-41.758,-87.207,←,0.0912,0.00456,1.95642
449.235,-41.756,-93.557,←,0.0200,0.00000,1.95642
450.116,-41.766,-97.822,←,0.0200,0.00000,1.95642
450.990,-41.765,-90.679,→,0.0217,0.00000,1.95642
451.865,-41.781,-94.454,←,0.0200,0.00000,1.95642
452.739,-41.789,-93.660,←,0.0200,0.00000,1.95642
453.628,-41.811,-93.464,←,0.0200,0.00000,1.95642
454.597,-41.823,-91.186,←,0.0200,0.00000,1.95642
455.471,-41.816,-87.644,→,0.0824,0.00412,1.96054
456.345,-41.840,-94.101,←,0.0200,0.00000,1.96054
457.241,-41.850,-87.154,→,0.0922,0.00461,1.96515
458.208,-41.871,-92.509,→,0.0200,0.00000,1.96515
459.095,-41.869,-90.828,→,0.0200,0.00000,1.96515
460.291,-41.849,-95.680,←,0.0200,0.00000,1.96515
461.174,-41.874,-84.504,←,0.1000,0.00726,1.95789
462.052,-41.846,-109.550,←,0.0200,0.00000,1.95789
463.023,-41.832,-90.384,←,0.0276,0.00000,1.95789
463.909,-41.803,-87.903,←,0.0773,0.00386,1.95403
464.784,-41.781,-83.991,→,0.1000,0.00777,1.96180
465.872,-41.766,-86.841,←,0.0985,0.00492,1.95688
466.745,-41.753,-89.791,→,0.0395,0.00000,1.95688
467.614,-41.759,-84.031,→,0.1000,0.00773,1.96461
468.477,-41.758,-84.635,→,0.1000,0.00713,1.97174
469.353,-41.761,-94.592,←,0.0200,0.00000,1.97174
470.241,-41.794,-89.624,→,0.0428,0.00214,1.97389
471.128,-41.810,-89.698,→,0.0414,0.00207,1.97595
472.237,-41.816,-87.439,→,0.0865,0.00433,1.98028
473.299,-41.834,-95.961,←,0.0200,0.00000,1.98028
474.181,-41.844,-85.973,→,0.1000,0.00579,1.98607
475.076,-41.874,-89.709,→,0.0411,0.00206,1.98813
476.147,-41.886,-91.136,→,0.0200,0.00000,1.98813
477.031,-41.872,-88.348,←,0.0683,0.00342,1.98471
477.918,-41.879,-84.749,→,0.1000,0.00702,1.99173
478.890,-41.859,-86.996,←,0.0954,0.00477,1.98696
479.769,-41.856,-83.347,←,0.1000,0.00842,1.97854
480.844,-41.846,-91.063,←,0.0200,0.00000,1.97854
481.720,-41.815,-89.723,←,0.0408,0.00204,1.97650
482.587,-41.804,-85.072,←,0.1000,0.00669,1.96981
483.460,-41.789,-87.064,←,0.0940,0.00470,1.96510
484.355,-41.762,-89.936,←,0.0366,0.00000,1.96510
485.227,-41.755,-93.686,←,0.0200,0.00000,1.96510
486.119,-41.762,-92.328,→,0.0200,0.00000,1.96510
487.091,-41.764,-94.065,←,0.0200,0.00000,1.96510
487.952,-41.770,-90.561,→,0.0241,0.00000,1.96510
488.870,-41.793,-90.236,→,0.0306,0.00000,1.96510
489.800,-41.808,-98.836,←,0.0200,0.00000,1.96510
490.671,-41.813,-86.778,←,0.0997,0.00499,1.96012
491.567,-41.819,-86.734,←,0.1000,0.00503,1.95509
492.449,-41.825,-87.449,←,0.0863,0.00432,1.95077
493.325,-41.846,-90.590,→,0.0235,0.00000,1.95077
494.196,-41.863,-88.897,→,0.0574,0.00287,1.95364
495.079,-41.853,-87.219,→,0.0909,0.00455,1.95818
495.954,-41.867,-87.255,←,0.0902,0.00451,1.95367
497.038,-41.863,-92.656,←,0.0200,0.00000,1.95367
497.907,-41.846,-94.367,←,0.0200,0.00000,1.95367
498.779,-41.842,-86.614,←,0.1000,0.00515,1.94852
499.651,-41.818,-87.951,←,0.0763,0.00381,1.94471
500.547,-41.811,-85.575,←,0.1000,0.00619,1.93852
501.431,-41.783,-93.901,←,0.0200,0.00000,1.93852
502.535,-41.773,-84.265,←,0.1000,0.00750,1.93102
503.492,-41.748,-84.545,←,0.1000,0.00722,1.92380
504.372,-41.742,-86.692,←,0.1000,0.00507,1.91872
505.255,-41.743,-86.458,→,0.1000,0.00531,1.92403
506.214,-41.768,-87.504,→,0.0852,0.00426,1.92829
507.081,-41.778,-88.876,→,0.0578,0.00289,1.93118
507.953,-41.802,-90.616,→,0.0230,0.00000,1.93118
508.860,-41.801,-91.828,→,0.0200,0.00000,1.93118
509.928,-41.807,-86.902,→,0.0973,0.00486,1.93605
510.817,-41.822,-90.930,→,0.0200,0.00000,1.93605
511.717,-41.845,-95.866,←,0.0200,0.00000,1.93605
512.677,-41.855,-93.920,←,0.0200,0.00000,1.93605
513.585,-41.856,-89.501,←,0.0453,0.00226,1.93378
514.546,-41.861,-86.927,→,0.0968,0.00484,1.93862
515.639,-41.856,-85.506,←,0.1000,0.00626,1.93236
516.723,-41.859,-87.577,←,0.0838,0.00419,1.92817
517.609,-41.833,-84.313,→,0.1000,0.00745,1.93562
518.693,-41.822,-88.591,←,0.0635,0.00317,1.93245
519.583,-41.799,-91.341,→,0.0200,0.00000,1.93245
520.551,-41.773,-84.814,→,0.1000,0.00695,1.93940
521.441,-41.759,-90.473,←,0.0259,0.00000,1.93940
522.324,-41.760,-95.844,←,0.0200,0.00000,1.93940
523.283,-41.762,-86.114,→,0.1000,0.00565,1.94505
524.155,-41.781,-88.109,→,0.0731,0.00366,1.94871
525.039,-41.771,-91.563,←,0.0200,0.00000,1.94871
525.939,-41.789,-95.337,→,0.0200,0.00000,1.94871
526.889,-41.814,-90.793,←,0.0200,0.00000,1.94871
527.789,-41.815,-89.681,→,0.0417,0.00208,1.95079
528.754,-41.842,-93.090,←,0.0200,0.00000,1.95079
529.670,-41.826,-87.432,→,0.0867,0.00433,1.95513
530.608,-41.855,-91.913,←,0.0200,0.00000,1.95513
531.485,-41.870,-86.210,→,0.1000,0.00555,1.96068
532.371,-41.876,-87.578,←,0.0838,0.00419,1.95649
533.239,-41.886,-84.012,→,0.1000,0.00775,1.96425
534.124,-41.879,-85.898,←,0.1000,0.00587,1.95838
535.000,-41.865,-92.697,←,0.0200,0.00000,1.95838
535.877,-41.844,-83.302,→,0.1000,0.00846,1.96684
537.174,-41.840,-84.064,←,0.1000,0.00770,1.95914
538.072,-41.804,-86.485,←,0.1000,0.00528,1.95386
539.143,-41.773,-85.525,←,0.1000,0.00624,1.94762
540.020,-41.770,-93.277,←,0.0200,0.00000,1.94762
540.904,-41.762,-91.719,←,0.0200,0.00000,1.94762
541.984,-41.758,-91.515,→,0.0200,0.00000,1.94762
542.873,-41.764,-91.110,←,0.0200,0.00000,1.94762
543.772,-41.789,-88.979,→,0.0557,0.00279,1.95041
544.704,-41.804,-96.042,←,0.0200,0.00000,1.95041
545.593,-41.808,-92.161,→,0.0200,0.00000,1.95041
546.489,-41.835,-90.837,←,0.0200,0.00000,1.95041
547.450,-41.833,-96.244,←,0.0200,0.00000,1.95041
548.340,-41.833,-95.817,→,0.0200,0.00000,1.95041
549.225,-41.861,-93.440,←,0.0200,0.00000,1.95041
550.287,-41.867,-92.519,→,0.0200,0.00000,1.95041
551.175,-41.861,-88.315,→,0.0690,0.00345,1.95386
552.047,-41.877,-102.001,←,0.0200,0.00000,1.95386
552.926,-41.865,-87.083,→,0.0936,0.00468,1.95854
553.825,-41.856,-84.711,→,0.1000,0.00705,1.96559
554.902,-41.825,-85.685,→,0.1000,0.00608,1.97167
555.772,-41.811,-86.196,←,0.1000,0.00557,1.96610
556.657,-41.801,-85.839,←,0.1000,0.00593,1.96018
557.525,-41.775,-88.430,←,0.0667,0.00333,1.95684
558.398,-41.777,-84.548,←,0.1000,0.00722,1.94963
559.276,-41.753,-99.410,→,0.0200,0.00000,1.94963
560.155,-41.767,-86.713,→,0.1000,0.00505,1.95468
561.361,-41.782,-92.998,←,0.0200,0.00000,1.95468
562.443,-41.760,-95.378,←,0.0200,0.00000,1.95468
563.315,-41.791,-89.485,→,0.0456,0.00228,1.95696
564.199,-41.791,-90.333,→,0.0287,0.00000,1.95696
565.061,-41.810,-89.334,→,0.0486,0.00243,1.95939
565.938,-41.817,-92.781,←,0.0200,0.00000,1.95939
566.822,-41.834,-97.080,←,0.0200,0.00000,1.95939
567.719,-41.858,-90.130,→,0.0327,0.00000,1.95939
568.677,-41.867,-87.475,←,0.0858,0.00429,1.95510
569.567,-41.876,-89.506,→,0.0452,0.00226,1.95736
570.536,-41.883,-84.805,→,0.1000,0.00696,1.96432
571.406,-41.861,-88.303,←,0.0692,0.00346,1.96086
572.285,-41.849,-86.042,←,0.1000,0.00572,1.95513
573.177,-41.832,-96.435,←,0.0200,0.00000,1.95513
574.369,-41.793,-84.969,→,0.1000,0.00680,1.96193
575.258,-41.789,-88.277,←,0.0698,0.00349,1.95844
576.331,-41.785,-84.847,→,0.1000,0.00692,1.96536
577.220,-41.763,-87.422,←,0.0869,0.00434,1.96102
578.305,-41.756,-93.437,←,0.0200,0.00000,1.96102
579.174,-41.776,-89.756,←,0.0402,0.00201,1.95901
580.055,-41.763,-97.225,←,0.0200,0.00000,1.95901
580.940,-41.759,-91.789,→,0.0200,0.00000,1.95901
582.113,-41.785,-91.813,←,0.0200,0.00000,1.95901
582.993,-41.808,-90.893,←,0.0200,0.00000,1.95901
583.884,-41.806,-86.103,→,0.1000,0.00566,1.96467
584.780,-41.830,-91.786,→,0.0200,0.00000,1.96467
585.848,-41.846,-93.661,←,0.0200,0.00000,1.96467
586.727,-41.867,-94.104,←,0.0200,0.00000,1.96467
587.609,-41.858,-88.649,→,0.0623,0.00312,1.96779
588.485,-41.868,-87.732,←,0.0807,0.00403,1.96375
589.559,-41.876,-88.323,←,0.0688,0.00344,1.96031
590.456,-41.853,-91.425,←,0.0200,0.00000,1.96031
591.420,-41.839,-91.263,←,0.0200,0.00000,1.96031
592.301,-41.821,-88.784,←,0.0596,0.00298,1.95733
593.440,-41.815,-84.592,←,0.1000,0.00717,1.95015
594.375,-41.787,-85.827,→,0.1000,0.00594,1.95609
595.271,-41.784,-83.638,→,0.1000,0.00813,1.96422
596.234,-41.765,-83.747,→,0.1000,0.00802,1.97224
597.128,-41.777,-88.333,←,0.0687,0.00343,1.96881
598.212,-41.776,-95.236,←,0.0200,0.00000,1.96881
599.093,-41.785,-87.802,←,0.0793,0.00396,1.96484
600.170,-41.797,-89.258,←,0.0502,0.00251,1.96234
601.040,-41.811,-88.855,←,0.0582,0.00291,1.95942
601.911,-41.821,-86.952,←,0.0963,0.00481,1.95461
602.803,-41.828,-92.923,←,0.0200,0.00000,1.95461
603.678,-41.829,-100.324,←,0.0200,0.00000,1.95461
604.569,-41.860,-89.346,→,0.0484,0.00242,1.95703
605.570,-41.846,-87.189,←,0.0915,0.00458,1.95245
606.512,-41.858,-93.989,→,0.0200,0.00000,1.95245
607.390,-41.874,-84.609,←,0.1000,0.00716,1.94530
608.262,-41.858,-90.067,→,0.0340,0.00000,1.94530
609.149,-41.857,-86.693,←,0.1000,0.00507,1.94023
610.044,-41.849,-84.428,←,0.1000,0.00734,1.93289
611.102,-41.815,-96.554,←,0.0200,0.00000,1.93289
611.992,-41.814,-89.540,←,0.0445,0.00223,1.93066
612.862,-41.774,-89.861,←,0.0381,0.00000,1.93066
613.767,-41.775,-88.759,←,0.0601,0.00301,1.92766
614.706,-41.758,-84.411,→,0.1000,0.00735,1.93501
615.613,-41.748,-91.229,←,0.0200,0.00000,1.93501
616.577,-41.749,-96.948,←,0.0200,0.00000,1.93501
617.456,-41.774,-93.514,←,0.0200,0.00000,1.93501
618.341,-41.790,-89.548,←,0.0443,0.00222,1.93279
619.570,-41.792,-90.450,→,0.0263,0.00000,1.93279
620.516,-41.805,-90.498,←,0.0254,0.00000,1.93279
621.396,-41.827,-88.471,→,0.0659,0.00329,1.93609
622.275,-41.840,-87.324,←,0.0888,0.00444,1.93165
623.155,-41.855,-88.968,→,0.0560,0.00280,1.93444
624.392,-41.859,-93.806,←,0.0200,0.00000,1.93444
625.333,-41.860,-86.959,←,0.0961,0.00481,1.92964
626.210,-41.881,-84.251,←,0.1000,0.00751,1.92212
627.095,-41.878,-94.212,←,0.0200,0.00000,1.92212
628.168,-41.857,-86.629,←,0.1000,0.00514,1.91699
629.050,-41.825,-94.691,←,0.0200,0.00000,1.91699
629.955,-41.802,-87.453,→,0.0862,0.00431,1.92130
630.910,-41.788,-83.615,→,0.1000,0.00815,1.92945
631.797,-41.771,-83.933,←,0.1000,0.00783,1.92162
632.689,-41.762,-94.990,←,0.0200,0.00000,1.92162
633.644,-41.769,-97.686,←,0.0200,0.00000,1.92162
634.537,-41.767,-97.762,←,0.0200,0.00000,1.92162
635.520,-41.771,-101.154,←,0.0200,0.00000,1.92162
636.480,-41.766,-91.898,←,0.0200,0.00000,1.92162
637.358,-41.803,-88.901,→,0.0573,0.00286,1.92448
638.246,-41.789,-91.475,←,0.0200,0.00000,1.92448
639.126,-41.820,-94.544,→,0.0200,0.00000,1.92448
640.203,-41.834,-94.772,←,0.0200,0.00000,1.92448
641.082,-41.827,-88.414,←,0.0670,0.00335,1.92113
641.971,-41.858,-90.341,→,0.0285,0.00000,1.92113
643.046,-41.860,-92.670,→,0.0200,0.00000,1.92113
643.916,-41.871,-85.254,→,0.1000,0.00651,1.92764
644.798,-41.881,-85.031,→,0.1000,0.00673,1.93438
645.690,-41.849,-85.664,→,0.1000,0.00610,1.94048
646.661,-41.848,-87.767,←,0.0800,0.00400,1.93648
647.549,-41.815,-84.450,→,0.1000,0.00732,1.94379
648.524,-41.801,-83.814,→,0.1000,0.00795,1.95175
649.397,-41.789,-84.102,←,0.1000,0.00766,1.94408
650.302,-41.785,-85.332,←,0.1000,0.00643,1.93765
651.243,-41.777,-85.264,←,0.1000,0.00650,1.93115
652.119,-41.763,-84.996,→,0.1000,0.00677,1.93792
653.000,-41.772,-87.468,←,0.0859,0.00430,1.93362
653.876,-41.759,-86.394,→,0.1000,0.00537,1.93899
654.751,-41.786,-91.334,→,0.0200,0.00000,1.93899
655.644,-41.804,-89.898,←,0.0373,0.00000,1.93899
656.742,-41.801,-90.092,→,0.0335,0.00000,1.93899
657.706,-41.834,-88.130,→,0.0727,0.00364,1.94263
658.593,-41.840,-88.016,→,0.0750,0.00375,1.94637
659.472,-41.835,-87.862,→,0.0781,0.00390,1.95028
660.440,-41.849,-90.345,→,0.0284,0.00000,1.95028
661.306,-41.854,-84.323,→,0.1000,0.00744,1.95772
662.186,-41.858,-88.280,←,0.0697,0.00349,1.95424
663.064,-41.866,-84.846,←,0.1000,0.00692,1.94732
663.938,-41.861,-86.101,←,0.1000,0.00566,1.94165
664.815,-41.833,-88.346,←,0.0684,0.00342,1.93823
665.696,-41.843,-89.241,←,0.0505,0.00252,1.93571
666.581,-41.820,-98.987,←,0.0200,0.00000,1.93571
667.663,-41.804,-87.910,←,0.0771,0.00385,1.93185
668.532,-41.781,-86.643,→,0.1000,0.00512,1.93698
669.419,-41.767,-83.598,→,0.1000,0.00817,1.94514
670.605,-41.767,-98.700,→,0.0200,0.00000,1.94514
671.482,-41.764,-87.544,→,0.0844,0.00422,1.94937
672.357,-41.760,-85.639,→,0.1000,0.00613,1.95549
673.237,-41.764,-90.706,←,0.0212,0.00000,1.95549
674.122,-41.786,-92.279,→,0.0200,0.00000,1.95549
675.005,-41.799,-88.272,←,0.0699,0.00349,1.95200
675.967,-41.808,-95.517,←,0.0200,0.00000,1.95200
676.837,-41.826,-89.571,→,0.0439,0.00219,1.95419
677.718,-41.852,-92.626,→,0.0200,0.00000,1.95419
678.599,-41.863,-88.819,→,0.0589,0.00295,1.95714
679.468,-41.864,-87.387,←,0.0876,0.00438,1.95276
680.359,-41.879,-89.569,→,0.0439,0.00220,1.95496
681.230,-41.860,-86.500,←,0.1000,0.00526,1.94969
682.338,-41.852,-88.316,←,0.0690,0.00345,1.94624
683.406,-41.852,-85.220,←,0.1000,0.00655,1.93970
684.278,-41.846,-91.863,←,0.0200,0.00000,1.93970
685.174,-41.816,-84.264,→,0.1000,0.00750,1.94720
686.146,-41.812,-92.746,←,0.0200,0.00000,1.94720
687.033,-41.763,-87.791,←,0.0795,0.00397,1.94322
687.993,-41.750,-94.401,←,0.0200,0.00000,1.94322
688.887,-41.747,-86.012,→,0.1000,0.00575,1.94898
689.762,-41.750,-89.884,←,0.0376,0.00000,1.94898
690.845,-41.787,-85.222,→,0.1000,0.00654,1.95552
691.717,-41.780,-89.950,←,0.0363,0.00000,1.95552
692.593,-41.795,-87.876,→,0.0778,0.00389,1.95941
693.468,-41.811,-93.974,→,0.0200,0.00000,1.95941
694.366,-41.823,-88.667,→,0.0620,0.00310,1.96251
695.334,-41.827,-87.460,→,0.0861,0.00431,1.96681
696.218,-41.852,-86.750,←,0.1000,0.00502,1.96180
697.288,-41.849,-91.141,→,0.0200,0.00000,1.96180
698.169,-41.868,-86.680,→,0.1000,0.00509,1.96688
699.044,-41.889,-91.732,→,0.0200,0.00000,1.96688
699.935,-41.902,-88.092,←,0.0735,0.00367,1.96321
701.044,-41.872,-95.907,←,0.0200,0.00000,1.96321
702.008,-41.865,-97.049,←,0.0200,0.00000,1.96321
702.891,-41.827,-84.055,←,0.1000,0.00771,1.95550
703.874,-41.812,-83.584,→,0.1000,0.00818,1.96368
704.966,-41.786,-83.917,←,0.1000,0.00785,1.95583
705.866,-41.772,-87.163,←,0.0920,0.00460,1.95123
706.817,-41.749,-85.389,←,0.1000,0.00638,1.94486
707.704,-41.756,-89.057,→,0.0542,0.00271,1.94756
708.685,-41.755,-93.744,→,0.0200,0.00000,1.94756
709.762,-41.769,-86.020,→,0.1000,0.00575,1.95331
710.669,-41.777,-90.872,←,0.0200,0.00000,1.95331
711.622,-41.788,-91.685,→,0.0200,0.00000,1.95331
712.496,-41.794,-89.783,→,0.0397,0.00000,1.95331
713.373,-41.828,-89.589,←,0.0435,0.00218,1.95113
714.247,-41.832,-86.088,→,0.1000,0.00568,1.95681
715.123,-41.851,-86.704,→,0.1000,0.00506,1.96187
715.996,-41.870,-89.461,→,0.0461,0.00230,1.96418
716.880,-41.882,-91.287,←,0.0200,0.00000,1.96418
717.776,-41.876,-89.179,←,0.0517,0.00259,1.96159
718.846,-41.867,-91.606,→,0.0200,0.00000,1.96159
719.732,-41.865,-93.699,←,0.0200,0.00000,1.96159
720.612,-41.869,-83.980,←,0.1000,0.00779,1.95380
721.581,-41.824,-82.434,→,0.1000,0.00933,1.96314
722.490,-41.818,-83.188,←,0.1000,0.00858,1.95456
723.423,-41.793,-83.983,←,0.1000,0.00778,1.94678
724.314,-41.778,-85.575,→,0.1000,0.00619,1.95297
725.175,-41.775,-89.692,←,0.0415,0.00207,1.95089
726.063,-41.765,-89.540,←,0.0445,0.00223,1.94867
726.940,-41.767,-96.399,←,0.0200,0.00000,1.94867
727.824,-41.762,-89.449,→,0.0463,0.00232,1.95098
728.931,-41.786,-98.242,←,0.0200,0.00000,1.95098
729.890,-41.799,-93.599,←,0.0200,0.00000,1.95098
730.798,-41.791,-89.224,←,0.0508,0.00254,1.94844
731.756,-41.820,-100.433,←,0.0200,0.00000,1.94844
732.653,-41.820,-90.357,←,0.0282,0.00000,1.94844
733.626,-41.849,-88.416,←,0.0670,0.00335,1.94509
734.706,-41.855,-92.642,←,0.0200,0.00000,1.94509
735.603,-41.856,-96.907,→,0.0200,0.00000,1.94509
736.553,-41.880,-88.123,←,0.0729,0.00364,1.94145
737.434,-41.868,-91.622,←,0.0200,0.00000,1.94145
738.307,-41.854,-83.786,→,0.1000,0.00798,1.94943
739.179,-41.836,-85.943,←,0.1000,0.00582,1.94361
740.064,-41.820,-82.857,←,0.1000,0.00891,1.93470
740.942,-41.822,-88.210,←,0.0711,0.00356,1.93114
741.823,-41.801,-82.842,←,0.1000,0.00892,1.92222
742.704,-41.779,-92.692,←,0.0200,0.00000,1.92222
743.674,-41.771,-84.630,←,0.1000,0.00714,1.91509
744.563,-41.756,-87.671,←,0.0819,0.00409,1.91099
745.540,-41.765,-86.224,←,0.1000,0.00554,1.90545
746.401,-41.758,-85.690,→,0.1000,0.00608,1.91152
747.282,-41.772,-94.307,←,0.0200,0.00000,1.91152
748.167,-41.784,-92.180,←,0.0200,0.00000,1.91152
749.049,-41.785,-90.540,→,0.0245,0.00000,1.91152
749.999,-41.825,-90.024,→,0.0348,0.00000,1.91152
750.882,-41.832,-93.638,←,0.0200,0.00000,1.91152
751.774,-41.836,-90.942,←,0.0200,0.00000,1.91152
752.646,-41.845,-93.027,←,0.0200,0.00000,1.91152
753.503,-41.860,-89.904,←,0.0372,0.00000,1.91152
754.404,-41.867,-93.143,←,0.0200,0.00000,1.91152
755.489,-41.871,-96.017,←,0.0200,0.00000,1.91152
756.403,-41.850,-93.468,←,0.0200,0.00000,1.91152
757.355,-41.853,-83.556,→,0.1000,0.00821,1.91973
758.427,-41.841,-85.631,←,0.1000,0.00613,1.91360
759.309,-41.815,-98.013,←,0.0200,0.00000,1.91360
760.186,-41.784,-96.414,←,0.0200,0.00000,1.91360
761.061,-41.759,-88.446,←,0.0664,0.00332,1.91028
761.946,-41.743,-88.279,→,0.0697,0.00349,1.91377
763.043,-41.739,-86.171,←,0.1000,0.00559,1.90817
763.933,-41.744,-85.360,→,0.1000,0.00641,1.91458
764.890,-41.753,-87.050,→,0.0943,0.00472,1.91929
765.769,-41.765,-91.322,→,0.0200,0.00000,1.91929
766.654,-41.770,-90.521,←,0.0249,0.00000,1.91929
767.518,-41.797,-91.725,←,0.0200,0.00000,1.91929
768.410,-41.805,-95.004,←,0.0200,0.00000,1.91929
769.408,-41.821,-91.436,←,0.0200,0.00000,1.91929
770.369,-41.834,-91.243,←,0.0200,0.00000,1.91929
771.244,-41.851,-87.760,→,0.0801,0.00401,1.92330
772.458,-41.863,-97.293,←,0.0200,0.00000,1.92330
773.456,-41.876,-86.353,←,0.1000,0.00541,1.91789
774.404,-41.866,-84.493,→,0.1000,0.00727,1.92516
775.293,-41.853,-91.032,→,0.0200,0.00000,1.92516
776.485,-41.855,-94.808,←,0.0200,0.00000,1.92516
777.353,-41.811,-101.090,←,0.0200,0.00000,1.92516
778.222,-41.801,-93.242,←,0.0200,0.00000,1.92516
779.111,-41.768,-84.841,←,0.1000,0.00692,1.91823
779.986,-41.765,-90.526,←,0.0248,0.00000,1.91823
780.859,-41.754,-85.954,←,0.1000,0.00581,1.91242
781.739,-41.747,-84.632,→,0.1000,0.00713,1.91956
782.602,-41.760,-102.082,←,0.0200,0.00000,1.91956
783.491,-41.762,-114.817,←,0.0200,0.00000,1.91956
784.364,-41.785,-91.059,←,0.0200,0.00000,1.91956
785.266,-41.809,-92.335,←,0.0200,0.00000,1.91956
786.235,-41.803,-92.643,←,0.0200,0.00000,1.91956
787.209,-41.828,-89.229,→,0.0507,0.00254,1.92209
788.093,-41.831,-92.003,←,0.0200,0.00000,1.92209
789.169,-41.846,-91.574,←,0.0200,0.00000,1.92209
790.048,-41.863,-87.055,→,0.0942,0.00471,1.92680
790.932,-41.856,-98.946,→,0.0200,0.00000,1.92680
791.800,-41.866,-89.322,←,0.0489,0.00244,1.92436
792.689,-41.878,-85.966,←,0.1000,0.00580,1.91856
793.664,-41.855,-87.395,→,0.0874,0.00437,1.92293
794.553,-41.856,-95.597,←,0.0200,0.00000,1.92293
795.518,-41.829,-98.492,←,0.0200,0.00000,1.92293
796.580,-41.799,-90.251,←,0.0303,0.00000,1.92293
797.473,-41.780,-85.660,→,0.1000,0.00610,1.92903
798.348,-41.778,-84.558,←,0.1000,0.00721,1.92183
799.243,-41.748,-91.967,←,0.0200,0.00000,1.92183
800.127,-41.739,-88.723,←,0.0609,0.00304,1.91878
801.088,-41.749,-84.377,→,0.1000,0.00739,1.92617
801.979,-41.746,-90.815,←,0.0200,0.00000,1.92617
802.878,-41.795,-95.531,←,0.0200,0.00000,1.92617
803.807,-41.792,-93.807,←,0.0200,0.00000,1.92617
804.718,-41.812,-89.166,→,0.0520,0.00260,1.92877
805.805,-41.813,-94.164,←,0.0200,0.00000,1.92877
806.671,-41.832,-95.169,←,0.0200,0.00000,1.92877
807.561,-41.843,-86.070,→,0.1000,0.00570,1.93447
808.634,-41.861,-87.074,→,0.0938,0.00469,1.93916
809.524,-41.850,-102.891,←,0.0200,0.00000,1.93916
810.717,-41.857,-87.421,←,0.0869,0.00434,1.93482
811.591,-41.853,-87.416,←,0.0870,0.00435,1.93047
812.480,-41.840,-83.861,→,0.1000,0.00790,1.93837
813.553,-41.835,-86.073,←,0.1000,0.00569,1.93268
814.428,-41.816,-92.890,←,0.0200,0.00000,1.93268
815.319,-41.784,-83.414,←,0.1000,0.00835,1.92433
816.208,-41.775,-88.334,→,0.0686,0.00343,1.92776
817.298,-41.762,-86.482,←,0.1000,0.00528,1.92247
818.373,-41.740,-84.332,→,0.1000,0.00743,1.92991
819.268,-41.744,-94.640,←,0.0200,0.00000,1.92991
820.336,-41.775,-85.945,→,0.1000,0.00582,1.93573
821.230,-41.771,-94.660,←,0.0200,0.00000,1.93573
822.115,-41.778,-95.491,←,0.0200,0.00000,1.93573
823.181,-41.816,-88.962,→,0.0561,0.00280,1.93853
824.084,-41.822,-88.125,→,0.0728,0.00364,1.94217
825.057,-41.834,-97.179,←,0.0200,0.00000,1.94217
825.947,-41.841,-86.410,←,0.1000,0.00536,1.93682
826.895,-41.867,-88.569,→,0.0639,0.00320,1.94001
827.780,-41.853,-87.408,→,0.0871,0.00436,1.94437
828.654,-41.852,-91.579,→,0.0200,0.00000,1.94437
829.536,-41.858,-92.897,→,0.0200,0.00000,1.94437
830.413,-41.855,-90.020,←,0.0349,0.00000,1.94437
831.291,-41.859,-86.647,←,0.1000,0.00512,1.93925
832.168,-41.831,-83.618,→,0.1000,0.00815,1.94740
833.250,-41.808,-85.361,←,0.1000,0.00640,1.94100
834.119,-41.801,-90.676,←,0.0218,0.00000,1.94100
835.007,-41.785,-89.105,←,0.0532,0.00266,1.93834
835.899,-41.760,-83.580,←,0.1000,0.00819,1.93015
836.839,-41.758,-92.053,←,0.0200,0.00000,1.93015
837.740,-41.758,-85.516,→,0.1000,0.00625,1.93640
838.638,-41.746,-86.036,→,0.1000,0.00573,1.94213
839.602,-41.759,-95.200,←,0.0200,0.00000,1.94213
840.689,-41.789,-90.955,→,0.0200,0.00000,1.94213
841.583,-41.800,-87.300,←,0.0893,0.00447,1.93766
842.551,-41.811,-97.402,←,0.0200,0.00000,1.93766
843.434,-41.825,-86.643,←,0.1000,0.00512,1.93254
844.303,-41.829,-90.357,→,0.0282,0.00000,1.93254
845.175,-41.842,-89.994,→,0.0354,0.00000,1.93254
846.059,-41.846,-87.103,→,0.0932,0.00466,1.93720
847.247,-41.868,-94.274,←,0.0200,0.00000,1.93720
848.145,-41.858,-85.232,←,0.1000,0.00653,1.93067
849.206,-41.844,-84.775,→,0.1000,0.00699,1.93766
850.098,-41.845,-83.772,→,0.1000,0.00799,1.94566
851.173,-41.831,-89.788,←,0.0396,0.00000,1.94566
852.064,-41.796,-81.596,←,0.1000,0.01017,1.93549
852.955,-41.775,-86.798,←,0.0993,0.00497,1.93052
854.032,-41.758,-86.989,←,0.0955,0.00478,1.92574
854.905,-41.764,-87.037,←,0.0946,0.00473,1.92101
855.767,-41.745,-83.429,→,0.1000,0.00834,1.92935
856.646,-41.772,-93.358,←,0.0200,0.00000,1.92935
857.553,-41.762,-86.794,→,0.0994,0.00497,1.93432
858.510,-41.788,-94.050,←,0.0200,0.00000,1.93432
859.394,-41.775,-93.546,←,0.0200,0.00000,1.93432
860.267,-41.795,-90.171,→,0.0319,0.00000,1.93432
861.146,-41.808,-88.311,→,0.0691,0.00345,1.93778
862.026,-41.827,-94.462,→,0.0200,0.00000,1.93778
862.892,-41.837,-88.133,→,0.0726,0.00363,1.94141
863.789,-41.837,-91.953,→,0.0200,0.00000,1.94141
864.848,-41.845,-86.747,→,0.1000,0.00502,1.94643
865.747,-41.876,-88.257,←,0.0702,0.00351,1.94292
866.822,-41.866,-88.796,→,0.0594,0.00297,1.94589
867.699,-41.859,-90.319,←,0.0289,0.00000,1.94589
868.564,-41.841,-83.462,←,0.1000,0.00830,1.93759
869.449,-41.806,-85.147,←,0.1000,0.00662,1.93097
870.346,-41.806,-90.227,←,0.0308,0.00000,1.93097
871.418,-41.782,-88.256,←,0.0702,0.00351,1.92746
872.310,-41.766,-85.272,←,0.1000,0.00649,1.92096
873.192,-41.753,-90.286,←,0.0296,0.00000,1.92096
874.158,-41.741,-84.366,→,0.1000,0.00740,1.92836
875.043,-41.755,-90.700,←,0.0213,0.00000,1.92836
875.928,-41.745,-92.495,←,0.0200,0.00000,1.92836
876.871,-41.767,-93.027,→,0.0200,0.00000,1.92836
877.767,-41.792,-91.080,←,0.0200,0.00000,1.92836
878.651,-41.797,-87.090,→,0.0935,0.00468,1.93304
879.617,-41.817,-104.607,←,0.0200,0.00000,1.93304
880.496,-41.831,-88.524,←,0.0648,0.00324,1.92980
881.368,-41.847,-90.892,→,0.0200,0.00000,1.92980
882.246,-41.862,-92.001,←,0.0200,0.00000,1.92980
883.125,-41.862,-86.006,←,0.1000,0.00576,1.92404
884.011,-41.893,-87.725,←,0.0808,0.00404,1.92000
884.982,-41.893,-88.200,←,0.0713,0.00357,1.91643
885.883,-41.866,-86.565,←,0.1000,0.00520,1.91123
886.840,-41.852,-89.437,←,0.0466,0.00233,1.90890
887.721,-41.819,-90.529,→,0.0247,0.00000,1.90890
888.607,-41.798,-85.270,←,0.1000,0.00650,1.90241
889.684,-41.789,-87.717,←,0.0810,0.00405,1.89836
890.574,-41.775,-84.506,→,0.1000,0.00726,1.90562
891.447,-41.761,-84.972,←,0.1000,0.00679,1.89882
892.328,-41.749,-83.920,→,0.1000,0.00785,1.90667
893.297,-41.762,-92.477,←,0.0200,0.00000,1.90667
894.192,-41.768,-88.396,→,0.0674,0.00337,1.91004
895.274,-41.780,-90.442,←,0.0265,0.00000,1.91004
896.161,-41.789,-92.050,←,0.0200,0.00000,1.91004
897.230,-41.814,-93.785,←,0.0200,0.00000,1.91004
898.093,-41.818,-91.163,→,0.0200,0.00000,1.91004
898.996,-41.825,-93.652,←,0.0200,0.00000,1.91004
900.190,-41.845,-88.394,→,0.0674,0.00337,1.91341
901.265,-41.857,-86.748,→,0.1000,0.00502,1.91843
902.163,-41.873,-86.957,←,0.0962,0.00481,1.91362
903.043,-41.880,-102.535,←,0.0200,0.00000,1.91362
904.120,-41.869,-86.831,←,0.0987,0.00493,1.90868
905.021,-41.860,-84.693,→,0.1000,0.00707,1.91576
905.985,-41.829,-83.385,←,0.1000,0.00838,1.90738
906.880,-41.830,-86.228,→,0.1000,0.00554,1.91291
907.843,-41.799,-93.235,←,0.0200,0.00000,1.91291
908.722,-41.788,-84.458,←,0.1000,0.00731,1.90561
909.657,-41.768,-88.634,←,0.0626,0.00313,1.90248
910.538,-41.767,-94.765,←,0.0200,0.00000,1.90248
911.506,-41.765,-91.052,→,0.0200,0.00000,1.90248
912.381,-41.754,-90.952,→,0.0200,0.00000,1.90248
913.268,-41.770,-101.361,←,0.0200,0.00000,1.90248
914.147,-41.781,-88.827,→,0.0588,0.00294,1.90541
915.228,-41.799,-90.871,←,0.0200,0.00000,1.90541
916.112,-41.816,-94.467,←,0.0200,0.00000,1.90541
917.197,-41.836,-94.711,←,0.0200,0.00000,1.90541
918.080,-41.840,-89.432,←,0.0467,0.00233,1.90308
918.950,-41.843,-87.062,→,0.0941,0.00470,1.90778
919.813,-41.842,-86.684,←,0.1000,0.00508,1.90270
920.696,-41.856,-95.325,←,0.0200,0.00000,1.90270
921.590,-41.877,-86.291,→,0.1000,0.00547,1.90818
922.668,-41.864,-88.185,→,0.0716,0.00358,1.91176
923.547,-41.867,-88.487,←,0.0656,0.00328,1.90848
924.408,-41.846,-93.149,←,0.0200,0.00000,1.90848
925.294,-41.817,-85.612,→,0.1000,0.00615,1.91463
926.198,-41.788,-87.374,←,0.0878,0.00439,1.91024
927.147,-41.759,-86.821,←,0.0989,0.00494,1.90530
928.037,-41.756,-94.781,←,0.0200,0.00000,1.90530
929.220,-41.739,-86.179,→,0.1000,0.00559,1.91088
930.104,-41.743,-85.853,→,0.1000,0.00591,1.91680
930.991,-41.762,-84.192,→,0.1000,0.00757,1.92437
931.951,-41.759,-88.473,→,0.0658,0.00329,1.92766
932.834,-41.790,-91.726,←,0.0200,0.00000,1.92766
933.728,-41.797,-89.415,→,0.0470,0.00235,1.93001
934.697,-41.821,-90.792,→,0.0200,0.00000,1.93001
935.598,-41.835,-91.006,←,0.0200,0.00000,1.93001
936.573,-41.835,-89.368,→,0.0480,0.00240,1.93241
937.649,-41.861,-94.802,←,0.0200,0.00000,1.93241
938.506,-41.865,-92.874,←,0.0200,0.00000,1.93241
939.411,-41.857,-88.894,←,0.0574,0.00287,1.92954
940.649,-41.871,-85.697,←,0.1000,0.00607,1.92347
941.579,-41.865,-91.542,←,0.0200,0.00000,1.92347
942.474,-41.850,-86.561,→,0.1000,0.00520,1.92867
943.369,-41.826,-85.664,←,0.1000,0.00610,1.92257
944.326,-41.818,-91.416,→,0.0200,0.00000,1.92257
945.192,-41.785,-85.607,←,0.1000,0.00616,1.91641
946.078,-41.764,-92.919,←,0.0200,0.00000,1.91641
947.273,-41.761,-84.912,→,0.1000,0.00685,1.92327
948.156,-41.760,-88.915,←,0.0570,0.00285,1.92042
949.042,-41.748,-97.073,←,0.0200,0.00000,1.92042
950.109,-41.761,-96.855,←,0.0200,0.00000,1.92042
950.982,-41.794,-88.891,→,0.0575,0.00287,1.92329
951.856,-41.808,-91.996,→,0.0200,0.00000,1.92329
952.739,-41.829,-88.437,←,0.0666,0.00333,1.91996
953.633,-41.823,-93.920,←,0.0200,0.00000,1.91996
954.593,-41.845,-88.195,→,0.0714,0.00357,1.92353
955.470,-41.855,-88.147,←,0.0724,0.00362,1.91991
956.366,-41.872,-90.498,→,0.0253,0.00000,1.91991
957.332,-41.880,-88.494,→,0.0654,0.00327,1.92318
958.201,-41.896,-87.921,→,0.0769,0.00384,1.92703
959.096,-41.864,-87.600,←,0.0833,0.00417,1.92286
959.994,-41.845,-83.719,←,0.1000,0.00805,1.91482
960.938,-41.828,-83.402,←,0.1000,0.00836,1.90645
961.825,-41.810,-90.051,←,0.0343,0.00000,1.90645
962.714,-41.805,-90.159,→,0.0321,0.00000,1.90645
963.679,-41.782,-88.638,←,0.0626,0.00313,1.90333
964.559,-41.775,-84.226,→,0.1000,0.00754,1.91087
965.455,-41.768,-84.759,→,0.1000,0.00701,1.91787
966.512,-41.757,-95.540,←,0.0200,0.00000,1.91787
967.395,-41.780,-88.693,←,0.0614,0.00307,1.91480
968.297,-41.772,-87.720,→,0.0809,0.00405,1.91885
969.261,-41.794,-90.324,←,0.0288,0.00000,1.91885
970.162,-41.806,-89.553,→,0.0442,0.00221,1.92106
971.109,-41.810,-87.664,←,0.0820,0.00410,1.91696
971.981,-41.816,-91.547,←,0.0200,0.00000,1.91696
972.872,-41.838,-90.298,→,0.0294,0.00000,1.91696
973.759,-41.845,-94.423,←,0.0200,0.00000,1.91696
974.855,-41.866,-92.384,←,0.0200,0.00000,1.91696
975.818,-41.877,-97.582,→,0.0200,0.00000,1.91696
976.706,-41.858,-85.747,←,0.1000,0.00602,1.91094
977.804,-41.863,-89.883,→,0.0376,0.00000,1.91094
978.870,-41.856,-84.869,←,0.1000,0.00690,1.90404
979.759,-41.838,-85.940,←,0.1000,0.00583,1.89822
980.633,-41.827,-84.616,←,0.1000,0.00715,1.89107
981.520,-41.790,-86.456,←,0.1000,0.00531,1.88576
982.620,-41.759,-93.738,←,0.0200,0.00000,1.88576
983.565,-41.750,-85.250,←,0.1000,0.00652,1.87924
984.450,-41.747,-85.680,→,0.1000,0.00609,1.88533
985.329,-41.751,-87.173,←,0.0918,0.00459,1.88074
986.222,-41.755,-85.610,→,0.1000,0.00616,1.88689
987.091,-41.770,-89.845,→,0.0384,0.00000,1.88689
987.980,-41.780,-92.976,→,0.0200,0.00000,1.88689
989.050,-41.794,-92.791,←,0.0200,0.00000,1.88689
989.923,-41.812,-90.798,→,0.0200,0.00000,1.88689
990.808,-41.842,-89.758,←,0.0401,0.00201,1.88488
991.678,-41.845,-90.715,→,0.0210,0.00000,1.88488
992.570,-41.855,-86.665,→,0.1000,0.00510,1.88998
993.645,-41.858,-85.822,→,0.1000,0.00594,1.89593
994.535,-41.874,-93.660,←,0.0200,0.00000,1.89593
995.609,-41.863,-92.124,→,0.0200,0.00000,1.89593
996.509,-41.839,-87.852,→,0.0783,0.00391,1.89984
997.463,-41.831,-83.455,→,0.1000,0.00831,1.90815
998.332,-41.801,-84.521,←,0.1000,0.00724,1.90091
999.214,-41.798,-84.089,←,0.1000,0.00768,1.89323
1000.102,-41.768,-86.743,←,0.1000,0.00502,1.88821
1001.296,-41.757,-97.475,←,0.0200,0.00000,1.88821
1002.182,-41.750,-96.027,←,0.0200,0.00000,1.88821
1003.054,-41.744,-91.982,←,0.0200,0.00000,1.88821
1003.922,-41.757,-87.147,→,0.0924,0.00462,1.89283
1004.808,-41.764,-94.833,←,0.0200,0.00000,1.89283
1005.703,-41.758,-95.307,→,0.0200,0.00000,1.89283
1006.667,-41.797,-87.752,→,0.0803,0.00401,1.89684
1007.532,-41.805,-88.627,←,0.0628,0.00314,1.89370
1008.413,-41.829,-97.029,←,0.0200,0.00000,1.89370
1009.294,-41.834,-91.704,←,0.0200,0.00000,1.89370
1010.184,-41.846,-89.809,→,0.0391,0.00000,1.89370
1011.155,-41.871,-91.847,→,0.0200,0.00000,1.89370
1012.040,-41.881,-87.222,←,0.0909,0.00454,1.88916
1013.107,-41.887,-87.038,←,0.0945,0.00473,1.88443
1013.999,-41.872,-96.401,←,0.0200,0.00000,1.88443
1014.885,-41.857,-88.908,←,0.0571,0.00286,1.88157
1015.965,-41.834,-85.590,→,0.1000,0.00618,1.88775
1016.874,-41.809,-84.759,←,0.1000,0.00701,1.88074
1017.819,-41.788,-85.106,←,0.1000,0.00666,1.87408
1018.682,-41.774,-83.961,→,0.1000,0.00780,1.88189
1019.555,-41.752,-90.367,←,0.0280,0.00000,1.88189
1020.437,-41.756,-84.607,→,0.1000,0.00716,1.88905
1021.314,-41.751,-93.188,→,0.0200,0.00000,1.88905
1022.212,-41.767,-85.785,→,0.1000,0.00598,1.89503
1023.175,-41.773,-103.993,←,0.0200,0.00000,1.89503
1024.054,-41.776,-86.900,→,0.0973,0.00487,1.89989
1024.933,-41.789,-90.741,→,0.0205,0.00000,1.89989
1025.835,-41.789,-92.259,←,0.0200,0.00000,1.89989
1026.788,-41.814,-90.258,→,0.0302,0.00000,1.89989
1027.676,-41.839,-89.385,→,0.0476,0.00238,1.90227
1028.854,-41.849,-89.582,→,0.0437,0.00218,1.90446
1029.751,-41.872,-94.524,←,0.0200,0.00000,1.90446
1030.629,-41.873,-92.761,→,0.0200,0.00000,1.90446
1031.600,-41.873,-88.597,←,0.0634,0.00317,1.90129
1032.481,-41.855,-88.292,→,0.0695,0.00347,1.90476
1033.364,-41.861,-85.140,→,0.1000,0.00663,1.91139
1034.627,-41.852,-89.473,←,0.0458,0.00229,1.90910
1035.526,-41.824,-86.846,←,0.0984,0.00492,1.90418
1036.421,-41.819,-84.624,←,0.1000,0.00714,1.89703
1037.299,-41.795,-89.792,←,0.0395,0.00000,1.89703
1038.269,-41.786,-85.225,←,0.1000,0.00654,1.89049
1039.141,-41.765,-98.396,←,0.0200,0.00000,1.89049
1040.009,-41.762,-93.726,←,0.0200,0.00000,1.89049
1040.904,-41.767,-87.299,→,0.0893,0.00447,1.89496
1041.790,-41.773,-85.446,→,0.1000,0.00632,1.90128
1042.855,-41.775,-86.663,→,0.1000,0.00510,1.90638
1043.751,-41.798,-89.715,→,0.0410,0.00205,1.90843
1044.946,-41.799,-89.761,←,0.0401,0.00200,1.90643
1045.824,-41.814,-88.460,→,0.0661,0.00331,1.90973
1046.722,-41.844,-92.331,←,0.0200,0.00000,1.90973
1047.673,-41.862,-88.598,→,0.0633,0.00317,1.91290
1048.561,-41.868,-86.372,→,0.1000,0.00539,1.91829
1049.758,-41.880,-88.844,→,0.0584,0.00292,1.92122
1050.631,-41.861,-91.466,←,0.0200,0.00000,1.92122
1051.514,-41.861,-95.801,←,0.0200,0.00000,1.92122
1052.407,-41.843,-102.072,←,0.0200,0.00000,1.92122
1053.362,-41.824,-90.090,→,0.0335,0.00000,1.92122
1054.244,-41.819,-86.527,→,0.1000,0.00524,1.92645
1055.132,-41.777,-95.130,←,0.0200,0.00000,1.92645
1056.188,-41.766,-86.752,←,0.1000,0.00501,1.92144
1057.078,-41.749,-94.008,←,0.0200,0.00000,1.92144
1057.972,-41.767,-88.567,←,0.0640,0.00320,1.91824
1059.158,-41.754,-87.977,←,0.0758,0.00379,1.91445
1060.066,-41.766,-84.399,→,0.1000,0.00737,1.92182
1061.036,-41.777,-86.787,→,0.0996,0.00498,1.92680
1062.018,-41.794,-90.306,→,0.0292,0.00000,1.92680
1063.120,-41.789,-94.249,←,0.0200,0.00000,1.92680
1064.196,-41.841,-93.171,←,0.0200,0.00000,1.92680
1065.088,-41.848,-87.169,→,0.0919,0.00460,1.93139
1066.058,-41.870,-93.559,←,0.0200,0.00000,1.93139
1066.930,-41.879,-89.224,→,0.0508,0.00254,1.93394
1067.806,-41.884,-86.710,←,0.1000,0.00506,1.92888
1068.691,-41.870,-87.373,→,0.0878,0.00439,1.93327
1069.773,-41.863,-86.997,←,0.0954,0.00477,1.92850
1070.649,-41.854,-85.969,→,0.1000,0.00580,1.93430
1071.527,-41.842,-90.639,→,0.0225,0.00000,1.93430
1072.421,-41.814,-84.989,←,0.1000,0.00678,1.92752
1073.382,-41.798,-92.515,←,0.0200,0.00000,1.92752
1074.275,-41.778,-93.739,←,0.0200,0.00000,1.92752
1075.357,-41.772,-83.898,→,0.1000,0.00787,1.93539
1076.518,-41.764,-84.000,→,0.1000,0.00777,1.94316
1077.411,-41.772,-106.825,←,0.0200,0.00000,1.94316
1078.298,-41.768,-92.135,←,0.0200,0.00000,1.94316
1079.194,-41.779,-90.131,→,0.0327,0.00000,1.94316
1080.281,-41.784,-96.205,←,0.0200,0.00000,1.94316
1081.154,-41.808,-98.043,←,0.0200,0.00000,1.94316
1082.026,-41.845,-90.463,→,0.0261,0.00000,1.94316
1082.925,-41.852,-87.347,→,0.0884,0.00442,1.94758
1083.878,-41.852,-86.162,→,0.1000,0.00560,1.95318
1084.768,-41.865,-91.485,→,0.0200,0.00000,1.95318
1085.855,-41.873,-96.270,←,0.0200,0.00000,1.95318
1086.742,-41.883,-88.937,←,0.0566,0.00283,1.95035
1087.708,-41.880,-88.642,←,0.0625,0.00312,1.94723
1088.578,-41.878,-83.134,←,0.1000,0.00863,1.93860
1089.467,-41.855,-83.842,→,0.1000,0.00792,1.94652
1090.544,-41.835,-90.312,←,0.0291,0.00000,1.94652
1091.447,-41.816,-86.299,←,0.1000,0.00547,1.94105
1092.421,-41.775,-88.076,←,0.0738,0.00369,1.93736
1093.304,-41.771,-90.154,←,0.0322,0.00000,1.93736
1094.273,-41.756,-90.688,→,0.0215,0.00000,1.93736
1095.146,-41.744,-96.625,←,0.0200,0.00000,1.93736
1096.050,-41.758,-84.980,→,0.1000,0.00678,1.94415
1097.001,-41.774,-90.000,→,0.0353,0.00000,1.94415
1097.895,-41.785,-95.243,←,0.0200,0.00000,1.94415
1098.886,-41.792,-89.059,←,0.0541,0.00271,1.94144
1099.850,-41.814,-100.224,←,0.0200,0.00000,1.94144
1100.728,-41.829,-87.221,←,0.0909,0.00454,1.93690
1101.595,-41.828,-91.611,←,0.0200,0.00000,1.93690
1102.473,-41.868,-90.986,←,0.0200,0.00000,1.93690
1103.352,-41.868,-92.163,→,0.0200,0.00000,1.93690
1104.219,-41.864,-90.548,→,0.0244,0.00000,1.93690
1105.113,-41.893,-85.893,←,0.1000,0.00587,1.93103
1105.999,-41.874,-85.029,←,0.1000,0.00674,1.92429
1106.966,-41.862,-85.516,←,0.1000,0.00625,1.91804
1108.255,-41.851,-90.157,←,0.0322,0.00000,1.91804
1109.142,-41.822,-88.075,←,0.0738,0.00369,1.91435
1110.029,-41.787,-85.383,←,0.1000,0.00638,1.90797
1110.897,-41.769,-87.685,←,0.0816,0.00408,1.90389
1111.770,-41.763,-87.081,→,0.0937,0.00468,1.90857
1112.654,-41.769,-84.566,←,0.1000,0.00720,1.90137
1113.529,-41.751,-89.988,→,0.0355,0.00000,1.90137
1114.401,-41.777,-100.342,→,0.0200,0.00000,1.90137
1115.290,-41.776,-92.951,←,0.0200,0.00000,1.90137
1116.457,-41.794,-94.323,←,0.0200,0.00000,1.90137
1117.349,-41.811,-94.577,←,0.0200,0.00000,1.90137
1118.248,-41.817,-92.923,→,0.0200,0.00000,1.90137
1119.197,-41.825,-90.392,←,0.0275,0.00000,1.90137
1120.081,-41.856,-88.187,→,0.0716,0.00358,1.90495
1120.974,-41.868,-90.005,←,0.0352,0.00000,1.90495
1122.053,-41.855,-86.691,←,0.1000,0.00507,1.89987
1122.954,-41.890,-88.592,→,0.0635,0.00317,1.90305
1124.021,-41.872,-86.128,→,0.1000,0.00564,1.90869
1124.900,-41.871,-95.722,←,0.0200,0.00000,1.90869
1125.792,-41.856,-100.859,←,0.0200,0.00000,1.90869
1126.761,-41.820,-84.186,→,0.1000,0.00758,1.91627
1127.637,-41.816,-83.287,←,0.1000,0.00848,1.90779
1128.520,-41.814,-82.262,→,0.1000,0.00950,1.91729
1129.472,-41.772,-90.270,←,0.0299,0.00000,1.91729
1130.363,-41.753,-91.376,←,0.0200,0.00000,1.91729
1131.268,-41.760,-85.464,→,0.1000,0.00630,1.92359
1132.224,-41.748,-88.789,→,0.0595,0.00298,1.92657
1133.108,-41.769,-87.131,→,0.0927,0.00463,1.93120
1134.174,-41.800,-89.745,←,0.0404,0.00202,1.92918
1135.074,-41.800,-89.192,←,0.0515,0.00257,1.92661
1136.274,-41.810,-90.917,→,0.0200,0.00000,1.92661
1137.132,-41.834,-87.058,←,0.0942,0.00471,1.92190
1138.025,-41.833,-88.036,→,0.0746,0.00373,1.92563
1138.894,-41.854,-90.275,→,0.0298,0.00000,1.92563
1139.785,-41.865,-89.806,→,0.0392,0.00000,1.92563
1140.748,-41.869,-87.637,→,0.0826,0.00413,1.92976
1141.629,-41.883,-88.691,←,0.0615,0.00307,1.92668
1142.519,-41.874,-97.841,←,0.0200,0.00000,1.92668
1143.608,-41.864,-84.792,←,0.1000,0.00697,1.91971
1144.690,-41.849,-94.132,←,0.0200,0.00000,1.91971
1145.560,-41.829,-86.576,←,0.1000,0.00519,1.91452
1146.450,-41.801,-85.157,←,0.1000,0.00661,1.90791
1147.319,-41.762,-89.295,→,0.0494,0.00247,1.91038
1148.211,-41.762,-84.970,←,0.1000,0.00680,1.90359
1149.175,-41.769,-86.315,←,0.1000,0.00545,1.89814
1150.059,-41.754,-91.448,→,0.0200,0.00000,1.89814
1150.968,-41.772,-87.006,→,0.0952,0.00476,1.90290
1151.898,-41.769,-96.757,←,0.0200,0.00000,1.90290
1152.785,-41.777,-87.611,→,0.0831,0.00415,1.90705
1153.671,-41.795,-88.752,→,0.0603,0.00301,1.91007
1154.535,-41.787,-96.818,←,0.0200,0.00000,1.91007
1155.424,-41.816,-92.050,←,0.0200,0.00000,1.91007
1156.505,-41.840,-90.316,←,0.0290,0.00000,1.91007
1157.389,-41.850,-92.266,←,0.0200,0.00000,1.91007
1158.269,-41.870,-88.881,←,0.0577,0.00288,1.90718
1159.338,-41.877,-98.769,←,0.0200,0.00000,1.90718
1160.216,-41.877,-87.704,→,0.0812,0.00406,1.91124
1161.099,-41.861,-96.656,←,0.0200,0.00000,1.91124
1161.989,-41.871,-86.455,←,0.1000,0.00531,1.90593
1162.945,-41.843,-85.545,→,0.1000,0.00622,1.91215
1163.831,-41.822,-85.748,←,0.1000,0.00602,1.90613
1164.703,-41.784,-92.160,←,0.0200,0.00000,1.90613
1165.595,-41.771,-84.607,←,0.1000,0.00716,1.89898
1166.789,-41.755,-90.860,→,0.0200,0.00000,1.89898
1167.663,-41.746,-86.128,→,0.1000,0.00564,1.90461
1168.554,-41.742,-84.679,→,0.1000,0.00709,1.91170
1169.516,-41.749,-90.293,←,0.0294,0.00000,1.91170
1170.392,-41.763,-90.276,→,0.0298,0.00000,1.91170
1171.274,-41.792,-86.050,→,0.1000,0.00572,1.91742
1172.163,-41.795,-92.260,←,0.0200,0.00000,1.91742
1173.227,-41.806,-93.441,←,0.0200,0.00000,1.91742
1174.120,-41.816,-88.421,←,0.0669,0.00334,1.91407
1174.988,-41.831,-89.877,→,0.0378,0.00000,1.91407
1175.886,-41.848,-99.227,←,0.0200,0.00000,1.91407
1176.945,-41.852,-89.518,→,0.0449,0.00225,1.91632
1177.832,-41.856,-88.562,←,0.0641,0.00320,1.91311
1178.713,-41.877,-101.736,←,0.0200,0.00000,1.91311
1179.573,-41.863,-86.030,→,0.1000,0.00574,1.91885
1180.459,-41.840,-84.596,→,0.1000,0.00717,1.92602
1181.350,-41.843,-97.799,←,0.0200,0.00000,1.92602
1182.301,-41.811,-90.777,←,0.0200,0.00000,1.92602
1183.188,-41.804,-90.967,←,0.0200,0.00000,1.92602
1184.063,-41.778,-85.339,←,0.1000,0.00643,1.91959
1184.942,-41.769,-84.266,←,0.1000,0.00750,1.91209
1185.829,-41.750,-87.904,→,0.0772,0.00386,1.91596
1186.895,-41.740,-85.427,→,0.1000,0.00634,1.92229
1187.790,-41.745,-84.550,→,0.1000,0.00722,1.92951
1188.674,-41.776,-88.023,→,0.0749,0.00374,1.93325
1189.645,-41.799,-89.210,←,0.0511,0.00255,1.93070
1190.530,-41.794,-89.592,←,0.0435,0.00217,1.92852
1191.626,-41.831,-92.528,←,0.0200,0.00000,1.92852
1192.708,-41.830,-99.987,←,0.0200,0.00000,1.92852
1193.584,-41.851,-91.627,←,0.0200,0.00000,1.92852
1194.469,-41.853,-89.712,→,0.0411,0.00205,1.93058
1195.365,-41.865,-89.802,→,0.0393,0.00000,1.93058
1196.304,-41.865,-89.399,←,0.0473,0.00237,1.92821
1197.182,-41.871,-84.629,→,0.1000,0.00714,1.93535
1198.070,-41.854,-94.536,←,0.0200,0.00000,1.93535
1198.958,-41.869,-87.269,←,0.0899,0.00450,1.93085
1200.116,-41.830,-88.088,←,0.0735,0.00368,1.92717
1200.992,-41.805,-83.816,←,0.1000,0.00795,1.91922
1201.894,-41.780,-89.879,←,0.0377,0.00000,1.91922
1202.785,-41.763,-83.446,←,0.1000,0.00832,1.91091
1203.857,-41.779,-91.570,→,0.0200,0.00000,1.91091
1204.745,-41.764,-83.508,→,0.1000,0.00826,1.91916
1205.620,-41.758,-97.756,←,0.0200,0.00000,1.91916
1206.507,-41.770,-90.504,→,0.0252,0.00000,1.91916
1207.477,-41.759,-93.419,←,0.0200,0.00000,1.91916
1208.343,-41.792,-92.852,←,0.0200,0.00000,1.91916
1209.249,-41.818,-92.740,←,0.0200,0.00000,1.91916
1210.319,-41.819,-96.480,→,0.0200,0.00000,1.91916
1211.203,-41.841,-87.101,←,0.0933,0.00466,1.91450
1212.071,-41.855,-92.451,→,0.0200,0.00000,1.91450
1212.960,-41.862,-87.187,→,0.0916,0.00458,1.91908
1214.041,-41.867,-87.314,→,0.0890,0.00445,1.92353
1214.935,-41.874,-88.352,←,0.0683,0.00341,1.92012
1215.889,-41.861,-94.752,→,0.0200,0.00000,1.92012
1216.782,-41.859,-84.164,→,0.1000,0.00760,1.92772
1217.653,-41.855,-85.459,←,0.1000,0.00631,1.92141
1218.528,-41.828,-82.450,→,0.1000,0.00932,1.93073
1219.409,-41.815,-84.300,←,0.1000,0.00747,1.92326
1220.485,-41.790,-81.346,→,0.1000,0.01042,1.93368
1221.370,-41.780,-84.476,←,0.1000,0.00729,1.92639
1222.232,-41.757,-88.385,→,0.0676,0.00338,1.92977
1223.108,-41.754,-83.515,←,0.1000,0.00825,1.92152
1223.986,-41.754,-86.286,←,0.1000,0.00548,1.91604
1224.868,-41.754,-90.433,→,0.0266,0.00000,1.91604
1225.752,-41.776,-88.435,→,0.0666,0.00333,1.91937
1226.720,-41.790,-92.306,←,0.0200,0.00000,1.91937
1227.608,-41.800,-92.337,←,0.0200,0.00000,1.91937
1228.483,-41.831,-91.673,←,0.0200,0.00000,1.91937
1229.374,-41.836,-89.094,←,0.0534,0.00267,1.91670
1230.429,-41.847,-87.037,←,0.0946,0.00473,1.91197
1231.304,-41.864,-90.445,→,0.0264,0.00000,1.91197
1232.191,-41.878,-89.966,→,0.0360,0.00000,1.91197
1233.102,-41.870,-90.366,→,0.0280,0.00000,1.91197
1234.048,-41.876,-105.417,←,0.0200,0.00000,1.91197
1234.925,-41.872,-85.259,←,0.1000,0.00651,1.90546
1235.795,-41.853,-86.677,←,0.1000,0.00509,1.90037
1236.674,-41.843,-84.807,→,0.1000,0.00696,1.90733
1237.545,-41.816,-85.492,←,0.1000,0.00627,1.90106
1238.446,-41.792,-81.633,→,0.1000,0.01013,1.91119
1239.402,-41.759,-89.120,←,0.0529,0.00265,1.90855
1240.312,-41.760,-82.396,←,0.1000,0.00937,1.89918
1241.372,-41.758,-97.903,→,0.0200,0.00000,1.89918
1242.268,-41.755,-86.613,→,0.1000,0.00515,1.90433
1243.337,-41.776,-90.546,←,0.0244,0.00000,1.90433
1244.225,-41.758,-92.288,←,0.0200,0.00000,1.90433
1245.110,-41.782,-91.408,→,0.0200,0.00000,1.90433
1246.392,-41.780,-88.195,←,0.0714,0.00357,1.90076
1247.288,-41.826,-96.326,←,0.0200,0.00000,1.90076
1248.150,-41.845,-93.650,→,0.0200,0.00000,1.90076
1249.033,-41.859,-90.979,←,0.0200,0.00000,1.90076
1249.916,-41.864,-87.946,→,0.0764,0.00382,1.90458
1250.808,-41.877,-91.248,←,0.0200,0.00000,1.90458
1251.771,-41.877,-86.445,←,0.1000,0.00532,1.89926
1252.647,-41.842,-88.261,←,0.0701,0.00350,1.89575
1253.518,-41.853,-88.194,→,0.0714,0.00357,1.89932
1254.391,-41.849,-91.036,←,0.0200,0.00000,1.89932
1255.274,-41.841,-93.149,←,0.0200,0.00000,1.89932
1256.150,-41.813,-83.614,←,0.1000,0.00815,1.89117
1257.052,-41.793,-84.100,←,0.1000,0.00767,1.88351
1258.006,-41.759,-90.445,→,0.0264,0.00000,1.88351
1258.869,-41.769,-86.962,→,0.0961,0.00480,1.88831
1259.759,-41.749,-87.948,→,0.0763,0.00382,1.89213
1260.841,-41.755,-92.667,←,0.0200,0.00000,1.89213
1261.739,-41.751,-90.930,←,0.0200,0.00000,1.89213
1262.699,-41.764,-92.805,←,0.0200,0.00000,1.89213
1263.572,-41.774,-90.356,←,0.0282,0.00000,1.89213
1264.458,-41.777,-89.059,→,0.0541,0.00271,1.89483
1265.357,-41.812,-88.515,→,0.0650,0.00325,1.89809
1266.441,-41.829,-89.016,←,0.0550,0.00275,1.89534
1267.421,-41.870,-87.885,→,0.0776,0.00388,1.89922
1268.308,-41.868,-92.109,←,0.0200,0.00000,1.89922
1269.281,-41.863,-88.823,→,0.0589,0.00294,1.90216
1270.138,-41.879,-83.098,→,0.1000,0.00867,1.91083
1271.024,-41.872,-92.175,←,0.0200,0.00000,1.91083
1271.895,-41.860,-89.612,←,0.0431,0.00215,1.90867
1272.780,-41.857,-97.207,←,0.0200,0.00000,1.90867
1273.841,-41.831,-90.615,←,0.0230,0.00000,1.90867
1274.731,-41.808,-87.545,←,0.0844,0.00422,1.90445
1275.602,-41.785,-96.525,←,0.0200,0.00000,1.90445
1276.494,-41.751,-84.358,→,0.1000,0.00741,1.91186
1277.357,-41.745,-93.206,←,0.0200,0.00000,1.91186
1278.231,-41.747,-86.904,→,0.0972,0.00486,1.91672
1279.106,-41.737,-86.054,→,0.1000,0.00571,1.92243
1279.976,-41.748,-91.738,→,0.0200,0.00000,1.92243
1280.864,-41.778,-94.029,←,0.0200,0.00000,1.92243
1281.752,-41.786,-89.308,→,0.0491,0.00246,1.92489
1282.808,-41.799,-90.052,→,0.0343,0.00000,1.92489
1283.697,-41.831,-96.661,←,0.0200,0.00000,1.92489
1284.602,-41.847,-88.546,→,0.0644,0.00322,1.92811
1285.677,-41.857,-91.218,←,0.0200,0.00000,1.92811
1286.581,-41.875,-95.612,→,0.0200,0.00000,1.92811
1287.532,-41.873,-89.228,←,0.0507,0.00254,1.92557
1288.409,-41.870,-89.945,←,0.0364,0.00000,1.92557
1289.283,-41.859,-86.939,←,0.0965,0.00483,1.92074
1290.155,-41.848,-90.805,←,0.0200,0.00000,1.92074
1291.029,-41.827,-90.579,←,0.0237,0.00000,1.92074
1291.912,-41.812,-84.922,←,0.1000,0.00684,1.91390
1292.784,-41.794,-85.417,→,0.1000,0.00635,1.92025
1293.671,-41.763,-84.907,←,0.1000,0.00686,1.91339
1294.532,-41.750,-83.394,←,0.1000,0.00837,1.90502
1295.421,-41.748,-90.401,←,0.0273,0.00000,1.90502
1296.495,-41.756,-91.013,←,0.0200,0.00000,1.90502
1297.374,-41.765,-92.527,←,0.0200,0.00000,1.90502
1298.241,-41.769,-92.508,←,0.0200,0.00000,1.90502
1299.127,-41.790,-94.493,←,0.0200,0.00000,1.90502
1299.999,-41.791,-91.267,←,0.0200,0.00000,1.90502
1300.898,-41.808,-91.084,→,0.0200,0.00000,1.90502
1302.079,-41.825,-89.309,→,0.0491,0.00246,1.90748
1302.951,-41.828,-89.032,→,0.0547,0.00273,1.91021
1303.839,-41.851,-89.924,→,0.0368,0.00000,1.91021
1304.732,-41.858,-91.787,→,0.0200,0.00000,1.91021
1305.683,-41.861,-87.678,→,0.0817,0.00409,1.91430
1306.571,-41.869,-87.569,→,0.0839,0.00420,1.91849
1307.449,-41.868,-91.662,←,0.0200,0.00000,1.91849
1308.340,-41.838,-86.427,←,0.1000,0.00534,1.91316
1309.329,-41.831,-97.519,←,0.0200,0.00000,1.91316
1310.294,-41.806,-94.506,←,0.0200,0.00000,1.91316
1311.163,-41.804,-97.250,←,0.0200,0.00000,1.91316
1312.050,-41.772,-85.007,←,0.1000,0.00676,1.90640
1313.105,-41.757,-83.346,→,0.1000,0.00842,1.91482
1314.000,-41.740,-90.876,←,0.0200,0.00000,1.91482
1314.886,-41.758,-85.660,→,0.1000,0.00611,1.92092
1315.773,-41.780,-101.103,←,0.0200,0.00000,1.92092
1316.744,-41.767,-89.122,→,0.0529,0.00264,1.92356
1317.635,-41.806,-94.089,←,0.0200,0.00000,1.92356
1318.816,-41.795,-96.456,←,0.0200,0.00000,1.92356
1319.687,-41.806,-94.053,←,0.0200,0.00000,1.92356
1320.575,-41.836,-88.177,→,0.0718,0.00359,1.92715
1321.454,-41.838,-98.965,←,0.0200,0.00000,1.92715
1322.422,-41.860,-89.885,→,0.0376,0.00000,1.92715
1323.300,-41.865,-97.558,←,0.0200,0.00000,1.92715
1324.174,-41.878,-90.864,→,0.0200,0.00000,1.92715
1325.040,-41.890,-85.435,←,0.1000,0.00633,1.92082
1325.912,-41.857,-89.218,←,0.0510,0.00255,1.91827
1326.789,-41.853,-84.547,←,0.1000,0.00722,1.91106
1327.672,-41.837,-88.834,←,0.0586,0.00293,1.90813
1328.546,-41.804,-86.370,←,0.1000,0.00540,1.90273
1329.442,-41.801,-85.581,←,0.1000,0.00618,1.89654
1330.534,-41.759,-84.889,→,0.1000,0.00688,1.90342
1331.772,-41.765,-84.544,←,0.1000,0.00722,1.89620
1332.719,-41.753,-98.125,←,0.0200,0.00000,1.89620
1333.817,-41.759,-87.096,←,0.0934,0.00467,1.89153
1334.796,-41.774,-86.882,←,0.0977,0.00488,1.88665
1336.095,-41.776,-90.613,→,0.0230,0.00000,1.88665
1336.972,-41.813,-89.658,→,0.0422,0.00211,1.88875
1337.843,-41.808,-88.878,←,0.0577,0.00289,1.88587
1338.729,-41.830,-88.787,←,0.0596,0.00298,1.88289
1339.820,-41.849,-90.902,←,0.0200,0.00000,1.88289
1340.689,-41.860,-88.603,→,0.0632,0.00316,1.88605
1341.595,-41.860,-103.185,←,0.0200,0.00000,1.88605
1342.549,-41.870,-91.108,←,0.0200,0.00000,1.88605
1343.439,-41.866,-88.775,←,0.0598,0.00299,1.88306
1344.409,-41.847,-89.426,←,0.0468,0.00234,1.88072
1345.281,-41.847,-90.749,→,0.0203,0.00000,1.88072
1346.159,-41.820,-92.421,←,0.0200,0.00000,1.88072
1347.052,-41.813,-88.825,→,0.0588,0.00294,1.88366
1348.026,-41.779,-83.324,→,0.1000,0.00844,1.89210
1348.898,-41.755,-84.922,←,0.1000,0.00684,1.88526
1349.774,-41.768,-86.963,←,0.0960,0.00480,1.88046
1350.663,-41.748,-81.370,→,0.1000,0.01040,1.89085
1351.630,-41.750,-85.674,←,0.1000,0.00609,1.88476
1352.523,-41.757,-85.238,→,0.1000,0.00653,1.89129
1353.495,-41.736,-97.542,←,0.0200,0.00000,1.89129
1354.390,-41.771,-90.085,←,0.0336,0.00000,1.89129
1355.481,-41.805,-89.068,→,0.0540,0.00270,1.89398
1356.442,-41.821,-95.596,←,0.0200,0.00000,1.89398
1357.315,-41.831,-88.455,←,0.0662,0.00331,1.89067
1358.231,-41.849,-87.288,→,0.0896,0.00448,1.89515
1359.185,-41.840,-93.991,→,0.0200,0.00000,1.89515
1360.171,-41.862,-89.171,→,0.0519,0.00259,1.89775
1361.062,-41.870,-91.379,→,0.0200,0.00000,1.89775
1362.015,-41.870,-87.131,←,0.0927,0.00463,1.89311
1362.913,-41.847,-84.914,←,0.1000,0.00685,1.88626
1363.890,-41.841,-83.161,←,0.1000,0.00860,1.87766
1364.764,-41.809,-83.510,←,0.1000,0.00826,1.86940
1365.854,-41.793,-84.938,←,0.1000,0.00683,1.86257
1366.916,-41.773,-85.496,←,0.1000,0.00627,1.85630
1367.818,-41.761,-84.398,←,0.1000,0.00737,1.84894
1368.694,-41.747,-91.386,←,0.0200,0.00000,1.84894
1369.801,-41.733,-85.640,→,0.1000,0.00613,1.85506
1370.871,-41.743,-89.769,→,0.0399,0.00000,1.85506
1371.763,-41.763,-95.476,←,0.0200,0.00000,1.85506
1372.634,-41.790,-95.893,←,0.0200,0.00000,1.85506
1373.531,-41.783,-91.582,→,0.0200,0.00000,1.85506
1374.484,-41.806,-90.180,←,0.0317,0.00000,1.85506
1375.370,-41.801,-91.689,←,0.0200,0.00000,1.85506
1376.258,-41.821,-96.403,←,0.0200,0.00000,1.85506
1377.338,-41.851,-87.648,→,0.0823,0.00412,1.85918
1378.228,-41.848,-97.987,←,0.0200,0.00000,1.85918
1379.299,-41.865,-89.172,←,0.0519,0.00259,1.85659
1380.200,-41.859,-83.385,→,0.1000,0.00838,1.86497
1381.155,-41.853,-84.288,→,0.1000,0.00748,1.87244
1382.062,-41.835,-84.350,→,0.1000,0.00742,1.87986
1383.120,-41.814,-85.045,←,0.1000,0.00672,1.87314
1384.008,-41.787,-87.036,←,0.0946,0.00473,1.86841
1384.884,-41.777,-98.845,←,0.0200,0.00000,1.86841
1385.750,-41.766,-89.395,→,0.0474,0.00237,1.87078
1386.652,-41.756,-85.022,→,0.1000,0.00674,1.87752
1387.717,-41.754,-91.614,→,0.0200,0.00000,1.87752
1388.591,-41.763,-92.733,←,0.0200,0.00000,1.87752
1389.486,-41.756,-88.895,→,0.0574,0.00287,1.88039
1390.566,-41.769,-89.887,←,0.0376,0.00000,1.88039
1391.470,-41.775,-90.377,→,0.0278,0.00000,1.88039
1392.416,-41.803,-89.858,→,0.0382,0.00000,1.88039
1393.299,-41.836,-93.542,←,0.0200,0.00000,1.88039
1394.180,-41.821,-92.927,→,0.0200,0.00000,1.88039
1395.070,-41.823,-89.399,→,0.0473,0.00237,1.88276
1396.019,-41.853,-96.175,←,0.0200,0.00000,1.88276
1396.921,-41.858,-93.306,←,0.0200,0.00000,1.88276
1397.806,-41.878,-87.148,←,0.0923,0.00462,1.87814
1398.769,-41.863,-91.598,→,0.0200,0.00000,1.87814
1399.641,-41.846,-94.489,←,0.0200,0.00000,1.87814
1400.516,-41.846,-87.301,←,0.0893,0.00446,1.87368
1401.391,-41.806,-85.084,→,0.1000,0.00668,1.88036
1402.251,-41.794,-87.372,←,0.0879,0.00439,1.87597
1403.149,-41.767,-104.963,←,0.0200,0.00000,1.87597
1404.051,-41.751,-105.971,←,0.0200,0.00000,1.87597
1405.004,-41.761,-86.306,←,0.1000,0.00546,1.87051
1405.883,-41.737,-86.532,←,0.1000,0.00523,1.86527
1406.782,-41.751,-85.482,→,0.1000,0.00628,1.87156
1407.726,-41.754,-86.777,→,0.0998,0.00499,1.87655
1408.602,-41.763,-90.728,←,0.0208,0.00000,1.87655
1409.478,-41.780,-88.758,→,0.0601,0.00301,1.87955
1410.370,-41.782,-93.122,←,0.0200,0.00000,1.87955
1411.485,-41.812,-91.077,←,0.0200,0.00000,1.87955
1412.449,-41.841,-88.614,→,0.0630,0.00315,1.88271
1413.343,-41.841,-88.079,→,0.0737,0.00369,1.88639
1414.298,-41.858,-93.407,←,0.0200,0.00000,1.88639
1415.188,-41.864,-88.575,→,0.0638,0.00319,1.88958
1416.266,-41.881,-87.584,→,0.0836,0.00418,1.89377
1417.164,-41.878,-90.511,←,0.0251,0.00000,1.89377
1418.234,-41.875,-94.249,←,0.0200,0.00000,1.89377
1419.120,-41.829,-84.199,→,0.1000,0.00757,1.90133
1419.995,-41.811,-94.740,←,0.0200,0.00000,1.90133
1420.881,-41.806,-86.026,←,0.1000,0.00574,1.89559
1421.840,-41.778,-87.132,→,0.0927,0.00463,1.90022
1422.716,-41.755,-85.191,←,0.1000,0.00657,1.89365
1423.607,-41.758,-108.962,←,0.0200,0.00000,1.89365
1424.493,-41.738,-88.704,→,0.0612,0.00306,1.89671
1425.447,-41.757,-87.727,→,0.0808,0.00404,1.90075
1426.304,-41.777,-88.906,→,0.0572,0.00286,1.90361
1427.201,-41.767,-87.715,→,0.0810,0.00405,1.90766
1428.082,-41.783,-92.485,→,0.0200,0.00000,1.90766
1428.963,-41.792,-90.447,←,0.0264,0.00000,1.90766
1429.852,-41.818,-89.154,←,0.0522,0.00261,1.90505
1430.913,-41.847,-90.321,←,0.0289,0.00000,1.90505
1431.790,-41.873,-91.053,←,0.0200,0.00000,1.90505
1432.661,-41.874,-86.249,→,0.1000,0.00552,1.91057
1433.554,-41.866,-89.194,←,0.0514,0.00257,1.90799
1434.714,-41.862,-87.884,←,0.0776,0.00388,1.90411
1435.628,-41.850,-86.775,←,0.0998,0.00499,1.89912
1436.525,-41.847,-84.304,←,0.1000,0.00746,1.89166
1437.499,-41.826,-85.310,→,0.1000,0.00646,1.89812
1438.389,-41.800,-86.146,←,0.1000,0.00562,1.89250
1439.368,-41.784,-91.407,←,0.0200,0.00000,1.89250
1440.553,-41.760,-90.958,←,0.0200,0.00000,1.89250
1441.447,-41.752,-94.288,←,0.0200,0.00000,1.89250
1442.539,-41.734,-84.658,→,0.1000,0.00711,1.89960
1443.493,-41.754,-86.293,←,0.1000,0.00547,1.89413
1444.394,-41.752,-86.459,→,0.1000,0.00531,1.89944
1445.488,-41.786,-87.879,→,0.0777,0.00389,1.90332
1446.460,-41.796,-93.290,←,0.0200,0.00000,1.90332
1447.354,-41.807,-92.278,←,0.0200,0.00000,1.90332
1448.314,-41.815,-87.230,←,0.0907,0.00454,1.89879
1449.202,-41.821,-89.910,→,0.0371,0.00000,1.89879
1450.311,-41.853,-87.889,→,0.0775,0.00388,1.90266
1451.390,-41.860,-89.278,←,0.0498,0.00249,1.90018
1452.261,-41.869,-89.192,→,0.0515,0.00257,1.90275
1453.136,-41.869,-92.860,←,0.0200,0.00000,1.90275
1454.023,-41.840,-92.144,←,0.0200,0.00000,1.90275
1455.119,-41.846,-87.507,←,0.0852,0.00426,1.89849
1456.073,-41.822,-85.167,→,0.1000,0.00660,1.90509
1456.963,-41.779,-83.599,←,0.1000,0.00817,1.89692
1457.855,-41.776,-85.203,→,0.1000,0.00656,1.90349
1458.853,-41.749,-92.554,←,0.0200,0.00000,1.90349
1459.832,-41.746,-91.929,←,0.0200,0.00000,1.90349
1460.830,-41.743,-92.003,←,0.0200,0.00000,1.90349
1461.782,-41.760,-84.763,→,0.1000,0.00700,1.91049
1462.872,-41.761,-92.748,←,0.0200,0.00000,1.91049
1463.848,-41.774,-90.797,→,0.0200,0.00000,1.91049
1464.738,-41.787,-88.757,→,0.0602,0.00301,1.91350
1465.827,-41.801,-88.127,←,0.0728,0.00364,1.90986
1466.802,-41.833,-91.454,←,0.0200,0.00000,1.90986
1467.685,-41.852,-90.073,←,0.0338,0.00000,1.90986
1468.781,-41.878,-91.766,→,0.0200,0.00000,1.90986
1469.865,-41.870,-97.302,←,0.0200,0.00000,1.90986
1470.759,-41.892,-87.622,→,0.0829,0.00414,1.91400
1471.839,-41.877,-93.184,←,0.0200,0.00000,1.91400
1472.735,-41.862,-83.204,→,0.1000,0.00856,1.92256
1473.693,-41.836,-84.860,←,0.1000,0.00691,1.91566
1474.574,-41.816,-90.061,←,0.0341,0.00000,1.91566
1475.653,-41.789,-82.464,←,0.1000,0.00930,1.90635
1476.572,-41.766,-86.055,←,0.1000,0.00571,1.90064
1477.523,-41.760,-85.496,→,0.1000,0.00627,1.90691
1478.419,-41.750,-84.853,←,0.1000,0.00691,1.90000
1479.389,-41.746,-86.959,→,0.0961,0.00481,1.90481
1480.508,-41.747,-101.140,←,0.0200,0.00000,1.90481
1481.456,-41.763,-89.521,→,0.0449,0.00224,1.90705
1482.342,-41.781,-94.461,←,0.0200,0.00000,1.90705
1483.207,-41.798,-90.917,←,0.0200,0.00000,1.90705
1484.082,-41.806,-89.214,←,0.0510,0.00255,1.90450
1484.963,-41.802,-89.321,→,0.0489,0.00244,1.90694
1486.107,-41.830,-89.733,←,0.0406,0.00203,1.90491
1487.020,-41.858,-92.748,→,0.0200,0.00000,1.90491
1487.902,-41.869,-88.370,→,0.0679,0.00340,1.90831
1488.786,-41.870,-100.475,←,0.0200,0.00000,1.90831
1489.668,-41.870,-94.647,←,0.0200,0.00000,1.90831
1490.746,-41.857,-96.935,←,0.0200,0.00000,1.90831
1491.627,-41.862,-87.025,←,0.0948,0.00474,1.90357
1492.499,-41.817,-86.425,←,0.1000,0.00534,1.89823
1493.358,-41.807,-90.505,←,0.0252,0.00000,1.89823
1494.255,-41.794,-81.410,←,0.1000,0.01036,1.88787
1495.144,-41.772,-86.933,←,0.0966,0.00483,1.88304
1496.097,-41.775,-84.307,←,0.1000,0.00746,1.87558
1496.978,-41.747,-84.607,→,0.1000,0.00716,1.88274
1497.848,-41.745,-90.074,→,0.0338,0.00000,1.88274
1498.734,-41.753,-87.454,→,0.0862,0.00431,1.88705
1499.614,-41.757,-92.604,←,0.0200,0.00000,1.88705
1500.499,-41.769,-91.602,←,0.0200,0.00000,1.88705
1501.578,-41.783,-90.755,→,0.0202,0.00000,1.88705
1502.454,-41.809,-87.966,→,0.0760,0.00380,1.89085
1503.344,-41.823,-95.405,←,0.0200,0.00000,1.89085
1504.420,-41.825,-87.918,→,0.0769,0.00385,1.89470
1505.299,-41.861,-91.008,←,0.0200,0.00000,1.89470
1506.158,-41.861,-87.909,←,0.0771,0.00386,1.89084
1507.046,-41.875,-94.160,←,0.0200,0.00000,1.89084
1507.917,-41.866,-91.213,←,0.0200,0.00000,1.89084
1508.811,-41.847,-90.151,←,0.0323,0.00000,1.89084
1509.892,-41.834,-95.518,←,0.0200,0.00000,1.89084
1511.132,-41.806,-86.428,→,0.1000,0.00534,1.89618
1512.076,-41.789,-83.204,→,0.1000,0.00856,1.90474
1512.953,-41.767,-91.977,←,0.0200,0.00000,1.90474
1513.842,-41.751,-88.769,←,0.0599,0.00300,1.90175
1514.915,-41.741,-84.511,→,0.1000,0.00725,1.90900
1515.790,-41.755,-89.377,←,0.0478,0.00239,1.90661
1516.669,-41.763,-87.475,←,0.0858,0.00429,1.90232
1517.544,-41.746,-90.568,→,0.0240,0.00000,1.90232
1518.433,-41.767,-94.778,→,0.0200,0.00000,1.90232
1519.505,-41.784,-87.119,→,0.0929,0.00465,1.90697
1520.392,-41.809,-87.883,←,0.0776,0.00388,1.90309
1521.267,-41.823,-88.566,←,0.0640,0.00320,1.89989
1522.145,-41.833,-94.681,←,0.0200,0.00000,1.89989
1523.038,-41.854,-91.702,←,0.0200,0.00000,1.89989
1523.998,-41.864,-95.068,←,0.0200,0.00000,1.89989
1524.885,-41.858,-89.285,←,0.0496,0.00248,1.89741
1525.958,-41.868,-98.199,←,0.0200,0.00000,1.89741
1526.843,-41.849,-85.663,←,0.1000,0.00610,1.89130
1527.716,-41.850,-86.419,←,0.1000,0.00535,1.88596
1528.599,-41.839,-84.250,←,0.1000,0.00752,1.87844
1529.473,-41.815,-94.030,←,0.0200,0.00000,1.87844
1530.344,-41.797,-91.793,←,0.0200,0.00000,1.87844
1531.245,-41.774,-99.935,←,0.0200,0.00000,1.87844
1532.208,-41.755,-85.667,←,0.1000,0.00610,1.87234
1533.083,-41.746,-87.657,←,0.0822,0.00411,1.86823
1533.968,-41.726,-86.623,→,0.1000,0.00514,1.87338
1535.040,-41.764,-86.938,→,0.0965,0.00483,1.87820
1535.908,-41.749,-87.358,→,0.0882,0.00441,1.88261
1536.810,-41.772,-93.253,→,0.0200,0.00000,1.88261
1537.691,-41.798,-90.415,→,0.0270,0.00000,1.88261
1538.649,-41.802,-91.633,←,0.0200,0.00000,1.88261
1539.528,-41.817,-95.434,←,0.0200,0.00000,1.88261
1540.444,-41.824,-87.571,←,0.0839,0.00419,1.87842
1541.391,-41.841,-99.081,←,0.0200,0.00000,1.87842
1542.260,-41.855,-86.875,→,0.0978,0.00489,1.88331
1543.162,-41.843,-92.808,→,0.0200,0.00000,1.88331
1544.115,-41.865,-88.452,←,0.0663,0.00331,1.87999
1544.996,-41.857,-97.922,←,0.0200,0.00000,1.87999
1545.881,-41.837,-92.528,←,0.0200,0.00000,1.87999
1546.763,-41.828,-90.247,←,0.0304,0.00000,1.87999
1547.655,-41.826,-94.768,←,0.0200,0.00000,1.87999
1548.607,-41.799,-98.582,←,0.0200,0.00000,1.87999
1549.503,-41.768,-86.921,→,0.0969,0.00484,1.88484
1550.470,-41.768,-94.960,←,0.0200,0.00000,1.88484
1551.357,-41.742,-88.099,←,0.0733,0.00367,1.88117
1552.437,-41.751,-87.842,←,0.0785,0.00392,1.87725
1553.333,-41.767,-91.834,←,0.0200,0.00000,1.87725
1554.288,-41.773,-87.485,→,0.0856,0.00428,1.88153
1555.168,-41.782,-87.550,←,0.0843,0.00422,1.87731
1556.047,-41.785,-90.530,←,0.0247,0.00000,1.87731
1556.935,-41.792,-92.308,→,0.0200,0.00000,1.87731
1558.024,-41.808,-86.354,→,0.1000,0.00541,1.88273
1558.915,-41.833,-92.164,←,0.0200,0.00000,1.88273
1559.876,-41.824,-93.544,←,0.0200,0.00000,1.88273
1560.765,-41.848,-85.338,→,0.1000,0.00643,1.88915
1561.731,-41.853,-87.350,→,0.0883,0.00442,1.89357
1562.611,-41.862,-88.439,→,0.0665,0.00333,1.89690
1563.493,-41.844,-90.506,→,0.0252,0.00000,1.89690
1564.384,-41.856,-91.718,←,0.0200,0.00000,1.89690
1565.352,-41.828,-86.641,←,0.1000,0.00512,1.89177
1566.437,-41.796,-85.373,←,0.1000,0.00639,1.88538
1567.299,-41.780,-93.321,←,0.0200,0.00000,1.88538
1568.197,-41.757,-86.786,←,0.0996,0.00498,1.88040
1569.273,-41.744,-83.155,→,0.1000,0.00861,1.88901
1570.162,-41.745,-95.319,←,0.0200,0.00000,1.88901
1571.041,-41.744,-85.390,←,0.1000,0.00638,1.88263
1572.130,-41.740,-97.925,→,0.0200,0.00000,1.88263
1573.017,-41.776,-88.479,→,0.0657,0.00329,1.88592
1574.009,-41.776,-89.994,←,0.0354,0.00000,1.88592
1575.066,-41.786,-88.957,←,0.0562,0.00281,1.88311
1575.955,-41.822,-91.997,←,0.0200,0.00000,1.88311
1576.835,-41.815,-88.095,→,0.0734,0.00367,1.88678
1577.705,-41.839,-92.679,→,0.0200,0.00000,1.88678
1578.579,-41.871,-89.118,→,0.0530,0.00265,1.88943
1579.465,-41.867,-91.805,←,0.0200,0.00000,1.88943
1580.547,-41.868,-85.553,←,0.1000,0.00621,1.88322
1581.422,-41.847,-87.646,←,0.0824,0.00412,1.87910
1582.304,-41.843,-94.767,←,0.0200,0.00000,1.87910
1583.193,-41.841,-84.037,→,0.1000,0.00773,1.88683
1584.152,-41.802,-95.145,←,0.0200,0.00000,1.88683
1585.040,-41.777,-86.094,←,0.1000,0.00567,1.88115
1586.251,-41.758,-87.626,←,0.0828,0.00414,1.87702
1587.225,-41.735,-97.534,←,0.0200,0.00000,1.87702
1588.094,-41.745,-89.768,←,0.0400,0.00000,1.87702
1588.971,-41.743,-95.245,←,0.0200,0.00000,1.87702
1589.871,-41.761,-89.822,→,0.0389,0.00000,1.87702
1591.035,-41.750,-91.902,←,0.0200,0.00000,1.87702
1591.954,-41.777,-91.545,←,0.0200,0.00000,1.87702
1592.900,-41.801,-93.698,←,0.0200,0.00000,1.87702
1593.790,-41.819,-88.499,→,0.0653,0.00327,1.88028
1594.684,-41.825,-88.378,←,0.0677,0.00339,1.87689
1595.644,-41.829,-87.969,←,0.0759,0.00380,1.87310
1596.544,-41.834,-88.972,→,0.0559,0.00279,1.87589
1597.500,-41.851,-92.770,→,0.0200,0.00000,1.87589
1598.394,-41.884,-88.567,→,0.0640,0.00320,1.87909
1599.361,-41.870,-97.023,←,0.0200,0.00000,1.87909
1600.221,-41.863,-83.514,→,0.1000,0.00825,1.88734
1601.115,-41.839,-83.764,←,0.1000,0.00800,1.87934
1602.009,-41.814,-93.852,←,0.0200,0.00000,1.87934
1603.101,-41.785,-84.381,→,0.1000,0.00738,1.88672
1604.151,-41.764,-85.387,→,0.1000,0.00638,1.89310
1605.045,-41.751,-84.525,→,0.1000,0.00724,1.90034
1605.935,-41.746,-87.670,→,0.0819,0.00410,1.90444
1606.895,-41.757,-87.641,←,0.0825,0.00412,1.90031
1607.780,-41.745,-86.144,←,0.1000,0.00562,1.89469
1608.673,-41.747,-93.944,←,0.0200,0.00000,1.89469
1609.652,-41.779,-92.162,→,0.0200,0.00000,1.89469
1610.524,-41.791,-90.901,←,0.0200,0.00000,1.89469
1611.404,-41.805,-88.294,→,0.0694,0.00347,1.89816
1612.380,-41.829,-90.530,→,0.0247,0.00000,1.89816
1613.262,-41.824,-89.164,→,0.0520,0.00260,1.90077
1614.341,-41.837,-97.237,←,0.0200,0.00000,1.90077
1615.228,-41.851,-92.136,←,0.0200,0.00000,1.90077
1616.104,-41.870,-91.280,→,0.0200,0.00000,1.90077
1616.986,-41.857,-85.704,←,0.1000,0.00606,1.89470
1617.966,-41.863,-85.090,→,0.1000,0.00668,1.90138
1619.060,-41.845,-92.426,←,0.0200,0.00000,1.90138
1620.144,-41.815,-84.332,→,0.1000,0.00743,1.90881
1621.025,-41.809,-87.173,←,0.0919,0.00459,1.90422
1622.092,-41.779,-87.412,←,0.0871,0.00435,1.89987
1622.980,-41.761,-83.421,→,0.1000,0.00834,1.90821
1623.847,-41.743,-87.270,←,0.0899,0.00449,1.90372
1624.725,-41.736,-83.690,→,0.1000,0.00808,1.91179
1625.604,-41.739,-88.988,←,0.0555,0.00278,1.90901
1626.506,-41.749,-93.640,←,0.0200,0.00000,1.90901
1627.465,-41.774,-90.323,←,0.0288,0.00000,1.90901
1628.358,-41.774,-91.219,←,0.0200,0.00000,1.90901
1629.327,-41.782,-95.655,←,0.0200,0.00000,1.90901
1630.212,-41.802,-89.010,→,0.0551,0.00276,1.91177
1631.285,-41.825,-86.928,→,0.0968,0.00484,1.91661
1632.176,-41.837,-90.872,←,0.0200,0.00000,1.91661
1633.045,-41.864,-90.594,→,0.0234,0.00000,1.91661
1633.920,-41.864,-93.146,←,0.0200,0.00000,1.91661
1634.831,-41.866,-87.555,←,0.0842,0.00421,1.91240
1635.781,-41.857,-95.422,←,0.0200,0.00000,1.91240
1636.649,-41.854,-85.080,←,0.1000,0.00669,1.90571
1637.540,-41.831,-87.416,←,0.0870,0.00435,1.90136
1638.863,-41.817,-84.838,←,0.1000,0.00693,1.89443
1640.062,-41.789,-88.640,→,0.0625,0.00313,1.89756
1641.132,-41.749,-84.242,←,0.1000,0.00752,1.89004
1642.035,-41.745,-88.139,→,0.0725,0.00363,1.89366
1643.000,-41.742,-86.524,→,0.1000,0.00524,1.89890
1643.867,-41.742,-89.057,←,0.0542,0.00271,1.89619
1644.745,-41.748,-89.920,→,0.0369,0.00000,1.89619
1645.630,-41.768,-90.713,→,0.0210,0.00000,1.89619
1646.527,-41.777,-89.089,←,0.0535,0.00268,1.89352
1647.475,-41.795,-89.560,→,0.0441,0.00221,1.89572
1648.349,-41.807,-96.062,←,0.0200,0.00000,1.89572
1649.237,-41.813,-93.624,←,0.0200,0.00000,1.89572
1650.098,-41.826,-90.643,→,0.0225,0.00000,1.89572
1650.980,-41.844,-93.692,←,0.0200,0.00000,1.89572
1651.870,-41.842,-86.211,←,0.1000,0.00555,1.89017
1652.954,-41.852,-92.617,←,0.0200,0.00000,1.89017
1653.823,-41.859,-86.326,←,0.1000,0.00544,1.88473
1654.705,-41.847,-85.571,←,0.1000,0.00619,1.87854
1655.599,-41.844,-90.292,→,0.0295,0.00000,1.87854
1656.562,-41.815,-93.811,←,0.0200,0.00000,1.87854
1657.440,-41.782,-97.680,←,0.0200,0.00000,1.87854
1658.335,-41.783,-88.895,←,0.0574,0.00287,1.87566
1659.294,-41.747,-85.377,←,0.1000,0.00639,1.86928
1660.168,-41.759,-93.488,→,0.0200,0.00000,1.86928
1661.080,-41.742,-85.109,→,0.1000,0.00666,1.87593
1662.019,-41.758,-94.679,←,0.0200,0.00000,1.87593
1662.905,-41.758,-86.335,→,0.1000,0.00543,1.88136
1663.797,-41.780,-92.816,→,0.0200,0.00000,1.88136
1664.766,-41.788,-92.812,←,0.0200,0.00000,1.88136
1665.653,-41.787,-92.752,→,0.0200,0.00000,1.88136
1666.743,-41.796,-88.925,→,0.0568,0.00284,1.88420
1667.638,-41.824,-89.782,→,0.0397,0.00000,1.88420
1668.594,-41.820,-93.499,→,0.0200,0.00000,1.88420
1669.469,-41.844,-90.621,→,0.0229,0.00000,1.88420
1670.360,-41.835,-87.927,→,0.0768,0.00384,1.88804
1671.431,-41.858,-99.628,←,0.0200,0.00000,1.88804
1672.310,-41.854,-85.651,→,0.1000,0.00611,1.89416
1673.193,-41.835,-98.105,←,0.0200,0.00000,1.89416
1674.072,-41.834,-105.969,←,0.0200,0.00000,1.89416
1675.167,-41.798,-92.481,←,0.0200,0.00000,1.89416
1676.051,-41.788,-92.927,←,0.0200,0.00000,1.89416
1677.031,-41.770,-87.075,←,0.0938,0.00469,1.88947
1678.105,-41.768,-84.325,←,0.1000,0.00744,1.88203
1678.982,-41.734,-85.336,→,0.1000,0.00643,1.88845
1679.870,-41.733,-89.951,←,0.0363,0.00000,1.88845
1680.961,-41.751,-101.476,←,0.0200,0.00000,1.88845
1682.049,-41.754,-96.089,←,0.0200,0.00000,1.88845
1682.917,-41.769,-88.746,←,0.0604,0.00302,1.88544
1683.788,-41.800,-91.574,→,0.0200,0.00000,1.88544
1684.668,-41.794,-90.842,→,0.0200,0.00000,1.88544
1685.553,-41.815,-95.982,←,0.0200,0.00000,1.88544
1686.442,-41.838,-89.648,→,0.0424,0.00212,1.88755
1687.400,-41.840,-88.146,→,0.0724,0.00362,1.89117
1688.285,-41.843,-86.823,←,0.0988,0.00494,1.88623
1689.163,-41.854,-90.479,←,0.0257,0.00000,1.88623
1690.041,-41.868,-83.933,←,0.1000,0.00783,1.87840
1690.917,-41.860,-95.138,←,0.0200,0.00000,1.87840
1691.803,-41.847,-88.342,→,0.0685,0.00342,1.88182
1692.760,-41.808,-93.080,→,0.0200,0.00000,1.88182
1693.627,-41.799,-85.836,←,0.1000,0.00593,1.87589
1694.515,-41.788,-84.191,←,0.1000,0.00757,1.86832
1695.393,-41.764,-85.437,←,0.1000,0.00633,1.86199
1696.260,-41.753,-82.704,→,0.1000,0.00906,1.87105
1697.168,-41.746,-88.898,←,0.0573,0.00287,1.86818
1698.118,-41.751,-88.643,→,0.0625,0.00312,1.87131
1699.002,-41.758,-86.827,→,0.0988,0.00494,1.87625
1699.881,-41.739,-89.247,→,0.0504,0.00252,1.87876
1700.756,-41.763,-87.712,→,0.0811,0.00405,1.88282
1701.639,-41.780,-90.745,→,0.0204,0.00000,1.88282
1702.627,-41.800,-92.914,→,0.0200,0.00000,1.88282
1703.583,-41.801,-86.280,→,0.1000,0.00549,1.88830
1704.461,-41.819,-100.071,←,0.0200,0.00000,1.88830
1705.337,-41.837,-92.090,→,0.0200,0.00000,1.88830
1706.215,-41.856,-94.701,←,0.0200,0.00000,1.88830
1707.095,-41.866,-94.637,←,0.0200,0.00000,1.88830
1707.971,-41.881,-86.426,←,0.1000,0.00534,1.88296
1708.870,-41.860,-87.445,←,0.0864,0.00432,1.87864
1709.928,-41.845,-93.617,←,0.0200,0.00000,1.87864
1710.808,-41.826,-84.182,←,0.1000,0.00758,1.87106
1711.687,-41.809,-88.996,←,0.0554,0.00277,1.86829
1712.547,-41.794,-83.922,←,0.1000,0.00784,1.86045
1713.429,-41.772,-85.501,←,0.1000,0.00626,1.85418
1714.319,-41.748,-93.183,←,0.0200,0.00000,1.85418
1715.188,-41.749,-94.270,←,0.0200,0.00000,1.85418
1716.054,-41.752,-86.167,←,0.1000,0.00560,1.84858
1716.941,-41.746,-96.083,←,0.0200,0.00000,1.84858
1717.827,-41.756,-91.399,←,0.0200,0.00000,1.84858
1718.793,-41.755,-102.949,←,0.0200,0.00000,1.84858
1719.657,-41.789,-90.369,←,0.0279,0.00000,1.84858
1720.547,-41.797,-92.122,←,0.0200,0.00000,1.84858
1721.430,-41.803,-89.162,←,0.0521,0.00260,1.84598
1722.302,-41.833,-95.698,←,0.0200,0.00000,1.84598
1723.195,-41.839,-90.313,←,0.0291,0.00000,1.84598
1724.147,-41.862,-100.932,←,0.0200,0.00000,1.84598
1725.025,-41.857,-87.448,→,0.0863,0.00432,1.85030
1725.902,-41.868,-85.744,→,0.1000,0.00602,1.85632
1726.811,-41.882,-87.359,→,0.0881,0.00441,1.86072
1727.764,-41.844,-84.890,←,0.1000,0.00688,1.85385
1728.637,-41.830,-85.190,←,0.1000,0.00658,1.84727
1729.512,-41.802,-85.806,←,0.1000,0.00596,1.84131
1730.385,-41.795,-102.502,←,0.0200,0.00000,1.84131
1731.270,-41.789,-83.629,→,0.1000,0.00814,1.84945
1732.155,-41.766,-85.239,←,0.1000,0.00653,1.84292
1733.337,-41.751,-85.088,→,0.1000,0.00668,1.84960
1734.195,-41.739,-93.249,→,0.0200,0.00000,1.84960
1735.085,-41.732,-88.805,←,0.0592,0.00296,1.84664
1735.951,-41.754,-87.994,→,0.0754,0.00377,1.85041
1736.842,-41.766,-92.441,←,0.0200,0.00000,1.85041
1737.736,-41.770,-91.160,←,0.0200,0.00000,1.85041
1738.805,-41.789,-88.917,←,0.0570,0.00285,1.84756
1739.675,-41.821,-90.101,→,0.0333,0.00000,1.84756
1740.562,-41.829,-91.087,←,0.0200,0.00000,1.84756
1741.445,-41.819,-93.199,←,0.0200,0.00000,1.84756
1742.532,-41.845,-97.423,←,0.0200,0.00000,1.84756
1743.416,-41.847,-85.854,→,0.1000,0.00591,1.85348
1744.273,-41.858,-92.065,←,0.0200,0.00000,1.85348
1745.157,-41.851,-91.992,→,0.0200,0.00000,1.85348
1746.034,-41.849,-84.739,←,0.1000,0.00703,1.84645
1746.906,-41.841,-83.992,→,0.1000,0.00777,1.85422
1747.783,-41.811,-86.546,←,0.1000,0.00522,1.84900
1748.660,-41.784,-86.087,←,0.1000,0.00568,1.84332
1749.534,-41.782,-90.356,←,0.0282,0.00000,1.84332
1750.725,-41.749,-86.296,←,0.1000,0.00547,1.83786
1751.603,-41.753,-85.181,→,0.1000,0.00658,1.84444
1752.496,-41.750,-93.169,→,0.0200,0.00000,1.84444
1753.695,-41.751,-106.762,←,0.0200,0.00000,1.84444
1754.556,-41.748,-92.513,←,0.0200,0.00000,1.84444
1755.420,-41.768,-92.913,←,0.0200,0.00000,1.84444
1756.314,-41.780,-92.395,←,0.0200,0.00000,1.84444
1757.198,-41.788,-94.431,←,0.0200,0.00000,1.84444
1758.065,-41.808,-91.192,→,0.0200,0.00000,1.84444
1758.948,-41.821,-95.578,←,0.0200,0.00000,1.84444
1760.228,-41.827,-99.882,←,0.0200,0.00000,1.84444
1761.113,-41.836,-93.180,←,0.0200,0.00000,1.84444
1762.012,-41.849,-86.528,→,0.1000,0.00524,1.84968
1763.088,-41.850,-87.722,→,0.0809,0.00404,1.85372
1763.948,-41.848,-87.964,←,0.0760,0.00380,1.84992
1764.841,-41.821,-91.591,←,0.0200,0.00000,1.84992
1765.723,-41.808,-86.918,→,0.0970,0.00485,1.85477
1766.600,-41.787,-83.955,→,0.1000,0.00781,1.86258
1767.484,-41.792,-95.483,←,0.0200,0.00000,1.86258
1768.458,-41.787,-93.336,←,0.0200,0.00000,1.86258
1769.330,-41.750,-85.683,←,0.1000,0.00608,1.85650
1770.190,-41.760,-87.839,→,0.0785,0.00393,1.86042
1771.074,-41.741,-88.017,→,0.0750,0.00375,1.86417
1771.975,-41.752,-85.373,→,0.1000,0.00639,1.87056
1773.052,-41.763,-93.471,←,0.0200,0.00000,1.87056
1773.927,-41.780,-91.151,←,0.0200,0.00000,1.87056
1774.796,-41.781,-91.923,←,0.0200,0.00000,1.87056
1775.675,-41.793,-90.937,←,0.0200,0.00000,1.87056
1776.533,-41.816,-93.880,←,0.0200,0.00000,1.87056
1777.409,-41.833,-89.875,←,0.0378,0.00000,1.87056
1778.291,-41.831,-94.977,←,0.0200,0.00000,1.87056
1779.158,-41.858,-89.074,→,0.0538,0.00269,1.87325
1780.060,-41.864,-88.676,←,0.0618,0.00309,1.87016
1781.244,-41.854,-84.844,→,0.1000,0.00692,1.87709
1782.114,-41.854,-87.744,←,0.0804,0.00402,1.87307
1783.002,-41.830,-84.121,←,0.1000,0.00764,1.86542
1783.880,-41.823,-83.487,←,0.1000,0.00828,1.85714
1784.764,-41.803,-98.534,←,0.0200,0.00000,1.85714
1785.713,-41.778,-84.494,→,0.1000,0.00727,1.86441
1786.611,-41.780,-91.424,←,0.0200,0.00000,1.86441
1787.481,-41.762,-84.816,←,0.1000,0.00695,1.85747
1788.369,-41.746,-91.114,→,0.0200,0.00000,1.85747
1789.544,-41.733,-89.683,→,0.0417,0.00208,1.85955
1790.425,-41.742,-88.759,→,0.0601,0.00301,1.86255
1791.319,-41.755,-98.452,←,0.0200,0.00000,1.86255
1792.202,-41.776,-87.108,→,0.0931,0.00466,1.86721
1793.166,-41.789,-91.913,←,0.0200,0.00000,1.86721
1794.039,-41.801,-90.836,→,0.0200,0.00000,1.86721
1794.919,-41.811,-87.772,→,0.0799,0.00399,1.87121
1795.795,-41.817,-87.301,→,0.0893,0.00446,1.87567
1796.685,-41.832,-89.138,→,0.0526,0.00263,1.87830
1797.645,-41.857,-92.195,←,0.0200,0.00000,1.87830
1798.529,-41.848,-97.027,←,0.0200,0.00000,1.87830
1799.409,-41.864,-89.692,←,0.0415,0.00207,1.87622
1800.269,-41.846,-96.451,←,0.0200,0.00000,1.87622
1801.161,-41.852,-88.432,←,0.0667,0.00333,1.87289
1802.035,-41.829,-89.822,←,0.0389,0.00000,1.87289
1803.224,-41.805,-99.130,←,0.0200,0.00000,1.87289
1804.108,-41.801,-104.696,←,0.0200,0.00000,1.87289
1804.978,-41.766,-92.484,←,0.0200,0.00000,1.87289
1805.845,-41.766,-89.080,→,0.0537,0.00269,1.87558
1806.721,-41.756,-83.656,←,0.1000,0.00811,1.86747
1807.606,-41.737,-96.550,←,0.0200,0.00000,1.86747
1808.491,-41.751,-83.737,→,0.1000,0.00803,1.87550
1809.339,-41.752,-87.896,←,0.0774,0.00387,1.87163
1810.246,-41.780,-89.015,→,0.0550,0.00275,1.87438
1811.429,-41.781,-89.709,→,0.0411,0.00206,1.87643
1812.330,-41.796,-93.880,←,0.0200,0.00000,1.87643
1813.398,-41.811,-89.144,→,0.0524,0.00262,1.87905
1814.278,-41.836,-95.599,←,0.0200,0.00000,1.87905
1815.143,-41.845,-87.237,→,0.0906,0.00453,1.88358
1816.026,-41.862,-91.806,←,0.0200,0.00000,1.88358
1816.909,-41.855,-89.464,←,0.0460,0.00230,1.88128
1817.781,-41.846,-85.510,←,0.1000,0.00626,1.87502
1818.670,-41.846,-89.749,←,0.0403,0.00202,1.87301
1819.750,-41.870,-84.596,→,0.1000,0.00717,1.88018
1820.625,-41.844,-88.851,←,0.0583,0.00291,1.87726
1821.492,-41.815,-92.032,←,0.0200,0.00000,1.87726
1822.365,-41.800,-88.350,→,0.0683,0.00342,1.88068
1823.244,-41.780,-83.872,←,0.1000,0.00789,1.87278
1824.098,-41.782,-83.619,←,0.1000,0.00815,1.86464
1824.997,-41.753,-85.661,→,0.1000,0.00610,1.87074
1825.902,-41.757,-86.514,←,0.1000,0.00525,1.86549
1826.855,-41.755,-94.056,→,0.0200,0.00000,1.86549
1827.749,-41.757,-87.791,→,0.0795,0.00397,1.86946
1828.704,-41.761,-88.598,→,0.0633,0.00317,1.87263
1829.602,-41.779,-91.058,←,0.0200,0.00000,1.87263
1830.675,-41.796,-90.011,←,0.0351,0.00000,1.87263
1831.571,-41.824,-97.870,←,0.0200,0.00000,1.87263
1832.462,-41.834,-87.630,→,0.0827,0.00414,1.87677
1833.525,-41.856,-88.813,→,0.0591,0.00295,1.87972
1834.417,-41.858,-92.000,←,0.0200,0.00000,1.87972
1835.487,-41.870,-95.659,←,0.0200,0.00000,1.87972
1836.369,-41.887,-87.682,→,0.0817,0.00408,1.88380
1837.252,-41.845,-91.421,←,0.0200,0.00000,1.88380
1838.106,-41.833,-84.679,←,0.1000,0.00709,1.87672
1839.007,-41.831,-84.257,←,0.1000,0.00751,1.86921
1839.875,-41.807,-84.096,←,0.1000,0.00767,1.86154
1840.760,-41.799,-85.563,←,0.1000,0.00620,1.85534
1841.630,-41.781,-87.797,←,0.0794,0.00397,1.85137
1842.500,-41.762,-85.834,←,0.1000,0.00593,1.84544
1843.366,-41.754,-85.123,→,0.1000,0.00664,1.85208
1844.241,-41.758,-86.207,→,0.1000,0.00556,1.85764
1845.118,-41.756,-88.081,→,0.0737,0.00368,1.86132
1845.995,-41.757,-87.326,→,0.0888,0.00444,1.86576
1846.882,-41.769,-87.828,←,0.0788,0.00394,1.86182
1847.752,-41.796,-92.828,←,0.0200,0.00000,1.86182
1848.627,-41.804,-89.193,←,0.0515,0.00257,1.85925
1849.505,-41.809,-94.114,←,0.0200,0.00000,1.85925
1850.381,-41.824,-92.229,←,0.0200,0.00000,1.85925
1851.269,-41.854,-86.223,→,0.1000,0.00554,1.86479
1852.426,-41.856,-89.009,→,0.0551,0.00276,1.86755
1853.328,-41.879,-102.474,←,0.0200,0.00000,1.86755
1854.202,-41.880,-87.654,←,0.0822,0.00411,1.86344
1855.103,-41.861,-92.890,←,0.0200,0.00000,1.86344
1856.178,-41.834,-96.569,←,0.0200,0.00000,1.86344
1857.250,-41.821,-84.366,←,0.1000,0.00740,1.85604
1858.134,-41.818,-95.682,←,0.0200,0.00000,1.85604
1859.010,-41.778,-87.206,←,0.0912,0.00456,1.85148
1859.891,-41.778,-89.894,←,0.0374,0.00000,1.85148
1860.773,-41.770,-89.225,→,0.0508,0.00254,1.85402
1861.642,-41.759,-99.611,←,0.0200,0.00000,1.85402
1862.545,-41.755,-93.101,→,0.0200,0.00000,1.85402
1863.506,-41.747,-88.375,→,0.0678,0.00339,1.85741
1864.385,-41.765,-90.537,←,0.0246,0.00000,1.85741
1865.259,-41.773,-92.577,←,0.0200,0.00000,1.85741
1866.342,-41.784,-90.959,→,0.0200,0.00000,1.85741
1867.229,-41.804,-96.339,←,0.0200,0.00000,1.85741
1868.319,-41.813,-87.723,←,0.0808,0.00404,1.85337
1869.194,-41.848,-90.541,→,0.0245,0.00000,1.85337
1870.094,-41.859,-85.763,→,0.1000,0.00600,1.85937
1871.040,-41.867,-98.065,←,0.0200,0.00000,1.85937
1871.933,-41.867,-87.710,←,0.0811,0.00406,1.85531
1872.801,-41.865,-84.544,→,0.1000,0.00722,1.86254
1873.679,-41.839,-100.467,←,0.0200,0.00000,1.86254
1874.575,-41.839,-85.266,←,0.1000,0.00650,1.85604
1875.867,-41.814,-90.463,←,0.0261,0.00000,1.85604
1876.741,-41.813,-102.287,←,0.0200,0.00000,1.85604
1877.631,-41.790,-84.990,→,0.1000,0.00678,1.86281
1878.527,-41.769,-86.826,←,0.0988,0.00494,1.85787
1879.500,-41.766,-86.374,←,0.1000,0.00539,1.85248
1880.578,-41.739,-84.787,→,0.1000,0.00698,1.85946
1881.452,-41.758,-101.604,←,0.0200,0.00000,1.85946
1882.338,-41.760,-86.034,←,0.1000,0.00573,1.85373
1883.223,-41.755,-93.646,←,0.0200,0.00000,1.85373
1884.301,-41.791,-90.385,→,0.0276,0.00000,1.85373
1885.178,-41.788,-90.792,←,0.0200,0.00000,1.85373
1886.047,-41.816,-92.607,←,0.0200,0.00000,1.85373
1886.946,-41.829,-91.465,←,0.0200,0.00000,1.85373
1888.028,-41.836,-100.389,←,0.0200,0.00000,1.85373
1888.917,-41.859,-87.034,→,0.0946,0.00473,1.85846
1889.989,-41.850,-99.798,←,0.0200,0.00000,1.85846
1890.868,-41.866,-97.901,←,0.0200,0.00000,1.85846
1891.739,-41.851,-86.994,→,0.0954,0.00477,1.86323
1892.614,-41.834,-84.486,←,0.1000,0.00728,1.85595
1893.489,-41.833,-86.035,←,0.1000,0.00573,1.85022
1894.365,-41.816,-91.282,→,0.0200,0.00000,1.85022
1895.257,-41.799,-95.872,←,0.0200,0.00000,1.85022
1896.124,-41.781,-83.733,→,0.1000,0.00803,1.85825
1897.010,-41.766,-88.041,←,0.0745,0.00372,1.85453
1897.900,-41.750,-91.687,←,0.0200,0.00000,1.85453
1898.847,-41.738,-98.143,←,0.0200,0.00000,1.85453
1899.735,-41.763,-102.648,←,0.0200,0.00000,1.85453
1900.618,-41.752,-86.521,→,0.1000,0.00524,1.85977
1901.502,-41.762,-89.464,→,0.0460,0.00230,1.86208
1902.363,-41.788,-89.736,←,0.0406,0.00203,1.86005
1903.249,-41.796,-90.707,→,0.0212,0.00000,1.86005
1904.132,-41.820,-91.403,→,0.0200,0.00000,1.86005
1905.218,-41.824,-91.328,←,0.0200,0.00000,1.86005
1906.081,-41.843,-87.092,→,0.0935,0.00467,1.86472
1906.966,-41.854,-96.450,←,0.0200,0.00000,1.86472
1907.859,-41.854,-91.697,→,0.0200,0.00000,1.86472
1908.935,-41.855,-86.044,→,0.1000,0.00572,1.87044
1909.819,-41.854,-86.996,→,0.0954,0.00477,1.87521
1910.778,-41.849,-89.080,←,0.0537,0.00268,1.87253
1911.663,-41.850,-95.966,←,0.0200,0.00000,1.87253
1912.553,-41.826,-87.291,→,0.0895,0.00447,1.87700
1913.427,-41.805,-84.633,←,0.1000,0.00713,1.86987
1914.499,-41.782,-90.098,←,0.0333,0.00000,1.86987
1915.386,-41.752,-85.151,←,0.1000,0.00661,1.86325
1916.269,-41.767,-99.312,←,0.0200,0.00000,1.86325
1917.148,-41.763,-83.976,→,0.1000,0.00779,1.87104
1918.218,-41.779,-96.790,←,0.0200,0.00000,1.87104
1919.097,-41.763,-85.257,→,0.1000,0.00651,1.87755
1919.966,-41.781,-89.613,→,0.0430,0.00215,1.87970
1920.842,-41.789,-89.711,→,0.0411,0.00205,1.88176
1921.741,-41.810,-92.099,→,0.0200,0.00000,1.88176
1922.599,-41.836,-89.213,→,0.0510,0.00255,1.88431
1923.501,-41.838,-90.339,→,0.0285,0.00000,1.88431
1924.571,-41.868,-92.362,→,0.0200,0.00000,1.88431
1925.431,-41.854,-87.724,←,0.0808,0.00404,1.88027
1926.320,-41.875,-99.969,←,0.0200,0.00000,1.88027
1927.217,-41.888,-88.269,←,0.0699,0.00350,1.87677
1928.185,-41.867,-92.601,←,0.0200,0.00000,1.87677
1929.060,-41.870,-89.486,←,0.0456,0.00228,1.87449
1929.931,-41.850,-87.502,→,0.0853,0.00426,1.87876
1930.822,-41.834,-85.995,←,0.1000,0.00577,1.87299
1932.003,-41.799,-84.586,→,0.1000,0.00718,1.88017
1932.869,-41.772,-85.237,→,0.1000,0.00653,1.88669
1933.769,-41.763,-85.118,←,0.1000,0.00665,1.88005
1934.648,-41.744,-85.826,←,0.1000,0.00594,1.87411
1935.511,-41.740,-90.011,←,0.0351,0.00000,1.87411
1936.396,-41.755,-83.930,→,0.1000,0.00784,1.88194
1937.251,-41.763,-90.380,→,0.0277,0.00000,1.88194
1938.134,-41.775,-100.596,←,0.0200,0.00000,1.88194
1939.013,-41.795,-92.177,→,0.0200,0.00000,1.88194
1939.890,-41.811,-89.476,→,0.0458,0.00229,1.88423
1940.740,-41.809,-97.639,←,0.0200,0.00000,1.88423
1941.615,-41.827,-86.185,←,0.1000,0.00558,1.87865
1942.489,-41.841,-92.773,→,0.0200,0.00000,1.87865
1943.367,-41.871,-92.261,→,0.0200,0.00000,1.87865
1944.239,-41.879,-87.505,←,0.0852,0.00426,1.87439
1945.107,-41.886,-88.782,←,0.0597,0.00298,1.87141
1945.993,-41.879,-92.633,←,0.0200,0.00000,1.87141
